feedback_id,created_at,channel,account_id,rating,text
LZ-00013,2026-01-05 08:58:44,app_store,U-01602,4.0,Apple Pay'e eklenebilse telefonu açmadan ödeme yapardım. Yol haritanızda var mı?
LZ-00011,2026-01-05 10:21:01,support_ticket,U-01155,,"Selam, Her gün öğle yemeğinde kullanıyorum. Akıllı saatle ödeme yapabilmek harika oludru. Teşekkürler. Saygılarımla, Ece"
LZ-00012,2026-01-05 10:32:30,app_store,U-01009,3.0,Google Pay entegrasyonu olsa çok pratik olur.
LZ-00014,2026-01-05 10:37:57,app_store,U-00122,5.0,Yemek kartı uygulamaları arasında en iyisi. Başarılar!
LZ-00001,2026-01-05 11:14:16,app_store,U-01210,3.0,"Temassiz odeme bazen geciyor bazen gecmiyor, guvenemiyorum. Donusunuzu bekliyorum."
LZ-00015,2026-01-05 12:31:16,app_store,U-01195,5.0,"Lezzo odeme saniyeler icinde bitiyor, cok memnunum."
LZ-00003,2026-01-05 13:46:28,support_ticket,U-00719,,"İyi günler, E-posta adresim zeynep.a@example.com. Bu ay bakiyem geç yüklendi, iki gün yemek kartsız kaldım. Saygılarımla, Emre"
LZ-00002,2026-01-05 14:52:21,app_store,U-01716,2.0,Bakiye yuklendi bildirimi geldi ama uygulamada eski bakiye duruyor. Rezalet.
LZ-00007,2026-01-05 16:04:22,support_ticket,U-00090,,"Selam, Telefon numaram 0500 000 89 01, beni arayabilirsiniz. Evimin ve iş yerimin yakınında kartın geçtiği restoran yok. Teşekkürler. Teşekkürler, Ece"
LZ-00006,2026-01-05 17:04:28,app_store,U-01649,3.0,Lezzo kahve zincirlerinde de gecerli olsa harika olur. Yol haritanizda var mi?
LZ-00009,2026-01-05 19:02:20,survey,U-02088,4.0,"Uygulama surekli donuyor, kapatip acmam gerekiyor. Ayrica her acilista tekrar tekrar SMS kodu istiyor."
LZ-00010,2026-01-05 21:03:31,app_store,U-00943,4.0,"Gece kullanirken beyaz ekran goz yoruyor, karanlik tema lutfen. Degerlendirirseniz sevinirim."
LZ-00004,2026-01-05 22:11:59,app_store,U-02030,2.0,Maas gunu geldi ama yemek bakiyem hala yuklenmedi. Ayrica Oppo telefonumda acilista cokuyor.
LZ-00008,2026-01-05 22:17:41,app_store,U-02014,4.0,yemek siparisi uygulamalarinda da kullanilabilse harika olur. degerlendirirseniz sevinirim.
LZ-00005,2026-01-05 22:29:32,app_store,U-01042,3.0,Restoran ağı genişlerse kartı çok daha fazla kullanırım.
LZ-00028,2026-01-06 09:07:37,survey,U-02116,5.0,Akilli saalte odeme yapabilmek harika olurdu.
LZ-00029,2026-01-06 09:30:19,support_ticket,U-00486,,"Telefon numaram 0500 000 89 01, beni arayabilirsiniz. İptal edilen sipraişin iadesi hala bakiyeme yansımadı. Rezalet. - Deniz"
LZ-00017,2026-01-06 09:37:22,support_ticket,U-01088,,"İyi günler, Sevdiğim kafeler anlaşmalı değil, lütfen daha fazla restoran ekleyin. Teşekkürler. İyi çalışmalar, Ece"
LZ-00026,2026-01-06 11:31:24,support_ticket,U-01519,,"Selam, Karanlık mod seçeneği yok mu? Değerlendirirseniz sevinirim. İyi çalışmalar, Ece"
LZ-00024,2026-01-06 12:04:24,app_store,U-02384,1.0,"Uygulama cok yavas aciliyor, kasada sirayi bekletiyorum. Lutfen acilen cozun."
LZ-00020,2026-01-06 14:36:49,survey,U-01697,5.0,"Anlaşmalı restoran sayısı çok az, Ataşehir tarafında neredeyse hiç yer yok. Ayrıca restoran ödemeyi iptal etti ama para geri gelmedi."
LZ-00023,2026-01-06 15:38:02,support_ticket,U-01226,,"Yalkaşık 18 aydır kullanıcınızım. Ana sayfanın yüklenmesi yarım dakika sürüyor. Lütfen acilen çözün. Saygılarımla, Mert"
LZ-00018,2026-01-06 16:46:15,survey,U-00933,8.0,Restoran ağı genişlerse kartı çok daha fazla kullanırım.
LZ-00021,2026-01-06 16:58:33,app_store,U-01045,4.0,Market alisverisinde de kullanilabilse cok iyi olur. Tesekkurler.
LZ-00030,2026-01-06 17:31:50,support_ticket,U-00465,,İptal edilen siparişin iadesi hala bakiymee yansımadı. Rezalet. - Ece
LZ-00019,2026-01-06 17:35:17,app_store,U-02313,3.0,Market alisverisinde de kullanilabilse cok iyi olur.
LZ-00027,2026-01-06 21:02:48,survey,U-01441,7.0,Apple Pay'e eklenebilse telefonu açmadan ödeme yapardım.
LZ-00016,2026-01-06 21:19:26,app_store,U-02291,2.0,"Kamera QR kodu okumuyor, sürekli odaklanmaya çalışıyor. Lütfen acilen çözün."
LZ-00025,2026-01-06 22:46:24,app_store,U-01603,2.0,Haritada restoranlar yanlis konumda gosteriliyor. Cok sinir bozucu.
LZ-00022,2026-01-06 22:59:51,app_store,U-02378,2.0,oppo telefonumda açılışta çöküyor. dönüşünüzü bekliyorum.
LZ-00039,2026-01-07 08:46:49,app_store,U-00069,1.0,Ana sayfanın yüklenmesi yarım dakika sürüyor.
LZ-00042,2026-01-07 09:12:24,support_ticket,U-02297,,Şirketimiz geçen ay bu karta geçti. Canlı destek hiç cevap verimyor. Rezalet. - Can
LZ-00041,2026-01-07 09:26:26,app_store,U-00641,4.0,Kartı telefonun cüzdan uygulamasına eklemek istiyorum. Teşekkürler.
LZ-00034,2026-01-07 10:14:38,support_ticket,U-02397,,"Merhabalar, Anlaşmalı restoran sayısı çok az, Kadıköy tarafında neredeyse hiç yer yok. - Mert"
LZ-00033,2026-01-07 10:18:34,survey,U-01103,5.0,Market alışverişinde de kullanılabilse çok iyi olur.
LZ-00035,2026-01-07 11:06:50,app_store,U-01173,4.0,"Sevdigim kafeler anlasmali degil, lutfen daha fazla restoran ekleyin. Tesekkurler."
LZ-00043,2026-01-07 11:35:52,app_store,U-02309,1.0,"Sikayet yazdim, uc gundur donus yapilmadi. Donusunuzu bekliyorum."
LZ-00036,2026-01-07 16:57:58,app_store,U-01566,3.0,Evimin ve is yerimin yakininda kartin gectigi restoran yok. Tesekkurler.
LZ-00037,2026-01-07 17:51:08,app_store,U-02188,4.0,Yemek siparişi uygulamalarında da kullanılabilse harika olur. Ayrıca sistem temasına uyan bir koyu tema eklenmeli. Değerlendirirseniz sevinirim.
LZ-00038,2026-01-07 18:30:35,app_store,U-01944,2.0,Lezzo ana sayfanın yüklenmesi yarım dakika sürüyor. Rezalet.
LZ-00031,2026-01-07 18:57:22,support_ticket,U-01130,,"Selam, Yaklaşık 8 aydır kullanıcınızım. Yüklenen tutar eksik görünüyor, 400 TL eksik."
LZ-00045,2026-01-07 19:12:19,support_ticket,U-00350,,"Selam, Telefon numaram 0500 000 45 67, beni arayabilirsiniz. Restoran ödemeyi iptal etti ama para geri gelmedi. Saygılarımla, Mert"
LZ-00040,2026-01-07 19:17:36,app_store,U-01245,1.0,"Yakınımdaki restoranları listelemiyor, konumumu bulamıyor."
LZ-00032,2026-01-07 19:42:05,app_store,U-01932,4.0,Market alışverişinde de kullanılabilse çok iyi olur.
LZ-00046,2026-01-07 20:49:11,app_store,U-02473,5.0,"Lezzo kart taşımaktan kurtuldum, harika bir uygulama."
LZ-00044,2026-01-07 21:40:43,app_store,U-00178,2.0,"Lezzo i̇ade sureci cok uzun, bir haftadir bekliyorum. Donusunuzu bekliyorum."
LZ-00047,2026-01-08 11:29:53,support_ticket,U-00991,,"Merhaba, QR ile ödeme son güncellemeden sonra çalışmıyor, kasada rzeil oldum. İyi çalışmalar, Can"
LZ-00051,2026-01-08 13:10:44,support_ticket,U-02263,,"Telefon numaram 0500 000 12 34, beni arayabilirsiniz. Evimin ve iş yerimin yakınında kartın geçtiği restoran yok. - Emre"
LZ-00057,2026-01-08 13:12:46,survey,U-00549,0.0,Bakiyenin son klulanma tarihi oldugunu kimse soylemedi.
LZ-00053,2026-01-08 15:48:29,survey,U-00164,6.0,"Sevdiğim kafeler anlaşmalı değil, lütfen daha fazla restoran ekleyin."
LZ-00056,2026-01-08 16:22:57,app_store,U-01604,2.0,Huawei telefonumda açılışta çöküyor.
LZ-00049,2026-01-08 16:32:24,support_ticket,U-01884,,"Selam, Sevdiğim kafeler anlaşmalı değil, lütfen daha fazla restoran ekleyin. Teşekkürler. İyi çalışmalar, Ceren"
LZ-00054,2026-01-08 19:39:59,survey,U-00486,0.0,"Uygulama çok yavaş açılıyor, kasada sırayı bekletiyorum."
LZ-00050,2026-01-08 20:14:14,survey,U-01020,5.0,Yemek siparişi uygulamalarında da kullanılabilse harika olur.
LZ-00055,2026-01-08 21:12:24,support_ticket,U-00722,,"Selam, Yaklaşık 12 aydır kullanıcınızım. Ana sayfanın yüklenmesi yarım dakika sürüyor. Ayrıca restoranların çalışma saatleri yanlış yazıyor. İyi çalışmalar, Can"
LZ-00048,2026-01-08 21:52:50,app_store,U-01139,3.0,Lezzo restoran ağı genişlerse kartı çok daha fazla kullanırım. Yol haritanızda var mı?
LZ-00052,2026-01-08 22:47:18,app_store,U-00979,3.0,"yemek siparişi uygulamalarında da kullanılabilse harika olur. ayrıca telefonu pos cihazına yaklaştırıyorum, ödeme ekranı açılmıyor."
LZ-00063,2026-01-09 08:12:52,app_store,U-01736,3.0,"uygulama surekli donuyor, kapatip acmam gerekiyor. cok sinir bozucu."
LZ-00067,2026-01-09 09:45:01,support_ticket,U-00431,,"Merhaba, Telefon numaram 0500 000 12 34, beni arayabilirsiniz. Google Pay entegrasyonu olsa çok pratik olur. Yol haritanızda var mı? Teşekkürler, Zeynep"
LZ-00069,2026-01-09 10:32:40,app_store,U-00970,5.0,"Ödeme saniyeler içinde bitiyor, çok memnunum. Ayrıca uygulamada destek talebi oluşturma seçeneği bulamadım. Emeği geçenlere teşekkürler!"
LZ-00059,2026-01-09 11:44:19,support_ticket,U-00808,,"Merhabalar, Her gün öğle yemeğinde kullanıyorum. Kasada QR okutuyorum ama ödeme bir türlü geçmiyor. Lütfen acilen çözün. - Selin"
LZ-00061,2026-01-09 12:26:43,app_store,U-01967,3.0,Lezzo yemek siparişi uygulamalarında da kullanılabilse harika olur. Teşekkürler.
LZ-00065,2026-01-09 13:30:14,app_store,U-00338,1.0,Restoran ararken filtreler çalışmıyor. Dönüşünüzü bekliyorum.
LZ-00068,2026-01-09 14:01:34,survey,U-01187,4.0,Kalan bakiyemi bir is arakdasima transfer edemiyorum.
LZ-00062,2026-01-09 14:52:39,app_store,U-02406,1.0,Her açılışta tekrar tekrar SMS kodu istiyor. Mağdur durumdayım.
LZ-00060,2026-01-09 15:18:50,app_store,U-01407,3.0,sirketim yukleme yaptigini soyluyor ama bakiyem sifir gorunuyor.
LZ-00058,2026-01-09 16:22:52,app_store,U-01443,1.0,Lezzo QR okuttuktan sonra uygulama beyaz ekranda kalıyor. Lütfen acilen çözün.
LZ-00070,2026-01-09 19:51:52,app_store,U-02303,5.0,Yemek karti uygulamalari arasinda en iyisi. 5 yildizi hak ediyor.
LZ-00064,2026-01-09 21:25:10,app_store,U-01065,1.0,Restoran ararken filtreler çalışmıyor. Dönüşünüzü bekliyorum.
LZ-00066,2026-01-09 22:18:22,app_store,U-00131,4.0,Google Pay entegrasyonu olsa cok pratik olur. Tesekkurler.
LZ-00071,2026-01-09 22:24:17,app_store,U-01513,5.0,Kullanımı çok basit ve hızlı. 5 yıldızı hak ediyor.
LZ-00083,2026-01-10 09:17:22,survey,U-00352,10.0,Yemek kartı uygulamaları arasında en iyisi.
LZ-00074,2026-01-10 10:52:09,support_ticket,U-02135,,"Merhabalar, Yaklaşık 3 aydır kullanıcınızım. Temassız ödeme eski Android telefonumda çalışmıyor. Mağdur durumdayım. Teşekkürler, Elif"
LZ-00078,2026-01-10 11:44:15,app_store,U-01324,1.0,"Uygulama cok yavas aciliyor, kasada sirayi bekletiyorum. Donusunuzu bekliyorum."
LZ-00072,2026-01-10 14:30:11,app_store,U-00065,1.0,"QR odemesi iki kere cekildi, bakiyemden iki kez dustu. Donusunuzu bekliyorum."
LZ-00079,2026-01-10 15:09:38,support_ticket,U-01048,,"İyi günler, Uygulama sürekli donuyor, kapatıp açmam gerekiyor. - Elif"
LZ-00076,2026-01-10 16:47:28,support_ticket,U-01093,,"Merhabalar, Market alışverişinde de kullanılabilse çok iyi olur. Teşekkürler. İyi çalışmalar, Selin"
LZ-00081,2026-01-10 16:54:19,support_ticket,U-00031,,"Merhaba, Canlı destek hiç cevap vermiyor. - Elif"
LZ-00080,2026-01-10 16:54:36,app_store,U-01732,5.0,"lezzo gece kullanırken beyaz ekran göz yoruyor, karanlık tema lütfen. teşekkürler."
LZ-00077,2026-01-10 17:26:22,support_ticket,U-02000,,"Merhabalar, Telefon numaram 0500 000 12 34, beni arayabilirsiniz. Oppo telefonumda açılışta çöküyor. Çok sinir bozucu. Teşekkürler, Selin"
LZ-00075,2026-01-10 18:16:48,support_ticket,U-00496,,"Selam, Telefon numaram 0500 000 89 01, beni arayabilirsiniz. Temassız ödeme bazen geçiyor bazen geçmyior, güvenemiyorum."
LZ-00073,2026-01-10 19:10:47,app_store,U-00904,1.0,"qr ödemesi iki kere çekildi, bakiyemden iki kez düştü."
LZ-00082,2026-01-10 22:16:28,survey,U-00685,5.0,Uygulamada destek talebi oluşturma seçeneği bulamadım.
LZ-00090,2026-01-11 09:40:53,survey,U-01603,8.0,Kahve zincirlerinde de geçerli olsa harika olur.
LZ-00098,2026-01-11 09:49:51,support_ticket,U-00143,,"Yaklaşık 18 aydır kullanıcınızım. İptal edilen siparişin iadesi hala bakiyeme yansımadı. Çok sinir bozucu. Teşekkürler, Ece"
LZ-00092,2026-01-11 10:05:36,app_store,U-01783,1.0,Bakiye ekranı açılana kadar kasadaki herkes bekliyor. Dönüşünüzü bekliyorum.
LZ-00097,2026-01-11 10:20:11,app_store,U-01464,1.0,canlı destek hiç cevap vemriyor.
LZ-00093,2026-01-11 10:42:28,support_ticket,U-02445,,"Selam, E-posta adresim mehmet.y@example.com. Uygulama çok fazla pil tüketiyor. İyi çalışmalar, Emre"
LZ-00085,2026-01-11 10:58:40,app_store,U-00703,1.0,NFC ile ödeme yapmak istiyorum ama telefonu yaklaştırınca hiçbir şey olmuyor. Lütfen acilen çözün.
LZ-00088,2026-01-11 11:19:29,app_store,U-02080,5.0,kahve zincirlerinde de geçerli olsa harika olur. yol haritanızda var mı?
LZ-00099,2026-01-11 11:38:14,app_store,U-00695,5.0,"kart tasimaktan kurtuldum, harika bir uygulama."
LZ-00089,2026-01-11 15:14:32,support_ticket,U-01269,,"Merhaba, Telefon numaram 0500 000 12 34, beni arayabilirsiniz. Evimin ve iş yerimin yakınında kartın geçtiği retsoran yok. Değerlendirirseniz sevinirim. Teşekkürler, Deniz"
LZ-00096,2026-01-11 16:36:26,support_ticket,U-00382,,"Merhabalar, Yaklaşık 12 aydır kullanıcınızım. Canlı destek hiç cevap vermiyor. Rezalet."
LZ-00091,2026-01-11 17:21:19,support_ticket,U-01435,,"Şifremi doğru girmeme rağmen giriş yapamıyorum. İyi çalışmalar, Mert"
LZ-00094,2026-01-11 19:25:45,app_store,U-00597,1.0,uygulama çok fazla pil tüketiyor. mağdur durumdayım.
LZ-00086,2026-01-11 19:44:33,app_store,U-01457,1.0,"bu ay bakiyem geç yüklendi, iki gün yemek kartsız kaldım. çok sinir bozucu."
LZ-00084,2026-01-11 21:43:40,support_ticket,U-00431,,"Selam, Yaklaşık 3 aydır kullanıcınızım. QR okuttuktan sonra uygulama beyaz ekranda kalıyor. Ayrıca iade süreci çok uzun, bir haftadır bekliyorum. Dönüşünüzü bekliyorum. Teşekkürler, Emre"
LZ-00087,2026-01-11 22:09:39,survey,U-01696,6.0,"Anlaşmalı restoran sayısı çok az, Levent tarafında neredeyse hiç yer yok."
LZ-00095,2026-01-11 22:28:28,support_ticket,U-00338,,"Merhabalar, Telefon numaram 0500 000 45 67, beni arayabilirsiniz. Google Pay entegrasyonu olsa çok pratik olur. Yol haritanızda var mı? Teşekkürler, Emre"
LZ-00107,2026-01-12 08:34:56,app_store,U-01566,3.0,Evimin ve is yerimin yakininda kartin gectigi restoran yok. Degerlendirirseniz sevinirim.
LZ-00102,2026-01-12 09:32:18,support_ticket,U-00396,,"Merhabalar, E-posta adresim zeynep.a@example.com. Yüklenen tutar eksik görünüyor, 250 TL eksik. Çok sinir bozucu. - Selin"
LZ-00108,2026-01-12 10:51:22,app_store,U-01730,3.0,"Uygulama sürekli donuyor, kapatıp açmam gerekiyor. Çok sinir bozucu."
LZ-00114,2026-01-12 12:48:29,app_store,U-00689,5.0,apple pay'e eklenebilse telefonu acmadan odeme yapardim. degerlendirirseniz sevinirim.
LZ-00103,2026-01-12 14:37:41,support_ticket,U-02286,,"Merhaba, E-posta adresim ayse.k@example.com. Restoran ağı genişlerse kartı çok daha fazla kullanırım. Yol haritanızda var mı? Saygılarımla, Mert"
LZ-00111,2026-01-12 14:46:23,app_store,U-02188,1.0,"Uygulama çok yavaş açılıyor, kasada sırayı bekletiyorum."
LZ-00100,2026-01-12 14:56:36,survey,U-01643,4.0,Kasada QR okutuyorum ama odeme bir turlu gecmyior. Ayrica Google Pay entegrasyonu olsa cok pratik olur.
LZ-00116,2026-01-12 15:52:27,support_ticket,U-00662,,"Her gün öğle yemeğinde kullanıyorum. Kullanmadığım bakiye sonraki aya aktarılmıyor, bu çok haksız."
LZ-00113,2026-01-12 16:04:48,support_ticket,U-02099,,"Selam, Yaklaşık 3 aydır kullanıcınızım. Restoranların çalışma saatleri yanlış yazıyor. Çok sinir bozucu. - Deniz"
LZ-00105,2026-01-12 16:21:21,support_ticket,U-02078,,"Merhabalar, E-posta adresim mehmet.y@example.com. Yemek siparişi uygulamalarında da kullanılabilse harika olur. Teşekkürler. İyi çalışmalar, Mehmet"
LZ-00110,2026-01-12 16:45:00,app_store,U-01811,2.0,ana sayfanın yüklenmesi yarım dakika sürüyor. mağdur durumdayım.
LZ-00112,2026-01-12 17:56:15,support_ticket,U-01172,,"Merhabalar, Telefon numaram 0500 000 12 34, beni arayabilirsiniz. Uygulama sürekli donuyor, kapatıp açmam gerekioyr. Çok sinir bozucu."
LZ-00104,2026-01-12 18:14:29,app_store,U-00955,5.0,"Sevdigim kafeler anlasmali degil, lutfen daha fazla restoran ekleyin. Tesekkurler."
LZ-00109,2026-01-12 18:19:54,app_store,U-02108,1.0,"uygulama sürelki donuyor, kapatıp açmam gerekiyor. rezalet."
LZ-00101,2026-01-12 20:27:24,support_ticket,U-01673,,"Merhaba, Bu ay bakiyem geç yüklnedi, iki gün yemek kartsız kaldım. İyi çalışmalar, Ece"
LZ-00115,2026-01-12 21:00:39,app_store,U-01377,5.0,Google Pay entegrasyonu olsa çok pratik olur. Ayrıca uygulama çok fazla pil tüketiyor.
LZ-00106,2026-01-12 22:23:05,app_store,U-00386,5.0,"Lezzo anlasmali restoran sayisi cok az, Nilufer tarafinda neredeyse hic yer yok. Degerlendirirseniz sevinirim."
LZ-00124,2026-01-13 08:20:57,app_store,U-00068,3.0,Uygulama çok fazla pil tüketiyor. Ayrıca restoran ararken filtreler çalışmıyor. Rezalet.
LZ-00129,2026-01-13 08:55:52,app_store,U-01452,5.0,google pay entegrasyonu olsa çok pratik olur. yol haritanızda var mı?
LZ-00128,2026-01-13 11:04:17,app_store,U-00784,4.0,karanlik mod secenegi yok mu?
LZ-00131,2026-01-13 12:03:00,app_store,U-02239,3.0,Kalan bakiyemi bir iş arkadaşıma transfer edemiyorum. Ayrıca haritada restoranlar yanlış konumda gösteriliyor.
LZ-00133,2026-01-13 12:22:18,app_store,U-01146,3.0,canlı destek hiç cevap vermiyor. rezalet.
LZ-00117,2026-01-13 12:23:25,survey,U-00644,1.0,Ödeme onaylandı diyor ama restoranın cihazına düşmüyor.
LZ-00123,2026-01-13 12:36:37,app_store,U-00481,2.0,Uygulama cok fazla pil tuketiyor.
LZ-00126,2026-01-13 13:26:44,app_store,U-01555,1.0,Restoran ararken filtreler çalışmıyor. Mağdur durumdayım.
LZ-00127,2026-01-13 13:27:44,survey,U-02497,0.0,"Yakınımdaki restoranları listelmeiyor, konumumu bulamıyor."
LZ-00118,2026-01-13 15:33:37,support_ticket,U-00006,,"Selam, Yaklaşık 6 aydır kullanıcınızım. Ödeme onaylandı diyor ama restoranın cihazına düşmüyor. Rezalet. Teşekkürler, Burak"
LZ-00122,2026-01-13 15:34:17,support_ticket,U-02310,,"Selam, Telefon nmuaram 0500 000 89 01, beni arayabilirsiniz. Her açılışta tekrar tekrar SMS kodu istiyor."
LZ-00121,2026-01-13 18:45:48,app_store,U-00944,3.0,Yeni giriş ekranından sonra heasbıma erişemiyorum. Rezalet.
LZ-00120,2026-01-13 20:03:34,app_store,U-01566,1.0,Maaş günü gledi ama yemek bakiyem hala yüklenmedi. Dönüşünüzü bekliyorum.
LZ-00119,2026-01-13 21:54:35,app_store,U-01417,1.0,Lezzo kasada QR okutuyorum ama ödeme bir türlü geçmiyor. Lütfen acilen çözün.
LZ-00125,2026-01-13 22:04:11,app_store,U-01328,3.0,"Uygulama sürekli donuyor, kapatıp açmam gerekiyor. Ayrıca sistem temasına uyan bir koyu tema eklenmeli. Lütfen acilen çözün."
LZ-00132,2026-01-13 22:04:32,survey,U-02305,3.0,"Sikayet yazdim, uc gundur donus yapilmadi."
LZ-00130,2026-01-13 22:37:33,app_store,U-02444,3.0,"Kullanmadığım bakiye sonraki aya aktarılmıyor, bu çok haksız."
LZ-00137,2026-01-14 08:17:39,app_store,U-01850,4.0,Restoran ağı genişlerse kartı çok daha fazla kullanırım. Değerlendirirseniz sevinirim.
LZ-00146,2026-01-14 11:03:35,survey,U-01129,0.0,Restoran ödemeyi iptal etti ama para geri gelmedi.
LZ-00142,2026-01-14 11:18:15,app_store,U-02089,4.0,"Gece kullanırken beyaz ekarn göz yoruyor, karanlık tema lütfen."
LZ-00147,2026-01-14 11:45:08,app_store,U-01015,4.0,"Bakiye takibi cok kolay, tesekkurler. Ayrica evimin ve is yerimin yakininda kartin gectigi restoran yok."
LZ-00138,2026-01-14 13:12:49,support_ticket,U-02009,,"Selam, Şirketimiz geçen ay bu karta geçti. Restoran ağı genişlerse kartı çok daha fazla kullanırım. Yol haritanızda var mı? - Deniz"
LZ-00136,2026-01-14 13:27:29,support_ticket,U-01928,,"Merhabalar, Evimin ve iş yerimin yakınında kartın geçtiği restoran yok. Değerlendirirseniz sevinirim."
LZ-00144,2026-01-14 14:03:37,support_ticket,U-00512,,Her gün öğle yemeğinde kullanıyorum. Canlı destek hiç cevap vermiyor. Mağdur durumdayım.
LZ-00140,2026-01-14 15:57:48,support_ticket,U-01216,,"Merhabalar, E-posta adresim mehmet.y@example.com. Giriş yaparken sürekli oturum süreniz doldu hatası alıyorum. Çok sinir bozucu. Saygılarımla, Burak"
LZ-00143,2026-01-14 17:46:27,survey,U-02334,4.0,"Kullanmadığım bakiye sonraki aya aktarılmıyor, bu çok haksız."
LZ-00134,2026-01-14 18:31:52,survey,U-01313,6.0,NFC ödemesi sürekli zaman aşımına uğruyor.
LZ-00135,2026-01-14 18:59:21,app_store,U-00900,1.0,"Bu ay bakiyem geç yüklendi, iki gün yemek kartsız kaldım. Mağdur duurmdayım."
LZ-00141,2026-01-14 20:24:12,app_store,U-01156,3.0,"Lezzo gece kullanirken beyaz ekran goz yoruyor, karanlik tema lutfen. Degerlendirirseniz sevinirim."
LZ-00139,2026-01-14 20:34:57,app_store,U-00430,3.0,"Doğrulama kodu çok geç geliyor, geldiğinde de süresi dolmuş oluyor. Mağdur durumdayım."
LZ-00145,2026-01-14 20:35:21,app_store,U-00338,3.0,"sikayet yazdim, uc gundur donus yapilmadi."
LZ-00167,2026-01-15 09:41:34,survey,U-02402,10.0,Kullanimi cok basit ve hizli.
LZ-00166,2026-01-15 12:36:34,app_store,U-01419,4.0,Yemek karti uygulamalari arasinda en iyisi. Basarilar!
LZ-00157,2026-01-15 12:36:55,app_store,U-00214,1.0,lezzo ana safyanin yuklenmesi yarim dakika suruyor.
LZ-00155,2026-01-15 12:51:58,support_ticket,U-02311,,"Selam, Yaklaşık 3 aydır kullanıcınızım. Bakiye ekranı açılana kadar kasadaki herkes bekliyor. Dönüşünüzü bekliyorum."
LZ-00162,2026-01-15 13:37:48,survey,U-01121,6.0,"Apple Pay'e eklenebilse telefonu acmadan odeme yapardim. Ayrica iade sureci cok uzun, bir haftadir bekliyorum."
LZ-00159,2026-01-15 13:43:51,app_store,U-00764,1.0,Haritada restoranlar yanlış konumda gösteriliyor. Ayrıca kartı telefonun cüzdan uygulamasına eklemek istiyorum. Dönüşünüzü bekliyorum.
LZ-00163,2026-01-15 14:18:46,app_store,U-01869,4.0,Akıllı saatle ödeme yapabilmek harika olurdu. Yol haritanızda var mı?
LZ-00165,2026-01-15 15:06:45,app_store,U-00357,2.0,canlı destek hiç cevap vermiyor. ayrıca haritada restoranlar yanlış konumda gösteriliyor. dönüşünüzü bekliyorum.
LZ-00149,2026-01-15 17:00:42,app_store,U-01222,2.0,"Telefonu POS cihazına yaklaştırıyorum, ödeme ekranı açılmıyor. Mağdur durumdayım."
LZ-00156,2026-01-15 18:35:59,app_store,U-02323,1.0,"Uygulama cok yavas aciliyor, kasada sirayi bekletiyorum. Rezalet."
LZ-00158,2026-01-15 18:52:47,app_store,U-02219,3.0,Bakiye ekranı açılana kadar kasadaki herkes bekliyor. Çok sinir bozucu.
LZ-00153,2026-01-15 19:11:49,survey,U-00641,1.0,Yeni giris ekranindan sonra hesabima erisemiyorum.
LZ-00151,2026-01-15 19:47:05,support_ticket,U-02141,,"Merhaba, Şirketimiz geçen ay bu karta geçti. Evimin ve iş yerimin yakınında kartın geçtiği restoran yok. Değerlendirirseniz sevinirim. Saygılarımla, Ece"
LZ-00152,2026-01-15 20:21:39,survey,U-00328,8.0,Kahve zincirlerinde de geçerli olsa harika olur.
LZ-00164,2026-01-15 20:22:39,app_store,U-02384,2.0,"Lezzo müşteri hizmetlerine ulaşmak imkansız, çağrı merkezi yarım saat bekletiyor. Mağdur durumdayım."
LZ-00160,2026-01-15 20:35:04,support_ticket,U-00630,,"İyi günler, Her gün öğle yemeğinde kullanıyorum. Gece kullanırken beyaz ekran göz yoruyor, karanlık tema lütfen. Teşekkürler."
LZ-00161,2026-01-15 20:57:15,app_store,U-00303,5.0,Karanlik mod secenegi yok mu? Yol haritanizda var mi?
LZ-00148,2026-01-15 21:21:25,support_ticket,U-01401,,"Merhaba, E-posta adresim ayse.k@example.com. Kasada QR okutuyorum ama ödeme bir türlü geçmiyor. Rezalet. - Ayşe"
LZ-00154,2026-01-15 22:31:07,app_store,U-01374,1.0,Ana sayfanın yüklenmesi yarım dakika sürüyor. Dönüşünüzü bekliyorum.
LZ-00150,2026-01-15 22:45:18,survey,U-01723,7.0,Restoran agi genislerse karti cok daha fazla kullanirim.
LZ-00173,2026-01-16 08:56:25,app_store,U-01993,4.0,"Anlaşmalı restoran sayısı çok az, Maslak tarafında neredeyse hiç yer yok."
LZ-00172,2026-01-16 10:00:16,support_ticket,U-00738,,"Selam, Yaklaşık 12 aydır kullanıcınızım. Kahve zincirlerinde de geçerli olsa harika olur."
LZ-00174,2026-01-16 11:07:14,app_store,U-01662,1.0,Bakiye ekranı açılana kadar kasadaki herkes bekliyor. Mağdur durumdayım.
LZ-00171,2026-01-16 12:37:21,support_ticket,U-01000,,"İyi günler, Yaklaşık 12 aydır kullanıcınızım. Market alışverişinde de kullanılabilse çok iyi olur. - Elif"
LZ-00178,2026-01-16 12:42:38,support_ticket,U-01686,,"İyi günler, Yaklaşık 18 aydır kullanıcınızım. Google Pay entegrasyonu olsa çok pratik olur. Yol haritanızda var mı? Teşekkürler, Mert"
LZ-00170,2026-01-16 12:51:51,support_ticket,U-02132,,"Merhabalar, Bu ay bakiyem geç yüklendi, iki gün yemek kartsız kaldım. Lütfen acilen çözün. Saygılarımla, Ece"
LZ-00183,2026-01-16 13:43:48,survey,U-00252,9.0,Yemek kartı uygulamaları arasında en iyisi.
LZ-00181,2026-01-16 15:08:31,app_store,U-02059,3.0,"Ay sonunda kalan bakyie yanıyor mu, bir sonraki aya devretmesi lazım."
LZ-00182,2026-01-16 15:14:20,survey,U-01777,9.0,"Kart taşımaktan kurtuldum, harika bir uygulama."
LZ-00175,2026-01-16 15:39:33,app_store,U-02499,3.0,haritada kapanmis restoranlar hala gorunuyor.
LZ-00169,2026-01-16 16:03:49,app_store,U-02053,3.0,Ödeme onaylandı diyor ama restoranın cihazına düşmüyor.
LZ-00168,2026-01-16 18:20:56,support_ticket,U-01548,,"Selam, Her gün öğle yemeğinde kullanıyorum. QR ödemesi iki kere çekildi, bakiyemden iki kez düştü. Saygılarımla, Ece"
LZ-00177,2026-01-16 19:00:36,app_store,U-02012,5.0,"Gece kullanırken beyaz ekran göz yoruyor, karanlık tema lütfen."
LZ-00179,2026-01-16 19:43:23,app_store,U-01180,3.0,Google Pay entegrasyonu olsa çok pratik olur.
LZ-00180,2026-01-16 21:22:03,app_store,U-00348,1.0,"Lezzo ay sonunda kalan baikye yaniyor mu, bir sonraki aya devretmesi lazim. Rezalet."
LZ-00176,2026-01-16 21:37:48,survey,U-01139,6.0,Haritada restoranlar yanlış konumda gösteriliyor.
LZ-00187,2026-01-17 08:20:10,app_store,U-00131,1.0,Bakiye yüklendi bildirimi geldi ama uygulamada eski bakiye duruyor. Mağdur durumdayım.
LZ-00192,2026-01-17 09:27:18,support_ticket,U-00072,,"İyi günler, İade süreci çok uzun, bir haftadır bekliyorum. Lütfen acilen çözün. - Selin"
LZ-00190,2026-01-17 09:37:15,survey,U-01734,4.0,"Uygulama cok yavas aciliyor, kasada sirayi bekletiyorum."
LZ-00186,2026-01-17 09:50:00,support_ticket,U-01777,,"İyi günler, Temassız ödeme Oppo telefonumda çalışmıyor. Lütfen acilen çözün. - Mehmet"
LZ-00189,2026-01-17 10:29:02,app_store,U-00708,1.0,"bu ay bakiyem geç yüklendi, iki gün yemek kartsız kaldım. dönüşünüzü bekliyorum."
LZ-00193,2026-01-17 11:06:27,survey,U-00387,5.0,Restoran ödemeyi iptal etti ama para geri gelmedi.
LZ-00184,2026-01-17 15:35:36,support_ticket,U-02384,,"QR kodu okutunca ödeme ekranında takılı kalıyor. İyi çalışmalar, Emre"
LZ-00188,2026-01-17 17:15:28,app_store,U-01582,2.0,"Bu ay bakiyem gec yuklendi, iki gun yemek kartsiz kaldim. Rezalet."
LZ-00185,2026-01-17 21:08:16,support_ticket,U-01298,,"Telefon numaram 0500 000 12 34, beni arayabilirsiniz. NFC ile ödeme yapmak istiyorum ama telefonu yaklaştırınca hiçbir şey olmuyor. Çok sinir bozucu. Saygılarımla, Deniz"
LZ-00191,2026-01-17 21:17:57,survey,U-00650,7.0,Kaarnlık mod eklenirse çok iyi olur.
LZ-00201,2026-01-18 09:16:28,app_store,U-00086,4.0,Lezzo akıllı saatle ödeme yapabilmek harika olurdu. Yol haritanızda var mı?
LZ-00206,2026-01-18 10:46:27,support_ticket,U-02278,,"Merhabalar, Ödeme saniyeler içinde bitiyor, çok memnunum. Başarılar!"
LZ-00203,2026-01-18 13:23:33,survey,U-01585,0.0,Bakiyenin son kullanma tarihi olduğunu kimse söylemedi.
LZ-00195,2026-01-18 14:22:26,support_ticket,U-01932,,"Merhaba, E-posta adresim mehmet.y@example.com. Bakiye yüklendi bildirimi geldi ama uygulamada eski bakiye duruyor. İyi çalışmalar, Can"
LZ-00202,2026-01-18 14:47:56,support_ticket,U-01805,,"Selam, Yaklaşık 8 aydır kullanıcınızım. Akıllı saatle ödeme yapabilmek harika olurdu. Ayrıca uygulama çok yavaş açılıyor, kasada sırayı bekletiyorum. Saygılarımla, Deniz"
LZ-00200,2026-01-18 16:48:45,app_store,U-02168,2.0,Bakiye ekrani acilana kadar kasadaki herkes bekliyor. Rezalet.
LZ-00199,2026-01-18 17:26:13,support_ticket,U-02325,,"Merhabalar, Şirketimiz geçen ay bu karta geçti. Uygulama çok yavaş açılıyor, kasada sırayı bekletiyorum. Mağdur durumdayım. Saygılarımla, Elif"
LZ-00197,2026-01-18 18:36:43,survey,U-01344,3.0,Uygulama çok fazla pil tüketiyor.
LZ-00205,2026-01-18 18:53:10,app_store,U-00482,1.0,"musteri hizmetlerine ulasmak imkansiz, cagri merkezi yarim saat bekletiyor. cok sinir bozucu."
LZ-00198,2026-01-18 19:03:35,survey,U-01435,1.0,"Uygulama çok yavaş açılıyor, kasada sırayı bekletiyorum."
LZ-00194,2026-01-18 19:15:59,support_ticket,U-00896,,"Bakiye yüklendi bildirimi geldi ama uygulamada eski bakiye duruyor. Teşekkürler, Zeynep"
LZ-00196,2026-01-18 21:47:57,app_store,U-00273,5.0,Market alışverişinde de kullanılbailse çok iyi olur. Teşekkürler.
LZ-00204,2026-01-18 22:38:46,support_ticket,U-02402,,"E-posta adresim ayse.k@example.com. Canlı destek hiç cevap vermiyor. Rezalet. Teşekkürler, Ceren"
LZ-00221,2026-01-19 08:50:19,app_store,U-02397,4.0,Apple Pay'e eklenebilse telefnou açmadan ödeme yapardım. Değerlendirirseniz sevinirim.
LZ-00210,2026-01-19 09:03:22,survey,U-02169,3.0,QR okuttuktan sonra uygulama beyaz ekranda kalıyor.
LZ-00216,2026-01-19 10:04:03,support_ticket,U-01646,,"Merhaba, Telefon numaram 0500 000 12 34, beni arayabilirsiniz. Yeni giriş ekranından sonra hesabıma erişemiyorum. İyi çalışmalar, Zeynep"
LZ-00217,2026-01-19 10:51:45,support_ticket,U-00954,,"İyi günler, Bakiye erkanı açılana kadar kasadaki herkes bekliyor. Çok sinir bozucu. - Burak"
LZ-00219,2026-01-19 11:42:16,app_store,U-02210,3.0,Karanlik mod secenegi yok mu?
LZ-00215,2026-01-19 13:59:09,app_store,U-00643,2.0,"SMS doğrulama kodu gelmiyor, uygulamaya giremiyorum. Mağdur durumdayım."
LZ-00224,2026-01-19 14:04:44,survey,U-00181,8.0,Google Pay entegrasyonu olsa çok pratik olur.
LZ-00225,2026-01-19 14:50:33,app_store,U-00336,2.0,"Kullanmadigim bakiye sonraki aya aktarilmiyor, bu cok haksiz."
LZ-00212,2026-01-19 15:06:21,support_ticket,U-00554,,"Merhaba, Her gün öğle yemeğinde kullanıyorum. Bu ay bakiyem geç yüklendi, iki gün yemek kartsız kaldım. Çok sinir bozucu. Saygılarımla, Burak"
LZ-00209,2026-01-19 15:13:11,app_store,U-01144,1.0,Kasada QR okutuyorum ama odeme bir turlu gecmiyor. Magdur durumdayim.
LZ-00226,2026-01-19 15:37:41,app_store,U-00937,1.0,Uygulamada destek talebi olusturma secenegi bulamadim. Donusunuzu bekliyorum.
LZ-00223,2026-01-19 16:06:34,app_store,U-01550,5.0,Google Pay entegrasyonu olsa çok pratik olur.
LZ-00208,2026-01-19 16:24:56,app_store,U-00141,1.0,"QR ödemesi iki kere çeikldi, bakiyemden iki kez düştü. Lütfen acilen çözün."
LZ-00211,2026-01-19 16:54:40,app_store,U-00971,1.0,"Temassız ödeme bazen geçiyor bazen geçmiyor, güvenemiyorum. Lütfen acilen çözün."
LZ-00222,2026-01-19 17:13:15,support_ticket,U-02226,,"Merhabalar, Telefon numaram 0500 000 45 67, beni arayabilirsiniz. Akıllı saatle ödeme yapabilmek harika olurdu. İyi çalışmalar, Can"
LZ-00207,2026-01-19 18:06:08,app_store,U-00422,1.0,Odeme onaylandi diyor ama restoranin cihazina dusmuyor. Ayrica iptal edilen siparisin iadesi hala bakiyeme yansimadi.
LZ-00220,2026-01-19 18:08:03,app_store,U-00862,5.0,Karanlik mod eklenirse cok iyi olur. Tesekkurler.
LZ-00218,2026-01-19 18:10:59,app_store,U-01189,3.0,Haritada restoranlar yanlış konumda gösteriliyor. Ayrıca sistem temasına uyan bir koyu tema eklenmeli. Mağdur durumdayım.
LZ-00227,2026-01-19 18:33:38,app_store,U-01435,5.0,"Kart tasimaktan kurtuldum, harika bir uygulama. Basarilar!"
LZ-00213,2026-01-19 19:04:25,survey,U-01613,7.0,Kahve zincirlerinde de gecerli olsa harika olur.
LZ-00214,2026-01-19 19:11:34,app_store,U-00969,5.0,Yemek siparişi uygulamalarında da kullanılabilse harika olur. Değerlendirirseniz sevinirim.
LZ-00235,2026-01-20 08:07:34,app_store,U-00757,4.0,"Anlaşmalı restoran sayısı çok az, Konak tarafında nerdeeyse hiç yer yok. Ayrıca sistem temasına uyan bir koyu tema eklenmeli."
LZ-00234,2026-01-20 08:41:42,support_ticket,U-01520,,Maaş günü geldi ama yemek bakiyem hala yüklenmedi.
LZ-00232,2026-01-20 09:23:08,support_ticket,U-00662,,"Merhabalar, Şirketimiz geçen ay bu karta geçti. Yüklenen tutar eksik görünüyor, 50 TL eksik. Mağdur durumdayım. Saygılarımla, Burak"
LZ-00244,2026-01-20 09:29:42,survey,U-00108,10.0,"Kart taşımaktan kurtuldum, harika bir uygulama."
LZ-00243,2026-01-20 09:47:56,support_ticket,U-00223,,"Merhabalar, Şikayet yazdım, üç gündür dönüş yapılmadı. İyi çalışmalar, Can"
LZ-00238,2026-01-20 12:36:40,app_store,U-00949,5.0,lezzo restoran ağı genişlerse kartı çok daha fazla kullanırım. teşekkürler.
LZ-00245,2026-01-20 13:48:32,survey,U-00019,10.0,"Odeme saniyeler icinde bitiyor, cok memnunum."
LZ-00230,2026-01-20 14:26:44,app_store,U-00735,1.0,QR okuttuktan sonra uygulama beyaz ekranda kalıyor.
LZ-00231,2026-01-20 14:49:23,app_store,U-00878,3.0,Temassız ödeme iPhone telefonumda çalışmıyor. Lütfen acilen çözün.
LZ-00241,2026-01-20 15:21:11,survey,U-00573,6.0,Kartı telefonun cüzdan uygulamasına eklemek istiyorum.
LZ-00229,2026-01-20 15:53:27,app_store,U-00641,1.0,Kasada QR okutuyorum ama ödeme bir türlü geçmiyor.
LZ-00236,2026-01-20 17:22:00,app_store,U-00203,4.0,Kahve zincirlerinde de geçerli olsa harika olur. Teşekkürler.
LZ-00240,2026-01-20 18:53:37,app_store,U-00696,2.0,Yeni giris ekranindan sonra hesabima erisemiyorum. Rezalet.
LZ-00233,2026-01-20 19:14:27,survey,U-02478,6.0,Sirketim yukleme yaptigini soyluyor ama bakiyem sifir gorunuyor.
LZ-00237,2026-01-20 19:41:20,app_store,U-02452,3.0,Kahve zincirlerinde de geçerli olsa harika olur. Yol haritanızda var mı?
LZ-00239,2026-01-20 19:49:00,survey,U-02077,5.0,"Anlaşmalı restoran sayısı çok az, Bornova tarafında nereedyse hiç yer yok."
LZ-00242,2026-01-20 22:20:49,app_store,U-01689,3.0,canlı destek hiç cevap vermiyor. dönüşünüzü bekliyorum.
LZ-00228,2026-01-20 22:46:33,app_store,U-01076,3.0,Kasada QR okutuyorum ama ödeme bir türlü geçmiyor. Lütfen acilen çözün.
LZ-00247,2026-01-21 08:27:03,app_store,U-02221,4.0,market alışverişinde de kullanılabilse çok iyi olur. teşekkürler.
LZ-00255,2026-01-21 08:50:14,app_store,U-02348,1.0,Lezzo restoranların çalışma saatleri yanlış yazıyor. Lütfen acilen çözün.
LZ-00260,2026-01-21 09:06:49,support_ticket,U-01251,,"Telefon numaram 0500 000 45 67, beni arayabilirsiniz. Bakiyenin son kullanma tarihi olduğunu kimse söylemedi. İyi çalışmalar, Selin"
LZ-00250,2026-01-21 09:12:45,app_store,U-00664,3.0,Market alışverişinde de kullanılabilse çok iyi olur.
LZ-00252,2026-01-21 09:18:03,support_ticket,U-01460,,"İyi günler, Giriş yaparken sürekli oturum süreniz doldu hatası alıyorum. İyi çalışmalar, Deniz"
LZ-00262,2026-01-21 09:46:12,app_store,U-00337,1.0,Kalan bakiyemi bir iş arkadaşıma transfer edemiyorum. Lütfen acilen çözün.
LZ-00256,2026-01-21 10:20:14,support_ticket,U-01799,,"İyi günler, Apple Pay'e eklenebilse telefonu açmadan ödeme yapardım. Değerlendirirseniz sevinirim. İyi çalışmalar, Ayşe"
LZ-00248,2026-01-21 10:20:52,app_store,U-00725,4.0,"Anlaşmalı restoran sayısı çok az, Çankaya tarafında neredeyse hiç yer yok."
LZ-00257,2026-01-21 11:38:13,app_store,U-00788,3.0,"ay sonunda kalan bakiye yanıyor mu, bir sonraki aya devremtesi lazım."
LZ-00254,2026-01-21 11:38:32,survey,U-00533,2.0,"Yakınımdaki restoranları listelemiyor, konumumu bulamıyor."
LZ-00246,2026-01-21 14:22:44,app_store,U-02248,1.0,"Lezzo bu ay bakiyem geç yüklendi, iki gün yemek kartsız kaldım. Çok sinir bozucu."
LZ-00264,2026-01-21 15:08:55,app_store,U-00006,1.0,Canlı destek hiç cevap vermiyor. Dönüşünüzü bekliyorum.
LZ-00251,2026-01-21 16:07:18,support_ticket,U-00413,,"Merhabalar, Yaklaşık 8 aydır kullanıcınızım. Restoran ağı genişlerse kartı çok daha fazla kullanırım. Değerlendirirseniz sevinirim. - Can"
LZ-00261,2026-01-21 17:31:50,support_ticket,U-02183,,"Selam, Telefon numaram 0500 000 12 34, beni arayabilirsiniz. Ay sonunda kalan bakiye yanıyor mu, bir sonraki aya devretmesi lazım."
LZ-00259,2026-01-21 18:41:31,app_store,U-00499,1.0,"Ay sonunda kalan bakiye yaniyor mu, bir sonraki aya devretmesi lazim. Rezalet."
LZ-00249,2026-01-21 19:07:45,app_store,U-00499,3.0,Yemek siparisi uygualmalarinda da kullanilabilse harika olur. Tesekkurler.
LZ-00253,2026-01-21 20:43:09,support_ticket,U-00833,,"Merhabalar, Huawei telefonumda açılışta çöküyor. Çok sinir bozucu. - Selin"
LZ-00263,2026-01-21 22:10:17,app_store,U-00918,2.0,Uygulamada destek talebi oluşturma seçeneği bulamadım. Rezalet.
LZ-00258,2026-01-21 22:13:22,app_store,U-01386,2.0,"kullanmadigim bakiye sonraki aya aktarilmiyor, bu cok haksiz. ayrica anlasmali restoran sayisi cok az, kadikoy tarafinda neredeyse hic yer yok."
LZ-00275,2026-01-22 09:46:57,support_ticket,U-02395,,"Merhaba, İade süreci çok uzun, bir haftadır bekliyorum. Lütfen acilen çözün. - Deniz"
LZ-00272,2026-01-22 10:57:24,support_ticket,U-01881,,"Selam, Telefon numaram 0500 000 89 01, beni arayabilirsiniz. Haritada kapanmış restoranlar hala görünüyor. Lütfen acilen çözün. Saygılarımla, Deniz"
LZ-00270,2026-01-22 11:31:12,app_store,U-00102,1.0,Ana sayfanin yuklenmesi yarim dakika suruyor.
LZ-00274,2026-01-22 11:47:34,support_ticket,U-01777,,"Merhabalar, E-posta adresim zeynep.a@example.com. Canlı destek hiç cevap vermiyor. Teşekkürler, Ceren"
LZ-00267,2026-01-22 12:17:52,app_store,U-00641,5.0,Restoran ağı genişlerse kartı çok daha fazla kullanırım. Yol haritanızda var mı?
LZ-00271,2026-01-22 13:48:53,app_store,U-00148,1.0,Restroanların çalışma saatleri yanlış yazıyor.
LZ-00265,2026-01-22 14:30:52,app_store,U-02260,1.0,şirketim yükleme yaptığını söylüyor ama bakiyem sıfır görünüyor.
LZ-00273,2026-01-22 15:37:24,app_store,U-02384,4.0,Karanlik mod eklenirse cok iyi olur.
LZ-00277,2026-01-22 16:17:58,app_store,U-01507,4.0,"bakiye takibi cok kolay, tesekkurler."
LZ-00266,2026-01-22 16:45:16,survey,U-00243,8.0,Restoran ağı genişlerse kartı çok daha fazla kullanırım.
LZ-00269,2026-01-22 19:30:38,app_store,U-00017,3.0,her acilista tekrar tekrar sms kodu istiyor.
LZ-00276,2026-01-22 21:44:36,app_store,U-00220,5.0,"ödeme saniyeler içinde bitiyor, çok memnunum."
LZ-00268,2026-01-22 22:50:36,support_ticket,U-00003,,"Merhabalar, Restoran ağı genişlerse kartı çok daha fazla kullanırım. Teşekkürler, Elif"
LZ-00282,2026-01-23 08:01:52,app_store,U-02286,1.0,maaş günü geldi ama yemek bakiyem hala yüklenmedi. çok sinir bozucu.
LZ-00290,2026-01-23 08:32:17,app_store,U-00854,4.0,Apple Pay'e eklenebilse telefonu acmadan odeme yaaprdim.
LZ-00283,2026-01-23 09:02:29,survey,U-01800,7.0,"Anlaşmalı restoran sayısı çok az, Ataşehir tarafında nereedyse hiç yer yok."
LZ-00280,2026-01-23 09:42:19,app_store,U-00110,1.0,"QR ile odeme sabahtan beri calismiyor, kasada rezil oldum."
LZ-00289,2026-01-23 12:29:55,support_ticket,U-00096,,"Merhabalar, E-posta adresim mehmet.y@example.com. Google Pay entegrasyonu olsa çok pratik olur. İyi çalışmalar, Zeynep"
LZ-00287,2026-01-23 12:41:26,survey,U-01788,2.0,"Uygluama çok yavaş açılıyor, kasada sırayı bekletiyorum."
LZ-00291,2026-01-23 14:25:18,support_ticket,U-00183,,"Merhabalar, Her gün öğle yemeğinde kullanıyorum. İptal edilen siparişin iadesi hala bakiyeme yansımadı. Teşekkürler, Elif"
LZ-00284,2026-01-23 17:17:28,app_store,U-01410,5.0,"Anlaşmalı restroan sayısı çok az, Nilüfer tarafında neredeyse hiç yer yok. Yol haritanızda var mı?"
LZ-00292,2026-01-23 17:25:58,app_store,U-00969,4.0,Lezzo yemek kartı uygulamaları arasında en iyisi. Başarılar!
LZ-00281,2026-01-23 17:39:34,support_ticket,U-01916,,"Merhabalar, Telefonu POS cihazına yaklaştırıyorum, ödeme ekranı açılmıyor. Lütfen acilen çözün. Saygılarımla, Can"
LZ-00286,2026-01-23 17:50:46,app_store,U-00904,4.0,Evimin ve is yerimin yakininda kartin gectigi restoran yok. Yol haritanizda var mi?
LZ-00293,2026-01-23 20:22:26,survey,U-01443,8.0,"Kart tasimaktan kurtuldum, harika bir uygulama."
LZ-00288,2026-01-23 20:44:43,app_store,U-00086,3.0,restoranlarin calisma saatleri yanlis yaziyor. cok sinir bozucu.
LZ-00285,2026-01-23 20:46:12,app_store,U-00083,4.0,"restoran ağı genişlerse kartı çok daha fazla kullanırım. ayrıca temassız ödeme bazen geçiyor bazen geçmiyor, güvenemiyorum. değerlendirirseniz sevinirim."
LZ-00294,2026-01-23 20:52:53,app_store,U-01717,5.0,"Lezzo odeme saniyeler icinde bitiyor, cok memnunum."
LZ-00278,2026-01-23 20:58:35,app_store,U-01492,1.0,qr okuttuktan sonra uygulama beyaz ekranda kalıyor. çok sinir bozucu.
LZ-00279,2026-01-23 21:21:57,survey,U-02161,0.0,"QR ödemesi iki kere çekildi, bakiyemden iki kez düştü."
LZ-00300,2026-01-24 10:46:25,app_store,U-00955,5.0,"Lezzo bakiye takibi çok kolay, teşekkürler. Emeği geçenlere teşekkürler!"
LZ-00298,2026-01-24 14:02:54,app_store,U-01517,1.0,"Uygulama sürelki donuyor, kapatıp açmam gerekiyor. Rezalet."
LZ-00295,2026-01-24 16:54:45,support_ticket,U-02482,,"İyi günler, Telefonu POS cihazına yaklaştırıyorum, ödeme ekranı açılmıyor. Dönüşünüzü bkeliyorum. İyi çalışmalar, Burak"
LZ-00297,2026-01-24 17:35:01,app_store,U-02384,1.0,Lezzo şifremi doğru giremme rağmen giriş yapamıyorum. Ayrıca kasada QR okutuyorum ama ödeme bir türlü geçmiyor.
LZ-00296,2026-01-24 18:29:34,support_ticket,U-02071,,"Merhaba, Şirketimiz geçen ay bu karta geçti. Maaş günü geldi ama yemek bakiyem hala yüklenmedi. Çok sinir bozucu. - Can"
LZ-00299,2026-01-24 18:52:33,support_ticket,U-00241,,"Şikayet yazdım, üç gündür dönüş yapılmadı. Çok sinir bozucu. Teşekkürler, Mehmet"
LZ-00310,2026-01-25 08:28:00,app_store,U-00142,4.0,yemek karti uygulamalari arasinda en iyisi.
LZ-00302,2026-01-25 10:52:29,support_ticket,U-02480,,"Merhaba, Telefon numaram 0500 000 45 67, beni arayabilirsiniz. Bu ay bakiyem geç yüklendi, iki gün yemek kartsız kaldım. Lütfen acilen çözün."
LZ-00304,2026-01-25 12:01:15,app_store,U-02401,2.0,Bakiye yüklendi bildirimi geldi ama ugyulamada eski bakiye duruyor.
LZ-00308,2026-01-25 12:38:33,survey,U-00803,9.0,"Bakiye takibi cok kolay, tesekkurler."
LZ-00301,2026-01-25 12:56:18,support_ticket,U-02356,,"Merhaba, Telefon numaram 0500 000 45 67, beni arayabilirsiniz. Kamera QR kodu okumuyor, sürekli odaklanmaya çalışıyor. Dönüşünüzü bekliyorum. Teşekkürler, Burak"
LZ-00303,2026-01-25 13:16:59,app_store,U-01848,1.0,Maaş günü geldi ama yemek bakiyem hala yüklenmedi. Lütfen acilen çözün.
LZ-00305,2026-01-25 13:41:39,survey,U-02166,7.0,Evimin ve iş yerimin yakınında kartın geçtiği restoran yok.
LZ-00307,2026-01-25 19:34:04,survey,U-02094,8.0,Akilli saatle odeme yapabilmek harika olurdu.
LZ-00309,2026-01-25 20:31:36,app_store,U-02350,5.0,"Bakiye takibi çok kolay, teşekkürler."
LZ-00306,2026-01-25 21:19:14,survey,U-01512,6.0,Restoranlarin calisma saatleri yanlis yaziyor.
LZ-00316,2026-01-26 08:11:29,app_store,U-02121,1.0,Bakiye yüklendi bildirimi geldi ama uygulamada eski bkaiye duruyor.
LZ-00326,2026-01-26 09:48:48,support_ticket,U-01749,,"Selam, Yaklaşık 8 aydır kullanıcınızım. Restoran ödemeyi iptal etti ama para geri gelmedi. Çok sinir bozucu. - Can"
LZ-00312,2026-01-26 09:55:32,app_store,U-00809,1.0,QR kodu okutnuca odeme ekraninda takili kaliyor. Rezalet.
LZ-00323,2026-01-26 10:00:38,survey,U-02237,1.0,"Uygulama sürekli donuyor, kapatıp açmam gerekiyor."
LZ-00319,2026-01-26 10:32:32,survey,U-01029,5.0,Yemek siparişi uygulamalarında da kullanılabilse harika olur.
LZ-00318,2026-01-26 11:03:12,support_ticket,U-01924,,"E-posta adresim mehmet.y@example.com. Sevdiğim kafeler anlaşmalı değil, lütfen daha fazla restoran ekleyin. Teşekkürler."
LZ-00314,2026-01-26 12:30:37,app_store,U-00882,2.0,Kasada QR okutuyorum ama ödeme bir türlü geçmiyor. Rezalet.
LZ-00325,2026-01-26 14:06:38,app_store,U-02247,1.0,"Müşteri hizmetlerine ulaşmak imkansız, çağrı merkezi yarım saat bekletiyor. Lütfen acilen çözün."
LZ-00322,2026-01-26 14:35:09,support_ticket,U-01045,,"Selam, Ana sayfanın yüklenmesi yarım dakika sürüyor. Çok sinir bozucu. İyi çalışmalar, Zeynep"
LZ-00321,2026-01-26 15:56:16,app_store,U-02273,1.0,"uygulama cok yavas aciliyor, kasada sirayi bekletiyorum. rezalet."
LZ-00317,2026-01-26 17:01:16,app_store,U-02349,1.0,Maaş günü geldi ama yemek bakiyem hala yüklenmedi. Lütfen acilen çözün.
LZ-00324,2026-01-26 17:18:59,survey,U-00551,7.0,Karanlik mod eklenirse cok iyi olur.
LZ-00320,2026-01-26 18:24:19,support_ticket,U-00305,,"Selam, Telefon numaram 0500 000 45 67, beni arayabilirsiniz. Market alışverişinde de kullanılabilse çok iyi olur. Ayrıca restoran ödemeyi iptal etti ama para geri gelmedi. Teşekkürler."
LZ-00313,2026-01-26 21:00:57,app_store,U-02188,3.0,QR okuttuktan sonra uygulama beyaz ekranda kaliyor. Magdur durumdayim.
LZ-00311,2026-01-26 22:06:13,support_ticket,U-02440,,"Merhabalar, E-posta adresim zeynep.a@example.com. Kasada QR okutuyorum ama ödeme bir türlü geçmiyor. Dönüşünüzü bekliyorum."
LZ-00327,2026-01-26 22:33:25,survey,U-01219,8.0,Yemek kartı uygulamaları arasında en iyisi.
LZ-00315,2026-01-26 22:37:38,app_store,U-01083,1.0,Temassiz odeme Samsung telefonumda calismiyor. Cok sinir bozucu.
LZ-00328,2026-01-26 22:49:25,app_store,U-01003,5.0,"bakiye takibi cok kolay, tesekkurler. 5 yildizi hak ediyor."
LZ-00343,2026-01-27 08:42:08,app_store,U-00813,4.0,"gece kullanırken beyaz ekran göz yoruoyr, karanlık tema lütfen."
LZ-00336,2026-01-27 08:49:13,support_ticket,U-02402,,"Merhaba, Yaklaşık 8 aydır kullanıcınızım. Temassız ödeme eski Android telefonumda çalışmıyor. Çok sinir bozucu. Saygılarımla, Mehmet"
LZ-00329,2026-01-27 13:05:26,app_store,U-01173,1.0,"QR odemesi iki kere cekildi, bakiyemden iki kez dustu. Donusunuzu bekliyorum."
LZ-00338,2026-01-27 13:29:52,support_ticket,U-00140,,"E-posta adresim mehmet.y@example.com. Market alışverişinde de kullanılabilse çok iyi olur. Teşekkürler, Ece"
LZ-00339,2026-01-27 13:56:21,support_ticket,U-00197,,"İyi günler, Yaklaşık 3 aydır kullanıcınızım. Evimin ve iş yerimin yakınında kartın geçtiği restoran yok. Teşekkürler. Teşekkürler, Zeynep"
LZ-00341,2026-01-27 14:42:41,survey,U-01707,0.0,Uygulama cok fazla pil tuketiyor.
LZ-00334,2026-01-27 15:04:58,survey,U-01321,5.0,Ödeme onaylandı diyor ama restoranın cihazına düşmüyor.
LZ-00345,2026-01-27 16:05:06,app_store,U-00634,4.0,Sistem temasına uyan bir koyu tema eklenmeli.
LZ-00330,2026-01-27 16:37:35,support_ticket,U-00823,,"Selam, Ödeme onaylandı diyor ama restoranın cihazına düşmüyor. Rezalet."
LZ-00340,2026-01-27 17:28:58,app_store,U-02311,4.0,"Lezzo anlasmali restoran sayisi cok az, Bornova tarafinda neredeyse hic yer yok. Degerlendirirseniz sevinirim."
LZ-00342,2026-01-27 17:49:08,app_store,U-01710,3.0,Lezzo uygulama cok fazla pil tuketiyor. Ayrica yemek siparisi uygulamalarinda da kullanilabilse harika olur.
LZ-00346,2026-01-27 19:23:04,app_store,U-00006,5.0,Lezzo kullanımı çok basit ve hızlı. Başarılar!
LZ-00344,2026-01-27 19:49:27,support_ticket,U-02118,,"Merhaba, Sistem temasına uyan bir koyu tema eklenmeli. Ayrıca bu ay bakiyem geç yüklendi, iki gün yemek kartsız kaldım. Yol haritanızda var mı? Teşekkürler, Zeynep"
LZ-00332,2026-01-27 20:19:20,app_store,U-02057,2.0,Ödeme onaylandı diyor ama restoranın cihazına düşmüyor. Rezalet.
LZ-00331,2026-01-27 20:52:50,app_store,U-00736,1.0,"QR ödemesi iki kere çeikldi, bakiyemden iki kez düştü."
LZ-00333,2026-01-27 22:04:47,survey,U-02192,6.0,"QR ile ödeme iki gündür çalışmıyor, kasada rezil oldum."
LZ-00335,2026-01-27 22:41:28,support_ticket,U-01335,,"Merhabalar, Kasada QR okutuyorum ama ödeme bir türlü geçmiyor."
LZ-00337,2026-01-27 22:59:52,support_ticket,U-02127,,"Merhabalar, Şirketimiz geçen ay bu karta geçti. Bakiye yüklendi bildirimi geldi ama uygulamada eski bakiye duruyor. Lütfen acilen çözün. - Can"
LZ-00350,2026-01-28 09:28:17,support_ticket,U-00607,,"Merhaba, Telefon numaram 0500 000 89 01, beni arayabilirsiniz. Maaş günü geldi ama yemek bakiyem hala yüklenmedi. Dönüşünüzü bekliyorum. Saygılarımla, Selin"
LZ-00367,2026-01-28 10:04:29,app_store,U-01537,2.0,Kalan bakiyemi bir iş arkadaşıma transfer edemiyorum. Çok sinir bozucu.
LZ-00361,2026-01-28 10:14:04,app_store,U-01024,4.0,"Gece kullanırken beyaz ekran göz yoruyor, karanlık tema lütfen."
LZ-00365,2026-01-28 10:14:45,app_store,U-00574,3.0,"Kullanmadigim bakiye sonraki aya aktarilmiyor, bu cok haksiz. Cok sinir bozucu."
LZ-00349,2026-01-28 10:22:56,survey,U-02499,0.0,NFC ile ödeme yapmak istiyorum ama telefonu yaklaştırınca hiçbir şey olmuyor.
LZ-00359,2026-01-28 10:31:12,survey,U-00836,4.0,Bakiye ekranı açılana kadar kasadaki herkes bekliyor.
LZ-00348,2026-01-28 11:10:11,app_store,U-01081,1.0,NFC ile odeme yapmak istiyorum ama telefonu yaklastirinca hicbir sey olmuyor. Lutfen acilen cozun.
LZ-00366,2026-01-28 11:32:35,survey,U-00320,1.0,Bakiyenin son kullanma tarihi olduğunu kimse söylemedi.
LZ-00363,2026-01-28 11:49:33,app_store,U-00255,4.0,Akıllı saatle ödeme yapabilmek harika olurdu. Değerlendirirseniz sevinirim.
LZ-00357,2026-01-28 12:20:57,app_store,U-00703,2.0,Bakiye ekranı açılana kadar kasadaki herkes bekliyor.
LZ-00358,2026-01-28 14:13:13,app_store,U-01098,3.0,"Uygulama çok fazla pil tüketiyor. Ayrıca iade süreci çok uzun, bir haftadır bekliyorum."
LZ-00368,2026-01-28 14:28:28,support_ticket,U-00146,,"Merhaba, Yaklaşık 3 aydır kullanıcınızım. İptal edilen siparişin iadesi hala bakiyeme yansımadı. Lütfen acilen çözün. - Deniz"
LZ-00362,2026-01-28 14:53:48,app_store,U-02340,4.0,Kartı telefonun cüzdan uygulamasına eklemek istiyorum.
LZ-00355,2026-01-28 15:12:32,app_store,U-01163,3.0,"Uygulama sürekli donuyor, kapatıp açmam gerekiyor."
LZ-00370,2026-01-28 15:14:25,app_store,U-00699,4.0,"Ödeme saniyeler içinde bitiyor, çok memnunum. 5 yıldızı hak ediyor."
LZ-00351,2026-01-28 15:22:00,support_ticket,U-01254,,"Merhaba, Yaklaşık 12 aydır kullanıcınızım. Maaş günü geldi ama yemek bakiyem hala yüklenmedi. Dönüşünüzü bekliyorum."
LZ-00360,2026-01-28 15:35:06,app_store,U-01712,2.0,Restoranların çalışma saatleri yanlış yazıyor. Mağdur durumdayım.
LZ-00353,2026-01-28 16:42:39,app_store,U-00795,1.0,Giriş yaparken sürekli oturum süreniz doldu hatası alıyorum. Ayrıca karanlık mod eklenirse çok iyi olur. Mağdur durumdayım.
LZ-00369,2026-01-28 19:31:53,survey,U-00401,9.0,Yemek karti uygulamalari arasinda en iyisi. Ayrica bakiyenin son kullanma tarihi oldugunu kimse soylemedi.
LZ-00356,2026-01-28 20:28:50,support_ticket,U-02166,,Yaklaşık 12 aydır kullanıcınızım. Uygulama çok fazla pil tüketiyor. Lütfen acilen çözün.
LZ-00364,2026-01-28 21:19:31,survey,U-01615,5.0,Apple Pay'e eklenebilse telefonu açmadan ödeme yapardım.
LZ-00354,2026-01-28 21:31:27,app_store,U-02039,1.0,Ana sayfanın yüklenemsi yarım dakika sürüyor. Mağdur durumdayım.
LZ-00347,2026-01-28 21:39:25,survey,U-00066,6.0,"QR ödemesi iki kere çekildi, bakiyemden iki kez düştü."
LZ-00352,2026-01-28 22:44:46,support_ticket,U-01069,,"Merhabalar, Sedviğim kafeler anlaşmalı değil, lütfen daha fazla restoran ekleyin. Teşekkürler, Burak"
LZ-00382,2026-01-29 08:33:30,app_store,U-00620,4.0,Apple Pay'e eklenebilse telefonu açmadan ödeme yapardım. Yol haritanızda var mı?
LZ-00371,2026-01-29 08:57:13,support_ticket,U-00331,,"İyi günler, E-posta adresim zeynep.a@example.com. QR kodu okutunca ödeme ekranında takılı kalıyor. Mağdur durumdayım. Teşekkürler, Can"
LZ-00380,2026-01-29 10:28:29,support_ticket,U-00199,,"Merhabalar, Google Pay entegrasyonu olsa çok prtaik olur. Ayrıca her açılışta tekrar tekrar SMS kodu istiyor. İyi çalışmalar, Elif"
LZ-00383,2026-01-29 12:25:45,support_ticket,U-00829,,"İyi günler, Bakiyenin son kullanma tarihi olduğunu kimse söylemedi. Çok sinir bozucu. Teşekkürler, Zeynep"
LZ-00381,2026-01-29 15:07:17,app_store,U-02420,3.0,Lezzo akıllı saatle ödeme yapabilmek harika olurdu. Teşekkürler.
LZ-00375,2026-01-29 15:13:43,app_store,U-02085,4.0,Evimin ve iş yerimin yakınında kartın geçtiği restoran yok. Ayrıca haritada kapanmış restoranlar hala görünüyor.
LZ-00385,2026-01-29 16:21:01,support_ticket,U-01326,,"Merhabalar, Şirketimiz geçen ay bu karta geçti. Canlı destek hiç cevap vermiyor. Saygılarımla, Ece"
LZ-00373,2026-01-29 16:52:22,support_ticket,U-02376,,"İyi günler, Telefon numaram 0500 000 12 34, beni arayabilirsiniz. QR ile ödeme bu hafta çalışmıyor, kasada rezil oldum. Ayrıca giriş yaparken sürekli oturum süreniz doldu hatası alıyorum. Teşekkürler, Deniz"
LZ-00386,2026-01-29 17:53:46,app_store,U-00516,2.0,Lezzo uygulamada destek talebi oluşturma seçeneği bulamadım. Dönüşünüzü bekliyorum.
LZ-00377,2026-01-29 18:08:34,survey,U-00767,6.0,Uygulama cok fazla pil tuketiyor.
LZ-00379,2026-01-29 18:34:37,app_store,U-00202,4.0,Karanlık mod eklenirse çok iyi olur. Teşekkürler.
LZ-00372,2026-01-29 19:55:06,survey,U-01798,5.0,"Kamera QR kodu okumuyor, sürekli odaklanmaya çalışıyor."
LZ-00378,2026-01-29 20:11:17,survey,U-00318,0.0,Haritada restoranlar yanlış konumda gösteriliyor.
LZ-00384,2026-01-29 20:19:22,app_store,U-01740,1.0,"Ay sonunda kalan bakiye yaniyor mu, bir sonraki aya devretmesi lazim. Rezalet."
LZ-00374,2026-01-29 20:19:49,survey,U-01700,5.0,NFC odemesi surekli zaman asimina ugruyor.
LZ-00376,2026-01-29 22:38:17,app_store,U-01067,4.0,Market alışverişinde de kullanılabilse çok iyi olur. Ayrıca canlı destek hiç cevap vermiyor. Teşekkürler.
LZ-00394,2026-01-30 08:00:50,app_store,U-01864,2.0,uygulamada destek talebi oluşturma seçeneği bulamadım.
LZ-00397,2026-01-30 08:05:45,survey,U-02218,10.0,Arayüz sade ve anlaşılır.
LZ-00396,2026-01-30 08:59:33,survey,U-00179,9.0,"Bakiye takibi çok kolay, teşekkürler."
LZ-00387,2026-01-30 09:00:12,app_store,U-00315,3.0,Kasada QR okutuyorum ama ödeme bir türlü geçmiyor. Rezalet.
LZ-00391,2026-01-30 09:28:45,app_store,U-01500,2.0,"lezzo uygulama çok yavaş açılıyor, kasada sırayı bekletiyorum. mağdur durumdayım."
LZ-00393,2026-01-30 09:38:41,support_ticket,U-01733,,"Sealm, Sistem temasına uyan bir koyu tema eklenmeli. Teşekkürler, Burak"
LZ-00392,2026-01-30 11:42:47,support_ticket,U-00873,,"İyi günler, Telefon numaram 0500 000 12 34, beni arayabilirsiniz. Kraanlık mod seçeneği yok mu? - Ece"
LZ-00390,2026-01-30 13:16:41,support_ticket,U-01476,,"Merhaba, Ana sayfanın yüklenmesi yarım dakika sürüyor. Rezalet. Saygılarımla, Mert"
LZ-00388,2026-01-30 16:12:11,app_store,U-00884,1.0,NFC ile ödeme yapmak istiyorum ama telefonu yaklaştırınca hiçbir şey olmuyor. Rezalet.
LZ-00389,2026-01-30 18:23:38,app_store,U-00718,3.0,restoran ağı genişlerse kartı çok daha fazla kullanırım. değerlendirirseniz sevinirim.
LZ-00395,2026-01-30 18:50:00,app_store,U-02201,2.0,Lezzo restoran ödemeyi iptal etti ama para geri gelmedi. Dönüşünüzü bekliyorum.
LZ-00403,2026-01-31 09:56:25,support_ticket,U-00948,,"Merhaba, Her gün öğle yemeğinde kullanıyorum. Giriş yaparken sürekli oturum süreniz doldu hatası alıyorum. Lütfen acilen çözün. Teşekkürler, Ayşe"
LZ-00399,2026-01-31 09:59:00,support_ticket,U-01374,,"Selam, Maaş günü geldi ama yeemk bakiyem hala yüklenmedi. Rezalet. - Selin"
LZ-00406,2026-01-31 10:30:27,support_ticket,U-00940,,"Şirketimiz geçen ay bu karta geçti. Uygulamada destek talebi oluşturma seçeneği bulamadım. Teşekkürler, Burak"
LZ-00401,2026-01-31 11:01:13,support_ticket,U-00119,,"Selam, Telefon numaram 0500 000 12 34, beni arayabilirsiniz. Market alışverişinde de kullanılabilse çok iyi olur. Değerlendirirseniz sevinirim. İyi çalışmalar, Mehmet"
LZ-00405,2026-01-31 11:30:56,app_store,U-02000,4.0,Karanlık mod eklenirse çok iyi olur. Ayrıca her açılışta tekrar tekrar SMS kodu istiyor. Teşekkürler.
LZ-00407,2026-01-31 12:49:18,app_store,U-01122,5.0,"Bakiye takibi çok koaly, teşekkürler. Emeği geçenlere teşekkürler!"
LZ-00409,2026-01-31 15:49:24,survey,U-01938,8.0,"Kart taşımaktan kurtuldum, harika bir uygulama."
LZ-00402,2026-01-31 16:40:57,support_ticket,U-01546,,"Merhabalar, Her gün öğle yemeğinde kullanıyorum. Anlaşmalı restoran sayısı çok az, Kadıköy tarafında neredeyse hiç yer yok. Yol hartianızda var mı?"
LZ-00398,2026-01-31 18:20:24,app_store,U-01368,1.0,QR okuttuktan sonra uygulama beyaz ekranda kaliyor. Magdur durumdayim.
LZ-00404,2026-01-31 18:22:29,support_ticket,U-00640,,"Merhabalar, Yaklaşık 3 aydır kullanıcınızım. Şifremi doğru girmeme rağmen giriş yapamıyorum. Rezalet."
LZ-00400,2026-01-31 18:25:14,app_store,U-01823,4.0,"Anlasmali restoran sayisi cok az, Maslak tarafinda neredeyse hic yer yok. Yol haritanizda var mi?"
LZ-00408,2026-01-31 22:22:56,app_store,U-01372,5.0,Yemek kartı uygulamaları arasında en iyisi. Emeği geçenlere teşekkürler!
LZ-00413,2026-02-01 09:40:20,app_store,U-00239,2.0,"her açılışta tekrar tekrar sms kodu istiyor. ayrıca müşteri hizmetlerine ulaşmak imkansız, çağrı merkezi yarım saat bekletiyor."
LZ-00414,2026-02-01 11:27:53,app_store,U-01363,4.0,lezzo kaarnlik mod secenegi yok mu? yol haritanizda var mi?
LZ-00415,2026-02-01 14:06:25,app_store,U-01572,1.0,"Müşteri hizmetlerine ulaşmak imkansız, çağrı merkezi yarım saat bekletiyor."
LZ-00416,2026-02-01 14:27:51,app_store,U-00261,2.0,Uygulamada destek talebi oluşturma seçeneği bulamadım.
LZ-00418,2026-02-01 16:04:48,app_store,U-00164,4.0,"Bakiye takibi çok kolay, teşekkürler. 5 yıldızı hak ediyor."
LZ-00412,2026-02-01 20:04:55,support_ticket,U-01135,,"Merhabalar, NFC ile ödeme yapmak istiyorum ama telefonu yaklaştırınca hiçbir şey olmuyor. Mağdur durumdayım. Teşekkürler, Zeynep"
LZ-00417,2026-02-01 20:10:07,support_ticket,U-00183,,"İyi günler, Şirketimiz geçen ay bu karta geçti. Uygulamada destek talebi oluşturma seçeneği bulamadım. Saygılarımla, Emre"
LZ-00411,2026-02-01 22:20:02,app_store,U-01918,2.0,lezzo qr okuttuktan snora uygulama beyaz ekranda kalıyor.
LZ-00410,2026-02-01 22:27:32,app_store,U-02436,1.0,QR okuttuktan sonra uygulama beyaz ekranda kalıyor.
LZ-00423,2026-02-02 08:56:56,support_ticket,U-02095,,"İyi günler, Her gün öğle yemeğinde kullanıyorum. Müşteri hizmetlerine ulaşmak imkansız, çağrı merkezi yarım saat bekletiyor. Çok sinir bozucu. Saygılarımla, Ece"
LZ-00420,2026-02-02 11:17:32,support_ticket,U-00087,,"Şirketimiz geçen ay bu karta geçti. Bu ay bakiyem geç yüklendi, iki gün yemek kartsız kaldım. Ayrıca şikayet yazdım, üç gündür dönüş yapılmadı. İyi çalışmalar, Emre"
LZ-00424,2026-02-02 12:11:32,app_store,U-01396,1.0,"Lezzo şikayet yazdım, üç gündür dönüş yapılmadı. Lütfen acilen çözün."
LZ-00426,2026-02-02 12:57:00,survey,U-00641,10.0,Arayuz sade ve anlasilir.
LZ-00427,2026-02-02 15:47:06,app_store,U-02241,4.0,"ödeme saniyeler içinde bitiyor, çok memnunum. başarılar!"
LZ-00421,2026-02-02 15:59:14,app_store,U-01365,3.0,"SMS doğrulama kodu gelmiyor, uygulamaya giremiyorum."
LZ-00425,2026-02-02 16:11:46,app_store,U-02311,2.0,"müşteri hizmetlerine ulaşmak imkansız, çağrı merkezi yarım saat bekletiyor. lütfen aclien çözün."
LZ-00422,2026-02-02 16:44:12,app_store,U-00355,3.0,"Uygulama cok yavas aciliyor, kasada sirayi bekletiyorum. Magdur durumdayim."
LZ-00428,2026-02-02 17:36:27,survey,U-01763,8.0,Yemek kartı uygulamaları arasında en iyisi. Ayrıca canlı destek hiç cevap vermiyor.
LZ-00419,2026-02-02 18:19:11,app_store,U-00006,2.0,lzezo kasada qr okutuyorum ama odeme bir turlu gecmiyor. magdur durumdayim.
LZ-00442,2026-02-03 08:18:22,app_store,U-00439,4.0,karanlık mod eklenirse çok iyi olur. teşekkürler.
LZ-00433,2026-02-03 09:33:41,support_ticket,U-02336,,"Yaklaşık 8 aydır kullanıcınızım. Bu ay bakiyem geç yüklendi, iki gün yemek kartsız kaldım. Lütfen acilen çözün."
LZ-00431,2026-02-03 09:56:19,app_store,U-00671,2.0,Odeme onaylandi diyor ama restoranin cihazina dusmuyor.
LZ-00436,2026-02-03 10:54:44,support_ticket,U-01636,,"Selam, Her gün öğle yemeğinde kullanıyorum. Kahve zincirlerinde de geçerli olsa harika olur. Değerlendirirseniz sevinirim. - Mert"
LZ-00447,2026-02-03 11:21:22,app_store,U-02454,5.0,yemek kartı uygulamaları arasında en iyisi.
LZ-00441,2026-02-03 11:32:50,survey,U-01179,6.0,Sistem temasına uyan bir koyu tema eklenmeli.
LZ-00439,2026-02-03 12:02:29,app_store,U-00607,3.0,"Sistem temasına uyan bir koyu tema eklenmeli. Ayrıca telefonu POS cihazına yaklaştırıyorum, ödeme ekranı açılmıyor."
LZ-00443,2026-02-03 13:20:22,survey,U-01750,6.0,Google Pay entegrasyonu olsa cok pratik olur.
LZ-00435,2026-02-03 13:43:59,support_ticket,U-02059,,"Selam, E-posta adresim ayse.k@example.com. Şirketim yükleme yaptığını söylüyor ama bakiyem sıfır görünüyor. Ayrıca Apple Pay'e eklenebilse telefonu açmadan ödeme yapardım. Çok sinir bozucu. Saygılarımla, Mehmet"
LZ-00429,2026-02-03 15:11:09,support_ticket,U-01984,,"Merhabalar, Yaklaşık 6 aydır kullanıcınızım. QR ödemesi iki kere çekildi, bakiyemden iki kez düştü. Saygılarımla, Ceren"
LZ-00437,2026-02-03 16:21:58,support_ticket,U-01721,,"Merhabalar, Uygulama çok fazla pil tüketiyor. İyi çalışmalar, Ece"
LZ-00432,2026-02-03 17:22:56,app_store,U-00022,1.0,NFC odemesi surekli zaman asimina ugruyor. Lutfen acilen cozun.
LZ-00434,2026-02-03 17:29:31,support_ticket,U-00777,,"Şirketimiz geçen ay bu karta geçti. Bakiye yüklendi bildirimi geldi ama uygulamada eski bakiye duruyor. Çok sinir bozucu. Teşekkürler, Elif"
LZ-00444,2026-02-03 18:11:26,survey,U-00544,5.0,Kartı telefonun cüzdan uygulamasına eklemek istiyorum.
LZ-00438,2026-02-03 20:49:25,app_store,U-01170,2.0,Bakiye ekranı açılana kadar kasadaki herkes bekliyor. Çok sinir bozucu.
LZ-00446,2026-02-03 21:40:25,app_store,U-01765,5.0,"bakiye takibi cok kolay, tesekkurler."
LZ-00440,2026-02-03 22:15:24,survey,U-02482,7.0,"Gece kullanirken beyaz ekran goz yoruyor, karanlik tema lutfen."
LZ-00430,2026-02-03 22:21:38,app_store,U-01941,2.0,Ödeme onaylandı diyor ama restoranın cihazına düşmüyor.
LZ-00445,2026-02-03 22:57:20,survey,U-01193,8.0,Yemek kartı uygulamaları arasında en iyisi.
LZ-00450,2026-02-04 08:02:09,survey,U-01148,8.0,Akıllı saatle ödeme yapabilmek harika olurdu.
LZ-00455,2026-02-04 08:13:24,app_store,U-01345,3.0,"Lezzo müşteri hizmetlerine ulaşmak imkansız, çağrı merkezi yarım saat bekletiyor."
LZ-00452,2026-02-04 09:14:05,app_store,U-01499,4.0,apple pay'e eklenebilse telefonu acmadan odeme yapardim. tesekkurler.
LZ-00454,2026-02-04 10:24:56,app_store,U-01155,2.0,"Ay sonunda kalan bakiye yanıyor mu, bir sonraki aya devretmesi lazım. Dönüşünüzü bekliyorum."
LZ-00459,2026-02-04 11:14:55,survey,U-01681,10.0,"Bakiye takibi çok kloay, teşekkürler."
LZ-00460,2026-02-04 13:12:30,app_store,U-01341,5.0,Kullanımı çok basit ve hızlı.
LZ-00448,2026-02-04 13:26:15,app_store,U-01622,1.0,QR okuttuktan sonra uygulama byeaz ekranda kaliyor.
LZ-00451,2026-02-04 16:50:03,app_store,U-00948,3.0,Google Pay entegrasyonu olsa çok pratik olur. Teşekkürler.
LZ-00456,2026-02-04 17:03:49,support_ticket,U-01882,,"İyi günler, Her gün öğle yemeğinde kullanıyroum. İptal edilen siparişin iadesi hala bakiyeme yansımadı."
LZ-00461,2026-02-04 18:59:48,app_store,U-01492,5.0,Kullanımı çok basit ve hızlı. Emeği geçenlere teşekkürler!
LZ-00457,2026-02-04 19:04:47,app_store,U-01626,4.0,"Bakiye takibi çok kolay, teşekkürler. Başarılar!"
LZ-00458,2026-02-04 19:13:55,app_store,U-01159,5.0,"kart taşımaktan kurtuldum, harika bir uygulama."
LZ-00453,2026-02-04 21:24:37,survey,U-00809,3.0,Bakiyenin son kullanma tarihi olduğunu kimse söylemedi.
LZ-00449,2026-02-04 21:50:07,app_store,U-01362,1.0,"Temassız ödeme bazen geçiyor bazen geçmiyor, güvenemiyorum."
LZ-00482,2026-02-05 08:57:35,survey,U-00677,9.0,Yemek kartı uygulamaları arasında en iyisi.
LZ-00484,2026-02-05 09:02:35,app_store,U-01280,5.0,"Kart taşımaktan kurtuldum, harika bir uygulama. Başarılar!"
LZ-00472,2026-02-05 09:47:44,support_ticket,U-02482,,"Merhabalar, E-posta adresim zeynep.a@example.com. Ana sayfanın yüklenmesi yarım dakika sürüyor. Ayrıca giriş yaparken sürekli oturum süreniz dlodu hatası alıyorum. Rezalet. İyi çalışmalar, Zeynep"
LZ-00479,2026-02-05 09:54:04,support_ticket,U-01474,,"Merhabalar, Karanlık mod seçeneği yok mu? Değerlendirirseniz sevinirim. İyi çalışmalar, Elif"
LZ-00475,2026-02-05 10:11:53,support_ticket,U-01193,,"İyi günler, Her gün öğle yemeğinde kullanıyorum. Yakınımdaki restoranları listelemiyor, konumumu bulamıyor. Rezalet. Teşekkürler, Ceren"
LZ-00477,2026-02-05 10:51:30,support_ticket,U-02500,,"İyi günler, Gece kullanırken beyaz ekran göz yoruyor, karanlık tema lütfen. Değerlendirirseniz sevinirim. Teşekkürler, Emre"
LZ-00466,2026-02-05 11:44:05,support_ticket,U-00161,,"Selam, Kahve zincirlerinde de geçerli olsa harika olur. İyi çalışmalar, Can"
LZ-00465,2026-02-05 12:06:18,app_store,U-00512,5.0,"Market alisverisinde de kullanilabilse cok iyi olur. Ayrica sikayet yazdim, uc gundur donus yapilmadi. Yol hairtanizda var mi?"
LZ-00480,2026-02-05 13:11:25,survey,U-01615,3.0,"Musteri hizmetlerine ulasmak imkansiz, cagri merkezi yarim saat bekletiyor."
LZ-00462,2026-02-05 14:00:37,survey,U-00570,3.0,Kasada QR okutuyorum ama ödeme bir türlü geçmiyor.
LZ-00478,2026-02-05 14:24:48,support_ticket,U-02123,,"Merhabalar, Her gün öğle yemeğinde kullanıyorum. Sistem temasına uyan bir koyu tema eklenmeli. Değerlendirirseniz sevinirim. Teşekkürler, Zeynep"
LZ-00469,2026-02-05 14:33:08,support_ticket,U-01170,,"Anlaşmalı restoran sayısı çok az, Maslak tarafında nreedeyse hiç yer yok. Teşekkürler, Deniz"
LZ-00471,2026-02-05 14:40:32,support_ticket,U-00048,,"Merhabalar, Telefon numaram 0500 000 12 34, beni arayabilirsiniz. Ana sayfanın yüklenmesi yarım dakika sürüyor. Lütfen acilen çözün. - Mert"
LZ-00463,2026-02-05 14:55:45,support_ticket,U-01651,,"İyi günler, E-posta adresim mehmet.y@example.com. Kasada QR okutuyorum ama ödeme bir türlü geçmiyor. - Ece"
LZ-00464,2026-02-05 14:56:11,survey,U-02286,8.0,Kahve zincirlerinde de gecerli olsa harika olur.
LZ-00476,2026-02-05 15:54:12,app_store,U-00664,4.0,"gece kullanırken byeaz ekran göz yoruyor, karanlık tema lütfen. teşekkürler."
LZ-00483,2026-02-05 17:04:27,app_store,U-00496,4.0,"bakiye takibi cok kolay, tesekkurler."
LZ-00473,2026-02-05 17:10:06,support_ticket,U-00741,,"Merhaba, Yaklaşık 6 aydır kullanıcınızım. Bakiye ekranı açılana kadar kasadkai herkes bekliyor. Dönüşünüzü bekliyorum. İyi çalışmalar, Elif"
LZ-00481,2026-02-05 19:31:49,app_store,U-00662,3.0,"Müşteri hizmetlerine ulaşmak imkansız, çağrı merkezi yarım saat bekletiyor. Lütfen acilen çözün."
LZ-00467,2026-02-05 20:22:57,app_store,U-00338,4.0,restoran agi genislerse karti cok daha fazla kullanirim. yol haritanizda var mi?
LZ-00474,2026-02-05 20:43:49,support_ticket,U-00980,,"Selam, Yaklaşık 12 aydır kullanıcınızım. Restoranların çalışma saatleri yanlış yazıyor. Çok sinir bozucu. Teşekkürler, Ceren"
LZ-00470,2026-02-05 21:48:46,support_ticket,U-01932,,"Merhabalar, Telefon numaram 0500 000 89 01, beni arayabilirsiniz. SMS doğrulama kodu gelmiyor, uygulamaya giremiyorum. Mağdur durumdayım. Saygılarımla, Ceren"
LZ-00468,2026-02-05 22:47:59,app_store,U-00359,4.0,Market alışverişinde de kullanılabilse çok iyi olur. Yol haritanızda var mı?
LZ-00497,2026-02-06 08:39:53,app_store,U-00976,3.0,"Kullanmadığım bakiye sonraki aya aktarılmıyor, bu çok haksız. Çok sinir bozucu."
LZ-00490,2026-02-06 09:15:06,app_store,U-00405,4.0,"Lezzo anlasmali restoran sayisi cok az, Kadikoy tarafinda neredeyse hic yer yok. Ayrica QR ile odeme yeni guncellemeden beri calismiyor, kasada rezil oldum. Degerlendirirseniz seviinrim."
LZ-00489,2026-02-06 09:26:13,app_store,U-00145,5.0,Lezzo restoran ağı genişlerse kartı çok daha fazla kullanırım. Değerlendirirseniz sevinirim.
LZ-00498,2026-02-06 11:26:39,app_store,U-00641,1.0,Canli destek hic cevap vermiyor.
LZ-00493,2026-02-06 12:01:14,app_store,U-01731,1.0,Eski Android telefonumda açılışta çöküyor. Lütfen acilen çözün.
LZ-00488,2026-02-06 12:39:02,app_store,U-00377,1.0,Maaş günü geldi ama yeemk bakiyem hala yüklenmedi. Mağdur durumdayım.
LZ-00492,2026-02-06 13:15:11,app_store,U-02161,2.0,Uygulama çok fazla pil tüketiyor.
LZ-00494,2026-02-06 14:20:27,support_ticket,U-00133,,"Merhaba, Şirketimiz geçen ay bu karta geçti. Haritada kapanmış restoranlar hala görünüyor. Çok sinir bozucu. İyi çalışmalar, Ece"
LZ-00485,2026-02-06 14:36:21,survey,U-01509,0.0,QR kodu okutunca ödeme ekranında takılı kalıyor.
LZ-00495,2026-02-06 15:01:58,app_store,U-01643,1.0,"Lezzo yakinimdaki restoranlari listelemiyor, konumumu bulamiyor. Rezalet."
LZ-00496,2026-02-06 16:02:16,survey,U-00178,6.0,Apple Pay'e eklenebilse telefonu açmadan ödeme yapardım.
LZ-00499,2026-02-06 16:56:40,survey,U-02272,1.0,"İade süreci çok uzun, bir haftadır bekliyorum."
LZ-00491,2026-02-06 17:07:48,survey,U-00231,3.0,"Uygulama sürekli donuyor, kapatıp açmam gerekiyor. Ayrıca iptal edilen siparişin iadesi hala bakiyeme yansımadı."
LZ-00500,2026-02-06 21:45:39,survey,U-00782,9.0,"Bakiye takibi cok kolay, tesekkurler."
LZ-00487,2026-02-06 21:52:58,survey,U-01764,1.0,"Temassiz odeme bazen geciyor bazen gecmiyor, guvenemiyorum."
LZ-00486,2026-02-06 22:21:22,support_ticket,U-00064,,"Temassız ödeme bazen geçiyor bazen geçmioyr, güvenemiyorum. Çok sinir bozucu. Saygılarımla, Ceren"
LZ-00501,2026-02-06 22:46:32,app_store,U-00165,5.0,Kullanımı çok basit ve hızlı. Başarılar!
LZ-00502,2026-02-07 08:59:47,app_store,U-01299,2.0,"Lezzo QR ile ödeme iki gündür çalışmıyor, kasada rezil oldum."
LZ-00507,2026-02-07 11:30:20,survey,U-02012,0.0,Kalan bakiyemi bir iş arkadaşıma transfer edemiyorum. Ayrıca iptal edilen siparişin iadesi hala bakiyeme yansımadı.
LZ-00508,2026-02-07 13:50:49,app_store,U-01942,5.0,Arayuz sade ve anlasilir.
LZ-00509,2026-02-07 18:23:40,app_store,U-00624,4.0,"Odeme saniyeler icinde bitiyor, cok memnunum. Emegi gecenlere tesekkurler!"
LZ-00503,2026-02-07 19:32:54,support_ticket,U-00065,,"İyi günler, Her açılışta tekrar tekrar SMS kodu istiyor. Saygılarımla, Ayşe"
LZ-00504,2026-02-07 20:13:30,app_store,U-01589,4.0,"Gece kullanirken beyaz ekarn goz yoruyor, karanlik tema lutfen. Degerlendirirseniz sevinirim."
LZ-00506,2026-02-07 21:34:30,app_store,U-02211,3.0,kalan bakiyemi bir iş arkadaşıma transfer edemiyorum. mağdur durumdayım.
LZ-00505,2026-02-07 22:44:48,app_store,U-01804,5.0,Kartı telefonun cüzdan uygulmaasına eklemek istiyorum.
LZ-00511,2026-02-08 08:32:59,app_store,U-01830,1.0,Lezzo temassız ödeme eski Android telefonumda çalışmıyor. Lütfen acilen çözün.
LZ-00520,2026-02-08 09:06:27,support_ticket,U-01066,,"Merhaba, Yaklaşık 3 aydır kullanıcınızım. Kullanmadığım bakiye sonraki aya aktarılmıyor, bu çok haksız. Çok sinir bozucu. Saygılarımla, Ayşe"
LZ-00515,2026-02-08 09:29:22,app_store,U-02179,4.0,Market alışverişinde de kullanılabilse çok iyi olur. Yol haritanızda var mı?
LZ-00522,2026-02-08 10:20:23,survey,U-00242,10.0,"Ödeme snaiyeler içinde bitiyor, çok memnunum. Ayrıca telefonu POS cihazına yaklaştırıyorum, ödeme ekranı açılmıyor."
LZ-00512,2026-02-08 14:00:24,support_ticket,U-00411,,"Merhaba, E-posta adresim zeynep.a@example.com. Maaş günü geldi ama yemek bakiyem hala yüklenmedi. Rezalet. Teşekkürler, Selin"
LZ-00517,2026-02-08 16:24:52,survey,U-01627,0.0,Haritada kapanmış restoranlar hala görünüyor.
LZ-00518,2026-02-08 16:25:37,app_store,U-01716,4.0,karanlık mod eklenirse çok iyi olur. teşekkürler.
LZ-00510,2026-02-08 18:33:58,app_store,U-01173,1.0,Kasada QR okutuyorum ama ödeme bir türlü geçmiyor.
LZ-00514,2026-02-08 18:35:57,survey,U-02287,5.0,"Anlaşmalı restoran sayısı çok az, Kadıköy tarafında neredeyse hiç yer yok."
LZ-00513,2026-02-08 19:10:46,survey,U-01067,0.0,"Bu ay bakiyem gec yuklendi, iki gun yemek kartsiz kaldim."
LZ-00523,2026-02-08 21:07:53,app_store,U-00318,4.0,Arayuz sade ve anlasilir. 5 yildizi hak ediyor.
LZ-00516,2026-02-08 21:28:07,support_ticket,U-00850,,"Merhabalar, Bakyie ekranı açılana kadar kasadaki herkes bekliyor."
LZ-00521,2026-02-08 21:31:40,app_store,U-02477,5.0,"Bakiye takibi cok kolay, tesekkurler."
LZ-00519,2026-02-08 22:45:57,support_ticket,U-00397,,"Merhaba, Şirketimiz geçen ay bu karta geçti. Bakiyenin son kullanma tarihi olduğunu kimse söylemedi. Çok sinir bozucu. Saygılarımla, Mert"
LZ-00528,2026-02-09 11:21:57,support_ticket,U-01783,,"Selam, Yüklenen tutar eksik görünüyor, 50 TL eksik. Ayrıca uygulama çok yavaş açılıyor, kasada sırayı bekletiyorum. Rezalet. Teşekkürler, Ayşe"
LZ-00540,2026-02-09 13:03:23,app_store,U-00916,5.0,"lezzo kart taşımaktan kurtuldum, harika bir uygulama. ayrıca şikayet yazdım, üç gündür dönüş yapılmadı."
LZ-00538,2026-02-09 13:30:32,survey,U-00111,8.0,Arayüz sade ve anlaşılır.
LZ-00526,2026-02-09 13:39:15,survey,U-01869,2.0,"Telefonu POS cihazına yaklaştırıyorum, ödeme ekranı açılmıyor. Ayrıca gece kullanırken beyaz ekran göz yoruyor, karanlık tema lütfen."
LZ-00525,2026-02-09 13:50:10,support_ticket,U-01720,,"Selam, Temassız ödeme Xiaomi telefonumda çalışmıyor. Çok sinir bozucu."
LZ-00535,2026-02-09 14:08:22,survey,U-00273,5.0,"Sikayet yazdim, uc gundur donus yapilmadi."
LZ-00531,2026-02-09 15:50:24,app_store,U-01562,2.0,Ana sayfanın yüklenmesi yarım dakika sürüyor. Çok sinir bozucu.
LZ-00533,2026-02-09 16:10:16,survey,U-00645,2.0,"Kullanmadığım bakiye sonraki aya aktarılmıyor, bu çok haksız."
LZ-00530,2026-02-09 16:59:53,app_store,U-00165,4.0,Evimin ve iş yerimin yakınında kartın geçtiği restoran yok. Yol haritanızda var mı?
LZ-00534,2026-02-09 17:18:42,support_ticket,U-00324,,"Merhabalar, Yaklaşık 3 aydır kullanıcınızım. Şikayet yazdım, üç gündür dönüş yapılmadı. Çok sinir bozucu. İyi çalışmalar, Ceren"
LZ-00527,2026-02-09 19:10:46,support_ticket,U-01463,,"Selam, Telefon numaram 0500 000 89 01, beni arayabilirsiniz. Şirketim yükleme yaptığını söylüyor ama bakiyem sıfır görünüyor. Saygılarımla, Mert"
LZ-00524,2026-02-09 19:53:26,survey,U-00425,5.0,"QR odemesi iki kere cekildi, bakiyemden iki kez dustu."
LZ-00536,2026-02-09 20:49:37,app_store,U-02442,2.0,"İade süreci çok uzun, bir haftadır bekliyorum. Lütfen acilen çözün."
LZ-00539,2026-02-09 21:47:10,app_store,U-01932,5.0,"Lezzo bakiye takibi çok kolay, teşekkürler. 5 yıldızı hak ediyor."
LZ-00529,2026-02-09 21:51:09,survey,U-00068,1.0,"Şirketim yükleme yaptığını söylüyor ama bakiyem sıfır görünüyor. Ayrıca iade süreci çok uzun, bir haftadır bekliyorum."
LZ-00532,2026-02-09 22:29:18,support_ticket,U-00359,,"İyi günler, Haritada restoranlar yanlış konumda gösteriliyor. Teşekkürler, Can"
LZ-00537,2026-02-09 22:37:15,app_store,U-01448,5.0,"Lezzo odeme saniyeler icinde bitiyor, cok memnunum. Emegi gecenlere tesekkurler!"
LZ-00553,2026-02-10 08:45:05,support_ticket,U-00245,,"Selam, Yaklaşık 18 aydır kullanıcınızım. Google Pay entegrasyonu olsa çok pratik olur. İyi çalışmalar, Mehemt"
LZ-00541,2026-02-10 08:48:50,support_ticket,U-01654,,"Merhaba, Şirketim yükleme yaptığını söylüyor ama bakiyem sıfır görünüyor. Saygılarımla, Zeynep"
LZ-00547,2026-02-10 09:29:32,app_store,U-02077,2.0,sifremi dogru girmeme ragmen giris yapamiyorum. ayrica iptal edilen siparisin iadesi hala bakiyeme yansimadi. lutfen acilen cozun.
LZ-00544,2026-02-10 10:03:16,app_store,U-00826,4.0,yemek siparisi uygulamalarinda da kullanilabilse harika olur.
LZ-00546,2026-02-10 10:08:10,app_store,U-00137,1.0,şifremi doğru girmeme rağmen giriş yapamıyorum. lütfen acilen çözün.
LZ-00551,2026-02-10 11:55:45,support_ticket,U-01782,,"Merhaba, Akıllı saatle ödeme yapabilmek harika olurdu. Teşekkürler. İyi çalışmalar, Mert"
LZ-00545,2026-02-10 12:09:47,app_store,U-02305,1.0,"Lezzo SMS dogrulama kodu gelmiyor, uygulamaya giremiyorum. Donusunuzu bekliyorum."
LZ-00549,2026-02-10 12:21:41,app_store,U-02250,1.0,Haritada kapanmis restoranlar hala gorunuyor. Ayrica karti telefonun cuzdan uygulamasina eklemek istiyorum. Rezalet.
LZ-00548,2026-02-10 13:21:15,support_ticket,U-01377,,"İyi günler, Telefon numaram 0500 000 12 34, beni arayabilirsiniz. Doğrulama kodu çok geç geliyor, geldiğinde de süresi dolmuş oluyor. Çok sinir bozucu. Teşekkürler, Deniz"
LZ-00542,2026-02-10 14:58:48,survey,U-00823,8.0,Kahve zincirlerinde de geçerli olsa harika olur.
LZ-00554,2026-02-10 15:06:14,support_ticket,U-02064,,"Müşteri hizmetleirne ulaşmak imkansız, çağrı merkezi yarım saat bekletiyor."
LZ-00552,2026-02-10 15:32:39,support_ticket,U-01972,,"Selam, Google Pay entegrasyonu olsa çok pratik olur. Değerlendirirseniz sevinirim."
LZ-00556,2026-02-10 16:27:18,app_store,U-00801,5.0,"Kart tasimaktan kurtuldum, harika bir uygulama. Basarilar!"
LZ-00555,2026-02-10 16:34:53,survey,U-02122,3.0,Canlı destek hiç cevap vermiyor.
LZ-00557,2026-02-10 16:53:28,survey,U-00951,8.0,Yemek kartı uygulamaları arasında en iyisi.
LZ-00543,2026-02-10 17:11:47,app_store,U-02176,4.0,Market alisverisinde de kullanilabilse cok iyi olur.
LZ-00550,2026-02-10 22:07:56,app_store,U-00588,2.0,Restoran ararken filtreler calismiyor. Lutfen acilen cozun.
LZ-00563,2026-02-11 08:08:05,app_store,U-01362,1.0,uygulmaa çok fazla pil tüketiyor.
LZ-00565,2026-02-11 09:06:51,survey,U-01147,6.0,Sistem temasına uyan bir koyu tema eklenmeli.
LZ-00559,2026-02-11 09:44:38,support_ticket,U-00768,,"Merhaba, Temassız ödeme iPhone telefonumda çalışmıyor."
LZ-00569,2026-02-11 10:33:45,survey,U-01435,1.0,"Müşteri hizmetlerine ulaşmak imkansız, çağrı merkezi yarım saat bekletiyor."
LZ-00573,2026-02-11 13:32:28,app_store,U-00885,5.0,Kullanımı çok bsait ve hızlı. 5 yıldızı hak ediyor.
LZ-00564,2026-02-11 13:57:47,app_store,U-00650,2.0,"yakinimdaki restoranlari listelemiyor, konumumu bulamiyor. cok sinir bozucu."
LZ-00574,2026-02-11 14:11:57,app_store,U-01649,4.0,"kart tasimaktan kurtuldum, harika bir uygulama."
LZ-00570,2026-02-11 14:45:08,app_store,U-00418,1.0,"Musteri hizmetlerine ulasmak imkansiz, cagri merkezi yarim saat bekletiyor. Rezalet."
LZ-00562,2026-02-11 16:13:52,app_store,U-01460,4.0,Lezzo market alışverişinde de kullanılabilse çok iyi olur.
LZ-00567,2026-02-11 17:47:21,app_store,U-01639,4.0,Karanlık mod seçeneği yok mu? Yol haritanızda var mı?
LZ-00571,2026-02-11 18:01:31,support_ticket,U-01947,,"Selam, Canlı destek hiç cevap vermiyor. - Mert"
LZ-00568,2026-02-11 18:16:41,survey,U-02259,7.0,Akıllı saatle ödeme yapabilmek harika olurdu. Ayrıca kahve zincirlerinde de geçerli olsa harika olur.
LZ-00558,2026-02-11 18:22:53,survey,U-00307,4.0,"QR odemesi iki kere cekildi, bakiyemden iki kez dustu."
LZ-00572,2026-02-11 18:47:43,support_ticket,U-00788,,"Selam, Yaklaşık 6 aydır kullanıcınızım. İade süreci çok uzun, bir haftadır bekliyorum. İyi çalışmalar, Zeynep"
LZ-00561,2026-02-11 18:50:37,support_ticket,U-00869,,"Selam, Her gün öğle yemeğinde kullanıyorum. Sevdiğim kafeler anlaşmalı değil, lütfen daha fazla restoran ekleyin. Ayrıca Apple Pay'e eklenebilse telefonu açmadan ödeme yapardım."
LZ-00566,2026-02-11 19:24:27,app_store,U-02444,5.0,Sistem temasina uyan bir koyu tema eklemneli.
LZ-00560,2026-02-11 19:40:08,app_store,U-00231,2.0,"Bu ay bakiyem geç yüklendi, iki gün yemek kartsız kaldım."
LZ-00579,2026-02-12 08:55:06,app_store,U-00938,4.0,Restoran ağı genişlerse kartı çok daha fazla kullanırım.
LZ-00585,2026-02-12 10:29:55,app_store,U-02396,4.0,Akıllı saatle ödeme yapabilmek harika olurdu.
LZ-00576,2026-02-12 12:32:23,app_store,U-00499,3.0,"yuklenen tutar eksik gorunuyor, 250 tl eksik."
LZ-00575,2026-02-12 12:32:43,app_store,U-00387,1.0,Şirketim yükleme yaptığını söylüyor ama bakiyem sıfır görünüyor. Dönüşünüzü bekliyorum.
LZ-00584,2026-02-12 12:55:44,app_store,U-01307,4.0,Lezzo kartı telfeonun cüzdan uygulamasına eklemek istiyorum. Değerlendirirseniz sevinirim.
LZ-00589,2026-02-12 13:33:00,app_store,U-01135,5.0,arayüz sade ve anlaşılır. emeği geçenlere teşekkürler!
LZ-00583,2026-02-12 13:53:14,support_ticket,U-00796,,"Selam, Yakınımdaki restoranları listleemiyor, konumumu bulamıyor. Çok sinir bozucu. Teşekkürler, Ayşe"
LZ-00580,2026-02-12 16:05:45,support_ticket,U-00903,,"Selam, Telefon numaram 0500 000 89 01, beni arayabilirsiniz. Uygulama çok yavaş açılıyor, kasada sırayı bekletiyorum. Lütfen acilen çözün. - Zeynep"
LZ-00578,2026-02-12 17:02:07,support_ticket,U-01858,,"İyi günler, Kahve zincirlerinde de geçerli olsa harika olur. İyi çalışmalar, Ayşe"
LZ-00586,2026-02-12 18:06:55,support_ticket,U-01341,,"Merhabalar, Telefon numaram 0500 000 89 01, beni arayabilirsiniz. Müşteri hizmetlerine ulaşmak imkansız, çağrı merkezi yarım saat bekletiyor. Rezalet. İyi çalışmalar, Ayşe"
LZ-00587,2026-02-12 19:50:57,app_store,U-00624,5.0,Kullanımı çok bsait ve hızlı. Başarılar!
LZ-00588,2026-02-12 20:02:25,app_store,U-00889,5.0,Yemek kartı uygulamaları arasında en iyisi.
LZ-00582,2026-02-12 20:19:09,app_store,U-01555,2.0,samsung telefonumda açılışta çöküyor. dönüşünüzü bekliyorum.
LZ-00577,2026-02-12 22:11:14,survey,U-00893,5.0,Kahve zincirlerinde de geçerli olsa harika olur.
LZ-00581,2026-02-12 22:50:05,survey,U-01940,6.0,Xiaomi telefonumda açılışta çöküyor.
LZ-00598,2026-02-13 08:40:47,support_ticket,U-01213,,"İyi günler, Telefon numaram 0500 000 89 01, beni arayabilirsiniz. Uygulama sürekli donuyor, kaaptıp açmam gerekiyor."
LZ-00591,2026-02-13 09:47:00,app_store,U-00094,1.0,Lezzo QR kodu okutunca odeme ekraninda takili kaliyor. Ayrica restoran ararken filtreler calismiyor. Lutfen acilen cozun.
LZ-00600,2026-02-13 10:21:59,app_store,U-02243,3.0,lezzo google pay entegrasyonu olsa çok pratik olur. teşekkürler.
LZ-00590,2026-02-13 13:08:58,support_ticket,U-02085,,"Her gün öğle yemeğinde kullanıyorum. QR okuttuktan sonra uygulama beyaz ekranda kalıyor. Teşekkürler, Deniz"
LZ-00599,2026-02-13 13:30:34,app_store,U-02059,1.0,restoran ararken filtreler calismiyor. ayrica sirketim yukleme yaptigini soyluyor ama bakiyem sifir gorunuyor. magdur durumdayim.
LZ-00594,2026-02-13 15:11:45,support_ticket,U-00662,,"Selam, Yaklaşık 3 aydır kullanıcınızım. Bu ay bakiyem geç yüklendi, iki gün yemek kartsız kaldım. Mağdur durumdayım. Saygılarımla, Can"
LZ-00601,2026-02-13 16:07:40,survey,U-02316,1.0,"Ay sonunda kalan bakiye yaniyor mu, bir sonraki aya devretmesi lazim. Ayrica giris yaparken surekli oturum sureniz doldu hatasi aliyorum."
LZ-00595,2026-02-13 17:16:12,survey,U-00955,4.0,Bakiye ekranı açılana kadar kasadaki herkes bekliyor.
LZ-00597,2026-02-13 19:17:11,support_ticket,U-02482,,"Telefon numaram 0500 000 45 67, beni arayabilirsiniz. Uygulama çok fazla pil tüketiyor. Rezalet. İyi çalışmalar, Can"
LZ-00596,2026-02-13 19:20:09,app_store,U-00645,1.0,"Uygulama surekli donuyor, kapatip acmam gerekiyor. Magdur durumdayim."
LZ-00602,2026-02-13 20:27:25,survey,U-00311,10.0,Yemek karti uygulamalari arasinda en iyisi.
LZ-00592,2026-02-13 20:48:44,app_store,U-01551,1.0,Maaş günü geldi ama yemek bakiyem hala yüklenmedi. Lütfen acilen çözün.
LZ-00593,2026-02-13 20:58:04,support_ticket,U-02482,,"İyi günler, Telefon numaram 0500 000 89 01, beni arayabilirsiniz. Bakiye yüklendi bildirimi geldi ama uygulamada eski bakiye duruyor. Çok sinir bozucu. İyi çalışmalar, Elif"
LZ-00606,2026-02-14 12:05:21,app_store,U-01436,1.0,"Uygulama çok yavaş açılıyor, kasada sırayı bekletiyorum."
LZ-00604,2026-02-14 12:30:21,support_ticket,U-00499,,"İyi günler, Şirketimiz geçen ay bu karta geçti. Restoran ağı genişlerse kartı çok daha fzala kullanırım. - Emre"
LZ-00605,2026-02-14 12:58:56,app_store,U-02014,1.0,"Dogrulama kodu cok gec geliyor, geldiginde de suresi dolmus oulyor."
LZ-00610,2026-02-14 14:37:04,app_store,U-00034,5.0,"Ödeme saniyeler içinde bitiyor, çok memnunum. Ayrıca market alışverişinde de kullanılabilse çok iyi olur. Başarılar!"
LZ-00608,2026-02-14 15:02:38,app_store,U-00819,2.0,"lezzo ay sonunda kalan bakiye yanıyor mu, bir sonraki aya devretmesi lazım. dönüşünüzü bekliyorum."
LZ-00609,2026-02-14 17:58:26,survey,U-02212,0.0,Kalan bakiyemi bir iş arkadaşıma transfer edemiyorum.
LZ-00603,2026-02-14 20:12:42,support_ticket,U-00765,,"E-posta adresim zeynep.a@example.com. Kamera QR kodu okumuyor, sürekli odaklanmaya çalışıyor. Ayrıca uygulamada destek talebi oluşturma seçeneği bulamadım. Saygılarımla, Ayşe"
LZ-00607,2026-02-14 21:45:20,app_store,U-00570,1.0,Haritada kapnamis restoranlar hala gorunuyor. Donusunuzu bekliyorum.
LZ-00620,2026-02-15 09:34:39,support_ticket,U-01304,,"İyi günler, Bakiye takibi çok kolay, teşekkürler. Teşekkürler, Deniz"
LZ-00612,2026-02-15 10:06:54,support_ticket,U-01849,,"Selam, Her gün öğle yemeğinde kullanıyorum. Anlaşmalı restoran sayısı çok az, Ataşehir tarafında neredeyse hiç yer yok. Ayrıca iade süreci çok uzun, bir haftadır bekliyorum."
LZ-00617,2026-02-15 13:18:14,support_ticket,U-00986,,"Merhabalar, Telefon numaram 0500 000 89 01, beni arayabilirsiniz. Gece kullanırken beyaz ekran göz yoruyor, karanlık tema lütfen."
LZ-00614,2026-02-15 16:01:36,app_store,U-02157,1.0,Lezzo ana sayfanın yüklenmesi yarım dakika sürüyor. Rzealet.
LZ-00611,2026-02-15 17:25:07,survey,U-00940,8.0,"Sevdiğim kafeler anlaşmalı değil, lütfen daha fazla restoran ekleyin."
LZ-00618,2026-02-15 18:00:00,app_store,U-01537,5.0,Kullanımı çok bsait ve hızlı. Emeği geçenlere teşekkürler!
LZ-00613,2026-02-15 19:40:53,survey,U-02078,2.0,Bakiye ekrani acilana kadar kasadaki herkes bekliyor.
LZ-00619,2026-02-15 21:36:40,survey,U-01662,9.0,"Kart taşımaktan kurtuldum, harika bir uygulama. Ayrıca iade süreci çok uzun, bir haftadır bekilyorum."
LZ-00616,2026-02-15 22:07:14,support_ticket,U-01674,,"Merhabalar, Her gün öğle yemeğinde kullanıyorum. Haritada kapanmış restoranlar hala görünüyor. Rezaelt. - Elif"
LZ-00615,2026-02-15 22:41:09,app_store,U-02316,1.0,"Uygulama sürekli donuyor, kapatıp açmam gereikyor. Dönüşünüzü bekliyorum."
LZ-00632,2026-02-16 08:19:35,support_ticket,U-01338,,"Merhaba, E-posta adresim zeynep.a@example.com. İptal edieln siparişin iadesi hala bakiyeme yansımadı. Çok sinir bozucu. Teşekkürler, Deniz"
LZ-00628,2026-02-16 08:49:31,survey,U-01907,0.0,"Uygulama çok yavaş açılıyor, kasada sırayı beklteiyorum."
LZ-00627,2026-02-16 09:20:51,support_ticket,U-00914,,"Selam, Ana sayfanın yüklenmesi yarım dakika sürüyor. - Mehmet"
LZ-00630,2026-02-16 10:53:32,app_store,U-00248,3.0,haritada kapanmis restoranlar hala gorunuyor. cok sinir bzoucu.
LZ-00624,2026-02-16 11:56:45,app_store,U-02382,1.0,"Yüklenen tutar ekisk görünüyor, 250 TL eksik. Ayrıca QR kodu okutunca ödeme ekranında takılı kalıyor."
LZ-00626,2026-02-16 13:14:50,support_ticket,U-02083,,"Merhabalar, Yeni giriş ekranından sonra hesabıma erişemiyorum. Saygılarımla, Ceren"
LZ-00629,2026-02-16 14:23:19,app_store,U-00394,1.0,Ana sayfanın yüklenmesi yarım dakika sürüyor. Dönüşünüzü bekliyorum.
LZ-00621,2026-02-16 15:21:43,survey,U-02000,1.0,"QR ile ödeme yeni güncellemeden beri çalışmıyor, kasada rezil oldum."
LZ-00622,2026-02-16 16:42:20,app_store,U-01020,2.0,"Lezzo QR odemesi iki kere cekildi, bakiyemden iki kez dustu. Rezalet."
LZ-00625,2026-02-16 17:30:55,survey,U-00733,5.0,Yeni giriş ekranından sonra hesabıma erişemiyorum.
LZ-00623,2026-02-16 20:29:23,app_store,U-02000,1.0,Odeme onaylandi diyor ama restoranin cihazina dusmuyor. Magdur durumdayim.
LZ-00631,2026-02-16 22:53:32,app_store,U-00524,1.0,"Ay sonunda kalan bakiye yaniyor mu, bir sonraki aya devretmesi lazim. Rezalet."
LZ-00634,2026-02-17 08:29:24,app_store,U-01667,2.0,qr okuttuktan sonra uygulama beyaz ekranda kaliyor. rezalet.
LZ-00639,2026-02-17 10:49:22,app_store,U-00921,1.0,"lezzo kullanmadığım bakiye sonraki aya aktarılmıyor, bu çok haksız."
LZ-00636,2026-02-17 10:59:15,survey,U-00466,5.0,"Uygulama surekli donuyor, kapatip acmam gerekiyor."
LZ-00638,2026-02-17 11:43:05,app_store,U-02077,5.0,Karanlık mod seçeneği yok mu? Ayrıca restoranların çalışma saatleri yanlış yazıyor. Değerlendirirseniz sevinirim.
LZ-00640,2026-02-17 12:33:06,survey,U-01774,8.0,"Ödeme saniyeler içinde bitiyor, çok memnunum."
LZ-00635,2026-02-17 13:05:30,support_ticket,U-00921,,"Yaklaşık 18 aydır kullanıcınızım. Uygulama çok yavaş açılıyor, kasada sırayı bekletiyorum. Çok sinir bozucu. Teşekkürler, Burak"
LZ-00641,2026-02-17 13:36:09,survey,U-00332,9.0,"Ödeme saniyeler içinde bitiyor, çok memnunum."
LZ-00637,2026-02-17 16:52:52,app_store,U-02141,2.0,restoran ararken filtreler çalışmıyor. dönüşünüzü bekliyorum.
LZ-00643,2026-02-17 17:27:04,survey,U-00853,8.0,"Bakiye takibi çok kolay, teşekkürler."
LZ-00633,2026-02-17 17:31:11,app_store,U-01259,1.0,qr okuttuktan sonra uygulama beyaz ekranda kalıyor. çok sinir bozucu.
LZ-00642,2026-02-17 20:36:37,support_ticket,U-01241,,"Selam, Telefon numaram 0500 000 12 34, beni arayabilirsiniz. Kart taşımaktan kurtuldum, harika bir uygulama. Ayrıca NFC ödemesi sürekli zaman aşımına uğruyor. - Can"
LZ-00654,2026-02-18 08:18:04,support_ticket,U-00142,,"Merhabalar, Her gün öğle yemeğinde kullanıyorum. Uygulama sürekli donuyor, kapatıp açmam gerekiyor. - Deniz"
LZ-00656,2026-02-18 08:19:17,app_store,U-00947,2.0,bakiyenin son kullanma tarihi olduğunu kimse söylemedi. mağdur durumdayım.
LZ-00644,2026-02-18 08:32:07,app_store,U-01616,1.0,Ödeme onaylandı diyor ama restoranın cihazına düşmüyor. Çok sinir bozucu.
LZ-00657,2026-02-18 10:03:18,app_store,U-00846,4.0,yemek karti uygulamalari arasinda en iyisi.
LZ-00650,2026-02-18 10:10:55,app_store,U-00827,2.0,Maaş günü geldi ama yemek bakiyem hala yüklenmedi. Çok sinir bozucu.
LZ-00651,2026-02-18 10:31:21,app_store,U-00556,5.0,"Lezzo anlasmali restoran sayisi cok az, Bornova tarafinda neredeyse hic yer yok."
LZ-00655,2026-02-18 10:34:46,survey,U-01480,4.0,Restoranların çalışma saatleri yanlış yazıyor.
LZ-00647,2026-02-18 14:24:02,app_store,U-02420,2.0,"Kamera QR kodu okumuyor, surekli odaklanmaya calisiyor. Cok sinir bozucu."
LZ-00653,2026-02-18 14:56:13,support_ticket,U-01659,,"Selam, Telefon numaram 0500 000 12 34, beni arayabilirsiniz. SMS doğrulama kodu gelmiyor, uygulamaya giremiyorum. Dönüşünüzü bekliyorum. - Elif"
LZ-00645,2026-02-18 15:54:41,support_ticket,U-00375,,"Merhaba, E-posta adresim ayse.k@example.com. QR okuttutkan sonra uygulama beyaz ekranda kalıyor. İyi çalışmalar, Can"
LZ-00648,2026-02-18 18:04:22,app_store,U-00991,3.0,NFC ödemesi sürekli zaman aşımına uğruyor. Çok sinir bozcuu.
LZ-00649,2026-02-18 19:03:42,app_store,U-00767,3.0,NFC odemesi surekli zaman asimina ugruyor. Donusunuzu bekliyorum.
LZ-00646,2026-02-18 21:07:06,app_store,U-00642,2.0,"kamera qr kodu okumuyor, sürekli odaklanmaya çalışıyor. çok sinir bozucu."
LZ-00652,2026-02-18 21:53:13,survey,U-01500,6.0,Restoran agi genislerse karti cok daha fazla kullanirim.
LZ-00668,2026-02-19 08:20:30,support_ticket,U-01879,,"Kullanmadığım bakiye sonraki aya aktarılmıyor, bu çok haksız. Saygılarımla, Ceren"
LZ-00659,2026-02-19 08:25:21,support_ticket,U-00221,,"Merhaba, Şirketim yükleme yaptığını söylüyor ama bakiyem sıfır görünüyor. - Ceren"
LZ-00661,2026-02-19 09:05:03,survey,U-00044,8.0,Kahve zincirlerinde de gecerli olsa harika olur.
LZ-00658,2026-02-19 10:27:55,survey,U-01154,4.0,Sirketim yukleme yaptigini soyluyor ama bkaiyem sifir gorunuyor.
LZ-00660,2026-02-19 10:46:18,app_store,U-00983,4.0,"Sevdiğim kafeler anlaşmalı değil, lütfen daha fazla restoran ekleyin. Teşekkürler."
LZ-00662,2026-02-19 12:26:54,support_ticket,U-01258,,"Merhabalar, Ana sayfanın yüklenmesi yarım dakika sürüyor. Rezalet. - Mert"
LZ-00669,2026-02-19 12:53:36,support_ticket,U-02218,,"İyi günler, Her gün öğle yemeğinde kullanıyorum. Müşteri hizmetlerine ulaşmak imkansız, çağrı merkezi yarım saat bekletiyor. Lütfen acilen çözün. Teşekkürler, Mehmet"
LZ-00664,2026-02-19 14:11:58,app_store,U-02444,3.0,haritada restoranlar yanlış konumda gösteriliyor.
LZ-00665,2026-02-19 15:48:59,app_store,U-00699,1.0,Restoranların çalışma saatleri yanlış yazıyor. Rezalet.
LZ-00670,2026-02-19 16:32:53,survey,U-00967,10.0,Kullanimi cok basit ve hizli.
LZ-00671,2026-02-19 18:54:37,app_store,U-00450,4.0,"Bakiye takibi çok kolay, teşekkürler. Başarılar!"
LZ-00663,2026-02-19 21:12:02,survey,U-01729,2.0,Bakiye ekrani acilana kadar kasadaki herkes bekliyor.
LZ-00667,2026-02-19 21:20:10,support_ticket,U-00157,,Ssitem temasına uyan bir koyu tema eklenmeli.
LZ-00666,2026-02-19 21:57:57,app_store,U-00104,3.0,Haritada kapanmış restoranlar hala görünüyor. Mağdur durumdayım.
LZ-00678,2026-02-20 08:06:20,app_store,U-00840,1.0,Ana safyanın yüklenmesi yarım dakika sürüyor.
LZ-00675,2026-02-20 08:16:39,app_store,U-00200,4.0,yemek siparişi uygulamalarında da kullanılabilse harika olur.
LZ-00684,2026-02-20 08:25:43,survey,U-01070,4.0,İptal edilen siparişin iadesi hala bakiyeme yansımadı.
LZ-00677,2026-02-20 08:36:48,app_store,U-00453,2.0,Lezzo bakiye ekrani acilana kadar kasadaki herkes bekliyor. Cok sinir bozucu.
LZ-00680,2026-02-20 13:21:01,survey,U-02485,0.0,"Kullanmadığım bakiye sonraki aya aktarılmıyor, bu çok haksız."
LZ-00672,2026-02-20 14:23:04,survey,U-02368,6.0,"Temassiz odeme bazen geciyor bazen gecmiyor, guvenemiyorum."
LZ-00676,2026-02-20 15:34:28,support_ticket,U-01734,,Market alışverişinde de kullanılabilse çok iyi olur. Teşekkürler. - Mert
LZ-00674,2026-02-20 15:48:17,support_ticket,U-01817,,"Merhabalar, Yaklaşık 6 aydır kullanıcınızım. Yemek siparişi uygulamalarında da kullanılabilse harika olur. Değerlendirirseniz sevinirim."
LZ-00683,2026-02-20 16:11:23,app_store,U-01341,1.0,Uygulamada destek talebi olusturma secenegi bulamadim. Donusunuzu bekliyorum.
LZ-00685,2026-02-20 17:30:55,survey,U-02277,9.0,"Kart taşımaktan kurtuldum, harika bir uygulama. Ayrıca yüklenen tutar eksik görünüyor, 400 TL eksik."
LZ-00682,2026-02-20 17:54:28,survey,U-00376,6.0,"Kullanmadigim bakiye sonraki aya aktarilmiyor, bu cok haksiz."
LZ-00681,2026-02-20 18:10:01,app_store,U-02384,1.0,Kalan bakyiemi bir iş arkadaşıma transfer edemiyorum. Rezalet.
LZ-00679,2026-02-20 21:48:11,survey,U-00076,6.0,Sistem temasina uyan bir koyu tema eklenmeli.
LZ-00673,2026-02-20 22:52:48,app_store,U-00641,1.0,"Bu ay bakiyem geç yüklendi, iki gün yemek kartsız kaldım. Ayrıca uygulamada destek talebi oluşturma seçeneği bulamadım. Lütfen acilen çözün."
LZ-00690,2026-02-21 09:28:42,support_ticket,U-01594,,"Merhabalar, Yaklaşık 12 aydır kullanıcınızım. Kahve zincirlerinde de geçerli olsa harika olur. İyi çalışmalar, Mehmet"
LZ-00694,2026-02-21 09:54:29,app_store,U-00808,2.0,Ana sayfanın yüklenmesi yarım dakika sürüyor.
LZ-00700,2026-02-21 09:59:31,app_store,U-01821,1.0,"Müşteri hizmetlerine ulaşmak imkansız, çağrı merkezi yarım saat bekletiyor. Ayrıca restoranların çalışma saatleri yanlış yazıyor. Mağdur durumdayım."
LZ-00687,2026-02-21 10:06:08,survey,U-00405,0.0,"QR ile ödeme iki gündür çalışmıyor, kasada rezil oldum."
LZ-00688,2026-02-21 10:43:03,app_store,U-02087,2.0,"lezzo yuklenen tutar eksik gorunuyor, 250 tl eksik. magdur durumdayim."
LZ-00696,2026-02-21 11:20:51,app_store,U-01980,1.0,"lezzo yakinimdaki restoranlari listelemiyor, konumumu bulamiyor. cok sinir bozucu."
LZ-00692,2026-02-21 14:39:16,app_store,U-00865,1.0,"Uygulama çok yavaş açılıyor, kasada sırayı bekletiyorum. Lütfen acilen çözün."
LZ-00695,2026-02-21 16:51:10,support_ticket,U-02211,,"İyi günler, Restoran ararken filtreler çalışmıyor. Çok sinir bozucu. - Zeynep"
LZ-00686,2026-02-21 17:41:25,app_store,U-01039,1.0,Lezzo ödeme onaylandı diyor ama restoranın cihazına düşmüyor. Dönüşünüzü bekliyorum.
LZ-00699,2026-02-21 17:53:30,survey,U-02180,8.0,Google Pay entegrasyonu olsa cok pratik olur.
LZ-00691,2026-02-21 17:53:34,app_store,U-00890,2.0,"Uygulama surekli donuyor, kapatip acmam gerekiyor. Cok sinir bozucu."
LZ-00698,2026-02-21 19:22:59,app_store,U-00640,4.0,"gece kullanırken beyaz ekran göz yoruyor, karanlık tema lütfen. değerlendirirseniz sevinirim."
LZ-00689,2026-02-21 19:23:51,app_store,U-01950,4.0,Yeemk siparişi uygulamalarında da kullanılabilse harika olur.
LZ-00697,2026-02-21 19:57:27,support_ticket,U-00193,,"Merhaba, Şirketimiz geçen ay bu karta geçti. Gece kullanırken beyaz ekran göz yoruyor, karanlık tema lütfen. Ayrıca QR ödemesi iki kere çekildi, bakiyemden iki kez düştü. Teşekkürler."
LZ-00702,2026-02-21 20:41:50,app_store,U-00815,5.0,Yemek kartı uygulamaları arasında en iyisi.
LZ-00693,2026-02-21 20:57:23,app_store,U-02307,1.0,Ana sayfanın yüklenmesi yarım dakika sürüyor.
LZ-00701,2026-02-21 22:35:07,app_store,U-01879,5.0,"Ödeme saniyeler içinde bitiyor, çok memnunum. 5 yıldızı hak ediyor."
LZ-00703,2026-02-22 08:57:08,app_store,U-02181,1.0,"QR ile ödeme bu hafta çalışmıyor, kasada rzeil oldum. Rezalet."
LZ-00705,2026-02-22 12:21:00,support_ticket,U-02071,,"Merhabalar, Bakiye yüklendi bildirimi geldi ama uygulamada eski bakiye duruyor. Çok sinir bozucu. İyi çalışmalar, Elif"
LZ-00708,2026-02-22 13:26:00,survey,U-02372,7.0,Kartı telefonun cüzdan uygulamasına eklemek istiyorum.
LZ-00707,2026-02-22 18:15:41,survey,U-01930,7.0,"Sistem temasına uyan bir koyu tema eklenmeli. Ayrıca doğrulama kodu çok geç geliyor, geldiğinde de süresi dolmuş oluyor."
LZ-00704,2026-02-22 19:26:55,app_store,U-02444,1.0,QR okuttuktan sonra uygulama beyaz ekranda kalıyor. Çok sinir bozucu.
LZ-00706,2026-02-22 20:19:13,survey,U-00227,6.0,Restoranlarin calisma saatleri yanlis yaziyor.
LZ-00710,2026-02-22 22:42:34,app_store,U-02006,1.0,Lezzo bakiyenin son kullanma tarihi olduğunu kimse söylemedi. Mağdur durumdayım.
LZ-00709,2026-02-22 22:42:54,app_store,U-00301,2.0,"Ay sonunda kalan bakiye yanıyor mu, bir sonraki aya devretmesi lazım. Mağdur durumdayım."
LZ-00715,2026-02-23 08:31:41,app_store,U-01760,1.0,"yüklenen tutar eksik görünüyor, 120 tl eksik."
LZ-00718,2026-02-23 08:56:37,support_ticket,U-01020,,"Merhaba, E-posta adresim mehmet.y@example.com. Uygulama çok yavaş açılıyor, kasada sırayı bekletiyorum. Teşekkürler, Zeynep"
LZ-00725,2026-02-23 09:39:42,app_store,U-02196,2.0,Bakiyenin son kullanma tarihi oldugunu kimse soylemedi.
LZ-00717,2026-02-23 11:00:08,survey,U-01405,7.0,Evimin ve is yerimin yakininda kartin gectigi restoran yok.
LZ-00727,2026-02-23 11:15:10,survey,U-00871,8.0,"Kart taşımaktan kurtuldum, harika bir uygulama."
LZ-00721,2026-02-23 13:30:53,support_ticket,U-00865,,"Merhaba, Sistem temasına uyan bir koyu tema eklenmeli. Saygılarımla, Ayşe"
LZ-00712,2026-02-23 13:35:22,support_ticket,U-00677,,"Merhabalar, Her gün öğle yemeğinde kullanıyorum. QR kodu okutunca ödeme ekranında takılı kalıyor. Rezalet. İyi çalışmalar, Mert"
LZ-00711,2026-02-23 14:29:48,app_store,U-02111,2.0,"QR ile odeme bu hafta calismiyor, kasada rezil oldum. Cok sinir bzoucu."
LZ-00723,2026-02-23 15:14:33,app_store,U-00673,5.0,Lezzo karti telefonun cuzdan uygulamasina eklemek istiyorum. Yol haritanizda var mi?
LZ-00724,2026-02-23 15:44:04,support_ticket,U-00803,,"Selam, Kartı telefonun cüzdan uygulamasına eklemek istiyorum. Yol haritanızda var mı?"
LZ-00719,2026-02-23 17:07:18,app_store,U-01885,2.0,Haritada kapanmış restoranlar hala görünüyor. Rezalet.
LZ-00713,2026-02-23 18:55:39,support_ticket,U-00437,,"Şirketimiz geçen ay bu karta geçti. Bakiye yüklendi bildirimi geldi ama uygulamada eski bakiye duruyor. Dönüşünüzü bekliyorum. İyi çalışmalar, Mert"
LZ-00722,2026-02-23 20:20:16,app_store,U-01855,5.0,karanlik mod eklenirse cok iyi olur.
LZ-00714,2026-02-23 20:33:55,survey,U-00368,3.0,Maaş günü geldi ama yemek bakiyem hala yüklenmedi.
LZ-00726,2026-02-23 20:46:21,support_ticket,U-00035,,"Kalan bakiyemi bir iş arkadaşıma transfer edemiyorum. Ayrıca Apple Pay'e eklenebilse telefonu açmadan ödeme yapardım. Teşekkürler, Mert"
LZ-00720,2026-02-23 21:47:41,support_ticket,U-00662,,"İyi günler, Karanlık mod seçeneği yok mu? Değerlendirirseniz sevinirim. Saygılarımla, Ayşe"
LZ-00716,2026-02-23 22:44:28,app_store,U-00396,3.0,Yemek siparişi uygulamalarında da kullanılabilse harika olur.
LZ-00734,2026-02-24 08:36:30,support_ticket,U-00909,,"İyi günler, Restoran ağı genişlerse kartı çok daha fazla kullanırım. İyi çalışmalar, Elif"
LZ-00743,2026-02-24 10:15:25,survey,U-00314,8.0,"Ödeme saniyeler içinde bitiyor, çok memnunum."
LZ-00740,2026-02-24 11:45:26,support_ticket,U-00704,,"İyi günler, Apple Pay'e eklenebilse telefonu açmadan ödeme yapardım. Teşekkürler, Ece"
LZ-00732,2026-02-24 12:20:21,support_ticket,U-00028,,"Telefon numaram 0500 000 45 67, beni arayabilirsiniz. Bakiye yüklendi bildirimi geldi ama uygulamada eski bakiye duruyor. Dönüşünüzü bekliyorum. Saygılarımla, Zeynep"
LZ-00739,2026-02-24 12:48:43,survey,U-02088,5.0,Sistem temasına uyan bir koyu tema eklenmeli.
LZ-00742,2026-02-24 13:02:21,app_store,U-01122,5.0,"Kart taşımaktan kurtuldum, harika bir uygulama."
LZ-00728,2026-02-24 14:27:37,support_ticket,U-00628,,"Merhaba, QR kodu okutunca ödeme ekranında takılı kalıyor. Ayrıca temassız ödeme bazen geçiyor bazen geçmiyor, güvenemiyorum. Teşekkürler, Zeynep"
LZ-00736,2026-02-24 14:41:23,support_ticket,U-00496,,"Merhabalar, Restoran ağı genişlerse kartı çok daha fazla kullanırım. Yol haritanızda var mı? - Zeynep"
LZ-00741,2026-02-24 15:56:57,app_store,U-00953,1.0,"İade süreci çok uzun, bir haftadır bekliyorum. Rezalet."
LZ-00733,2026-02-24 17:32:22,app_store,U-00323,3.0,Restoran agi genislerse karti cok daha fazla kullanirim.
LZ-00738,2026-02-24 18:02:47,app_store,U-01241,2.0,"Yakinimdaki restoranlari listelemiyor, konumumu bulamiyor. Magdur durumdayim."
LZ-00735,2026-02-24 18:33:39,app_store,U-00799,4.0,"Anlaşmalı restoran sayısı çok az, Ataşehir tarafında neredeyse hiç yer yok."
LZ-00737,2026-02-24 20:08:35,app_store,U-00238,2.0,"Lezzo uygulama sürekli donuyor, kapatıp açmam gerekiyor. Çok sinir bozucu."
LZ-00729,2026-02-24 20:09:08,app_store,U-00339,1.0,QR kodu okutunca ödeme ekranında takılı kalıyor. Ayrıca karanlık mod eklenirse çok iyi olur.
LZ-00730,2026-02-24 20:15:58,app_store,U-01880,1.0,"QR ödemesi iki kere çekildi, bakiyemden iki kez düştü."
LZ-00731,2026-02-24 21:22:55,app_store,U-00217,1.0,Sirketim yukleme yaptigini soyluyor ama bakiyem sifir gorunuyor.
LZ-00760,2026-02-25 09:19:36,app_store,U-00488,4.0,Arayüz sade ve anlaşılır. Emeği geçenelre teşekkürler!
LZ-00749,2026-02-25 10:14:30,app_store,U-01657,2.0,"Uygulama cok yavas aciliyor, kasada sirayi bekletiyorum. Cok sinir bozucu."
LZ-00744,2026-02-25 11:40:03,app_store,U-00418,1.0,QR kodu okutunca ödeme erkanında takılı kalıyor. Lütfen acilen çözün.
LZ-00750,2026-02-25 12:10:17,support_ticket,U-00465,,"Merhabalar, Oppo telefonumda açılışta çöküyor. Mağdur durumdayım. - Burak"
LZ-00745,2026-02-25 14:14:31,app_store,U-01360,2.0,"QR ile odeme bu hafta calismiyor, kasada rezil oldum."
LZ-00759,2026-02-25 14:50:27,support_ticket,U-00436,,Canlı desetk hiç cevap vermiyor. - Burak
LZ-00752,2026-02-25 15:46:48,app_store,U-00645,2.0,Uygulama cok fazla pil tuketiyor. Donusunuzu beklyiorum.
LZ-00757,2026-02-25 17:21:35,survey,U-02216,7.0,Karti telefonun cuzdan uygulamasina eklemek istiyorum.
LZ-00758,2026-02-25 17:25:26,app_store,U-01737,2.0,Kalan bakiyemi bir iş arkadaşıma transfer edemiyorum. Rezalet.
LZ-00753,2026-02-25 19:22:25,support_ticket,U-02111,,"İyi günler, Şirketimiz geçen ay bu karta geçti. Yakınımdaki restoranları listelemiyor, konumumu bulamıyor. Çok sinir bozucu. Saygılarımla, Ece"
LZ-00754,2026-02-25 19:38:34,app_store,U-01209,1.0,Haritada restoranlar yanlış konumda gösteriliyor. Mağdur durumdayım.
LZ-00748,2026-02-25 20:47:01,app_store,U-01944,4.0,lezzo market alisverisinde de kullanilabilse cok iyi olur. tesekkurler.
LZ-00756,2026-02-25 21:30:03,app_store,U-02059,5.0,karanlık mod eklenirse çok iyi olur. ayrıca kasada qr okutuyorum ama ödeme bir türlü geçmiyor. teşekkürler.
LZ-00746,2026-02-25 21:38:22,app_store,U-02131,1.0,Temassiz odeme iPhone telefonumda calismiyor. Lutfen acilen cozun.
LZ-00751,2026-02-25 22:42:24,survey,U-02225,0.0,Ana sayfanın yüklenmesi yarım dakika sürüyor.
LZ-00747,2026-02-25 22:52:27,support_ticket,U-01582,,"Merhaba, E-posta adresim ayse.k@example.com. Restoran ağı genişlerse kartı çok daha fazla kullanırım. Değerlendirirseniz sevinirim. - Ece"
LZ-00755,2026-02-25 22:55:01,survey,U-01010,5.0,Karanlik mod eklenirse cok iyi olur.
LZ-00768,2026-02-26 10:17:38,survey,U-00667,6.0,Karanlik mod secenegi yok mu? Ayrica her acilista tekrar tekrar SMS kodu istiyor.
LZ-00766,2026-02-26 10:58:40,support_ticket,U-02247,,"Merhabalar, Her gün öğle yemeğinde kullanıyourm. Yakınımdaki restoranları listelemiyor, konumumu bulamıyor. Mağdur durumdayım. Saygılarımla, Elif"
LZ-00765,2026-02-26 12:23:10,app_store,U-02360,3.0,Restoran ararken filtreler çalışmıyor.
LZ-00761,2026-02-26 13:06:56,app_store,U-01923,4.0,Evimin ve iş yerimin yakınında kartın geçtiği restoran yok.
LZ-00767,2026-02-26 18:18:20,survey,U-02201,5.0,Karanlik mod eklenirse cok iyi olur.
LZ-00763,2026-02-26 20:07:18,support_ticket,U-01187,,"Selam, Giriş yaparken sürekli oturum süreniz doldu hatası alıyorum. Dönüşünüzü bekliyorum. İyi çalışmalar, Mehmet"
LZ-00762,2026-02-26 22:46:06,support_ticket,U-01777,,"İyi günler, Telefon numaram 0500 000 45 67, beni arayabilirsiniz. Market alışverişinde de kullanılabilse çok iyi olur. Değerlendirirseniz sevinirim. İyi çalışmalar, Mehmet"
LZ-00764,2026-02-26 22:53:58,support_ticket,U-02147,,"Selam, E-posta adresim ayse.k@example.com. Haritada restoranlar yanlış konumda gösterliiyor. Saygılarımla, Ceren"
LZ-00770,2026-02-27 08:54:05,support_ticket,U-00819,,"Merhabalar, Yaklaşık 8 aydır kullanıcınızım. Restoran ağı genişlerse kartı çok daha fazla kullanırım. Yol haritanızda var mı?"
LZ-00776,2026-02-27 10:05:51,support_ticket,U-01221,,"Restoranların çalışma saatleri yanlış yazıyor. Rezalet. İyi çalışmalar, Ece"
LZ-00775,2026-02-27 10:26:55,survey,U-02097,5.0,Uygulama çok fazla pil tüketiyor.
LZ-00773,2026-02-27 11:40:59,survey,U-02146,4.0,"SMS dogrulama kodu gelmiyor, uygulamaya giremiyorum."
LZ-00777,2026-02-27 12:05:46,support_ticket,U-01378,,Haritada restoranlar yanlış konumda gösteriliyor. Rezaelt.
LZ-00772,2026-02-27 12:33:24,app_store,U-01594,4.0,Market alışverişinde de kullanılabilse çok iyi olur.
LZ-00778,2026-02-27 12:59:15,support_ticket,U-01127,,"İyi günler, Şirketimiz geçen ay bu karta geçti. Şikayet yazdım, üç gündür dönüş yapılmadı. Çok sinir bozucu."
LZ-00774,2026-02-27 13:33:17,app_store,U-00774,2.0,Lezzo huawei telefonumda acilista cokuyor.
LZ-00780,2026-02-27 17:57:06,app_store,U-01936,5.0,Yemek kartı uygulamaalrı arasında en iyisi. Başarılar!
LZ-00779,2026-02-27 18:54:28,app_store,U-01956,2.0,"İptal edilen sipraişin iadesi hala bakiyeme yansımadı. Ayrıca uygulama sürekli donuyor, kapatıp açmam gerekiyor. Rezalet."
LZ-00769,2026-02-27 21:06:27,app_store,U-02388,2.0,"Kamera QR kodu okumuyor, sürekli odalkanmaya çalışıyor. Dönüşünüzü bekliyorum."
LZ-00771,2026-02-27 22:52:25,survey,U-02011,6.0,Yemek siparişi uygulamalarında da kullanılabilse harika olur.
LZ-00782,2026-02-28 13:07:27,app_store,U-00863,2.0,"Temassız ödeme bzaen geçiyor bazen geçmiyor, güvenemiyorum. Mağdur durumdayım."
LZ-00785,2026-02-28 13:09:49,support_ticket,U-02077,,"Merhabalar, Uygulama sürekli donuyor, kapatıp açmam gerekiyor. Rezalet. İyi çalışmalar, Elif"
LZ-00784,2026-02-28 16:44:57,app_store,U-00496,1.0,Lezzo NFC ödemesi sürekli zaman aşımına uğruyor.
LZ-00786,2026-02-28 17:04:49,app_store,U-01602,2.0,"Uygulama sürekli donuyor, kapatıp açmam gerekiyor. Mağdur durumdayım."
LZ-00787,2026-02-28 19:39:40,app_store,U-01298,1.0,Uygulama cok fazla pil tuketiyor. Cok sinir bozucu.
LZ-00781,2026-02-28 20:41:42,survey,U-02114,5.0,"QR ödemesi iki kere çekildi, bakiyemden iki kez düştü."
LZ-00783,2026-02-28 21:10:49,support_ticket,U-01807,,"E-posta adresim zeynep.a@example.com. Temassız ödeme Huawei telefonumda çalışmıyor. Ayrıca şirketim yükleme yaptığını söylüyor ama baikyem sıfır görünüyor. Dönüşünüzü bekliyorum. Teşekkürler, Deniz"
LZ-00788,2026-02-28 21:27:03,app_store,U-00914,3.0,Restoranların çalışma saatleri yanlış yazıyor. Dönüşünüzü bekliyorum.
LZ-00789,2026-02-28 21:37:16,app_store,U-02474,4.0,"bakiye takibi cok kolay, tesekkurler. 5 yildizi hak ediyor."
LZ-00794,2026-03-01 09:19:46,support_ticket,U-01736,,"Selam, E-posta adresim mehmet.y@example.com. Maaş günü geldi ama yemek bakiyem hala yüklenmedi. Çok sinir bozucu. - Emre"
LZ-00793,2026-03-01 09:34:14,support_ticket,U-00454,,"İyi günler, Bu ay bakiyem geç yüklendi, iki gün yemek kartsız kaldım. Lütfen acilen çözün. İyi çalışmalar, Ece"
LZ-00798,2026-03-01 10:19:03,survey,U-00332,4.0,"Restoran ararken filtreler çalışmıyor. Ayrıca telefonu POS cihazına yaklaştırıyorum, ödeme ekranı açılmıyor."
LZ-00795,2026-03-01 12:18:07,app_store,U-01792,2.0,"Yüklenen tutar eksik görünüyor, 50 TL eksik. Lütfen acilen çözün."
LZ-00801,2026-03-01 12:50:45,app_store,U-00860,4.0,Google Pay entegrasyonu olsa çok pratik olur. Yol hairtanızda var mı?
LZ-00796,2026-03-01 14:44:30,survey,U-00507,5.0,Evimin ve is yerimin yakininda kartin gectigi restoran yok.
LZ-00792,2026-03-01 17:38:21,app_store,U-01723,1.0,"QR ile ödeme sabahtan beri çalışmıyor, kasada rezil oldum. Dönüşünüzü bekliyorum."
LZ-00790,2026-03-01 18:37:10,support_ticket,U-02408,,"Selam, QR ödemesi iki kere çekildi, bakiyemden iki kez düştü. Çok sinir bozucu."
LZ-00797,2026-03-01 18:52:59,app_store,U-01956,1.0,Lezzo restoranlarin calisma saatleri yanlis yaziyor. Cok sinir bozucu.
LZ-00799,2026-03-01 19:55:59,app_store,U-00548,3.0,"Gece kullanırken beyaz ekran göz yoruyor, karanlık tema lütfen. Teşekkürler."
LZ-00791,2026-03-01 20:14:47,app_store,U-01757,1.0,Ödeme onaylandı diyor ama restoranın cihazına düşmüyor. Dönüşünüzü bekliyorum.
LZ-00802,2026-03-01 20:32:00,app_store,U-02204,5.0,Lezzo arayüz sade ve anlaşılır. Başarılar!
LZ-00800,2026-03-01 21:55:44,support_ticket,U-01259,,"Merhaba, Yaklaşık 3 aydır kullanıcınızım. Apple Pay'e eklenebilse telefonu açmadan ödeme yapardım. Teşekkürler. - Ayşe"
LZ-00804,2026-03-02 08:32:15,support_ticket,U-00198,,"E-posta adresim zeynep.a@example.com. NFC ile ödeme yapmak istyiorum ama telefonu yaklaştırınca hiçbir şey olmuyor. Dönüşünüzü bekliyorum. İyi çalışmalar, Ayşe"
LZ-00809,2026-03-02 08:42:24,support_ticket,U-00465,,"Merhaba, E-posta adresim zeynep.a@example.com. Ana sayfanın yüklenmesi yarım dakika sürüyor. Mağdur durumdayım."
LZ-00814,2026-03-02 08:59:13,survey,U-02257,8.0,Karanlık mod seçeneği yok mu?
LZ-00815,2026-03-02 09:18:01,app_store,U-01773,4.0,"gece kullanirken beyaz ekran goz yoruyor, karanlik tema lutfen. degerlendirirseniz sevinirim."
LZ-00820,2026-03-02 10:09:59,support_ticket,U-01918,,"İyi günler, E-posta adresim mehmet.y@example.com. Kart taşımaktan kurtuldum, harika bir uygulama. Saygılarımla, Selin"
LZ-00808,2026-03-02 12:04:45,app_store,U-00624,4.0,"yemek siparişi uygulamalarında da kullanılabilse harika olur. ayrıca telefonu pos cihazına yaklaştırıyorum, ödeme ekranı açılmıyor."
LZ-00819,2026-03-02 14:23:49,support_ticket,U-00560,,"Merhaba, Yaklaşık 8 aydır kullanıcınızım. Kart taşımaktan kurtuldum, harika bir uygulama. 5 yıldızı hak ediyor. Saygılarımla, Elif"
LZ-00806,2026-03-02 15:46:35,app_store,U-00944,1.0,Maaş günü geldi ama yemek bakiyem hala yüklenmedi. Lütfen acilen çözün.
LZ-00810,2026-03-02 16:05:09,app_store,U-00165,1.0,"Uygulama cok yavas aciliyor, kasada sirayi bekletiyorum. Donusunuzu bekliyorum."
LZ-00818,2026-03-02 16:15:24,app_store,U-01594,2.0,İptal edilen siparişin iadesi hala bakiyeme yansımadı. Rezalet.
LZ-00803,2026-03-02 16:18:52,survey,U-01734,6.0,Temassız ödeme eski Adnroid telefonumda çalışmıyor.
LZ-00807,2026-03-02 16:19:02,support_ticket,U-00814,,"Merhaba, Telefon numaram 0500 000 45 67, beni arayabilirsiniz. Yüklenen tutar eksik görünüyor, 400 TL eksik. Lütfen acilen çözün."
LZ-00813,2026-03-02 17:27:07,support_ticket,U-02071,,"Merhabalar, Telefon numaram 0500 000 45 67, beni arayabilirsiniz. Karanlık mod seçeneği yok mu? Teşekkürler, Mehmet"
LZ-00805,2026-03-02 18:10:23,app_store,U-02163,2.0,"Lezzo bu ay bakiyem geç yükelndi, iki gün yemek kartsız kaldım."
LZ-00811,2026-03-02 19:15:19,app_store,U-00366,3.0,"Uygulama cok yavas aciliyor, kasada sirayi bekletiyorum. Lutfen acilen cozun."
LZ-00816,2026-03-02 20:30:16,app_store,U-00271,4.0,akıllı saatle ödeme yapabilmek harika olurdu. yol haritanızda var mı?
LZ-00817,2026-03-02 20:54:42,app_store,U-00815,1.0,İptal edilen siparişin iadesi hala bakiyeme yansımadı. Lütfen acilen çözün.
LZ-00821,2026-03-02 21:26:03,app_store,U-00761,5.0,yemek karti uygulamalari arasinda en iyisi. basarilar!
LZ-00812,2026-03-02 22:39:46,app_store,U-00284,4.0,"Karanlık mod eklenirse çok iyi olur. Ayrıca temassız ödeme bazen geçiyor bazen geçmiyor, güvenemiyorum."
LZ-00836,2026-03-03 09:22:21,support_ticket,U-02407,,"Merhaba, Şirketimiz geçen ay bu karta geçti. İptal edilen siparişin iadesi hala bakiyeme yansımadı. Teşekkürler, Elif"
LZ-00839,2026-03-03 09:24:40,app_store,U-01341,5.0,"Kart taşımaktan kurtuldum, harika bir uygulama. Ayrıca gece kullanırken beyaz ekran göz yoruyor, karanlık tema lütfen."
LZ-00825,2026-03-03 10:19:11,app_store,U-01004,5.0,restoran ağı genişlerse kartı çok daha fazla kullanırım. yol haritanızda var mı?
LZ-00827,2026-03-03 12:44:38,support_ticket,U-02214,,"Merhabalar, E-posta adresim mehmet.y@example.com. Yemek siparişi uygulamalarında da kullanılabilse harika olur. Yol haritanızda var mı? Teşekkürler, Ceren"
LZ-00823,2026-03-03 13:47:11,survey,U-01524,2.0,NFC ödemesi sürekli zaman aşımına uğruyor.
LZ-00833,2026-03-03 14:38:57,support_ticket,U-00558,,"Selam, Yaklaşık 3 aydır kullanıcınızım. Ay sonunda kalan bakiye yanıyor mu, bir sonraki aya devretmesi lazım. Dönüşünüzü bekliyorum. Teşekkürler, Mehmet"
LZ-00824,2026-03-03 14:48:54,support_ticket,U-00865,,"Merhaba, E-posta adresim zeynep.a@example.com. Bu ay bakiyem geç yüklendi, iki gün yemek kartsız kaldım. Saygılarımla, Deniz"
LZ-00822,2026-03-03 16:45:36,support_ticket,U-00865,,"Merhabalar, NFC ile ödeme yapmak istiyorum ama telefonu yaklaştırınca hiçbir şey olmuyor. Ayrıca iptal edilen siparişin iadesi hala bakiyeme yansımadı. Mağdur durumdayım. Teşekkürler, Burak"
LZ-00835,2026-03-03 16:55:45,survey,U-01207,6.0,"Kulalnmadığım bakiye sonraki aya aktarılmıyor, bu çok haksız."
LZ-00837,2026-03-03 19:27:11,survey,U-01113,0.0,"Restoran ödemeyi iptal etti ama para geri gelmedi. Ayrıca müşteri hizmetlerine ulaşmak imkansız, çağrı merkezi yarım saat bekletiyor."
LZ-00830,2026-03-03 20:27:24,app_store,U-02444,3.0,Karanlık mod eklenirse çok iyi olur. Ayrıca NFC ile ödeme yapmak istiyorum ama telefonu yaklaştırınca hiçbir şey olmuyor.
LZ-00834,2026-03-03 20:48:30,survey,U-02077,3.0,Kalan bakiyemi bir iş arkadaşıma transfer edemiyorum.
LZ-00832,2026-03-03 21:23:15,support_ticket,U-00864,,"Selam, Şirketimiz geçen ay bu karta geçti. Akıllı saatle ödeme yapabilmek harika olurdu. Ayrıca müşteri hizmetlerine ulaşmak imkansız, çağrı merkezi yarım saat bekletiyor. Yol haritanızda var mı? İyi çalışmalar, Elif"
LZ-00826,2026-03-03 21:27:35,app_store,U-00775,4.0,"Anlaşmalı restoran sayısı çok az, Çankaya tarafında neredeyse hiç yer yok. Yol haritanızda var mı?"
LZ-00828,2026-03-03 21:37:08,support_ticket,U-00475,,"Şifremi doğru girmeme rağmen giriş yapamıyorum. Dönüşünüzü bekliyorum. Saygılarımla, Mert"
LZ-00829,2026-03-03 21:58:40,app_store,U-01835,1.0,Eski Andorid telefonumda açılışta çöküyor. Mağdur durumdayım.
LZ-00838,2026-03-03 22:32:56,app_store,U-00735,5.0,"Ödeme saniyeler içinde bitiyor, çok menmunum. Başarılar!"
LZ-00831,2026-03-03 22:48:20,app_store,U-00495,4.0,Karanlik mod secenegi yok mu? Yol haritanizda var mi?
LZ-00844,2026-03-04 08:48:24,app_store,U-02286,1.0,"Doğrulama kodu çok geç geliyor, geldiğinde de süresi dolmuş oluyor. Ayrıca restoranların çalışma saatleri yanlış yazıyor. Çok sinir bozucu."
LZ-00840,2026-03-04 09:06:03,survey,U-02271,4.0,Odeme onaylandi diyor ama restoranin cihazina dusmuyor.
LZ-00851,2026-03-04 10:54:36,survey,U-01835,8.0,Arayuz sade ve anlasilir.
LZ-00843,2026-03-04 12:00:45,app_store,U-00883,1.0,"yuklenen tutar eksik gorunuyor, 120 tl eksik."
LZ-00845,2026-03-04 14:04:28,app_store,U-00450,1.0,"yeni giriş ekranından sonra hesabıma erişemiyorum. ayrıca sevdiğim kafeler anlaşmalı değil, lütfen daha fazla restoran ekleyin. çok sinir bozucu."
LZ-00849,2026-03-04 16:02:42,support_ticket,U-01689,,"Merhaba, E-posta adresim zeynep.a@example.com. Arayüz sade ve anlaşılır. 5 yıldızı hak ediyor."
LZ-00842,2026-03-04 17:36:00,app_store,U-02327,1.0,Sirektim yukleme yaptigini soyluyor ama bakiyem sifir gorunuyor.
LZ-00841,2026-03-04 17:45:22,app_store,U-00637,1.0,nfc odemesi surekli zaman asimina ugruyor. rezalet.
LZ-00850,2026-03-04 18:00:11,app_store,U-01869,5.0,"Lezzo ödeme saniyeler içinde bitiyor, çok memnunum. 5 yıldızı hak ediyor."
LZ-00847,2026-03-04 18:03:50,app_store,U-01527,2.0,Uygulama çok fazla pil tüketiyor. Dönüşünüzü bekliyorum.
LZ-00846,2026-03-04 19:40:17,support_ticket,U-02460,,"Merhaba, E-posta adresim zeynep.a@example.com. Doğrulama kodu çok geç geliyor, geldiğinde de süresi dolmuş oluyor. - Deniz"
LZ-00848,2026-03-04 19:40:47,support_ticket,U-00950,,"İyi günler, Yaklaşık 8 aydır kullanıcınızım. Şikayet yazdım, üç gündür dönüş yapılmadı. Çok sinir bozucu. İyi çalışmalar, Ece"
LZ-00853,2026-03-05 08:40:15,app_store,U-01191,1.0,"Telefonu POS cihazına yaklaştırıyorum, ödeme ekranı açılmıyor. Mağdur durumdayım."
LZ-00857,2026-03-05 09:35:51,app_store,U-01245,5.0,"sevdiğim kafeler anlaşmalı değil, lütfen daha fazla restoran ekleyin."
LZ-00858,2026-03-05 11:15:40,support_ticket,U-01577,,"Merhabalar, Her gün öğle yemeğinde kullanıyorum. Uygulama çok yavaş açılıyor, kasada sırayı bekletiyorum."
LZ-00854,2026-03-05 11:22:33,support_ticket,U-02411,,"Selam, Şirketim yüklmee yaptığını söylüyor ama bakiyem sıfır görünüyor. Ayrıca yakınımdaki restoranları listelemiyor, konumumu bulamıyor. - Ece"
LZ-00859,2026-03-05 12:53:23,app_store,U-01445,1.0,haritada kapanmis restoranlar hala gorunuyor. donusunuzu bekliyorum.
LZ-00869,2026-03-05 13:19:50,app_store,U-00019,4.0,"Lezzo odeme saniyeler icinde bitiyor, cok memnunum. Emegi gecenlere tesekkurler!"
LZ-00862,2026-03-05 15:52:01,support_ticket,U-00283,,E-posta adresim mehmet.y@eaxmple.com. Karanlık mod eklenirse çok iyi olur. - Elif
LZ-00865,2026-03-05 16:58:33,support_ticket,U-00399,,"Merhaba, Bakiyenin son kullanma tarihi olduğunu kimse söylemedi. Lütfen acilen çözün. İyi çalışmalar, Burak"
LZ-00861,2026-03-05 17:08:24,support_ticket,U-02106,,"Merhabalar, E-posta adresim mehmet.y@example.com. Gece kullanırken beyaz ekran göz yoruyor, karanlık tema lütfen. Teşekkürler. İyi çalışmalar, Elif"
LZ-00852,2026-03-05 17:14:38,support_ticket,U-02408,,"Merhaba, Kamera QR kodu okumuoyr, sürekli odaklanmaya çalışıyor. Rezalet."
LZ-00863,2026-03-05 17:17:13,support_ticket,U-02485,,"İyi günler, Şirketimiz geçen ay bu karta geçti. Gece kullanırken beyaz ekran göz yoruyor, karanlık tema lütfen. Teşekkürler."
LZ-00856,2026-03-05 17:36:06,support_ticket,U-00684,,"İyi günler, Yaklaşık 12 aydır kullanıcınızım. Yemek siparişi uygulamalarında da kullanılabilse harika olur. Ayrıca QR ödemesi iki kere çekildi, bakiyemden iki kez düştü. Yol haritanızda var mı? İyi çalışmalar, Ayşe"
LZ-00860,2026-03-05 18:09:18,app_store,U-00661,1.0,"yakinimdaki restoranlari listelemiyor, konumumu bulamiyor. cok sinir bozucu."
LZ-00855,2026-03-05 19:04:37,app_store,U-02059,1.0,Şirketim yükleme yaptığını söylüyor ama bakieym sıfır görünüyor.
LZ-00867,2026-03-05 19:51:10,support_ticket,U-02200,,"Her gün öğle yemeğinde kullanıyorum. Canlı destek hiç cevap vermiyor. Teşekkürler, Deniz"
LZ-00864,2026-03-05 20:58:35,app_store,U-00814,5.0,Google Pay entegrasyonu olsa çok pratik olur. Yol haritanızda var mı?
LZ-00868,2026-03-05 21:44:34,survey,U-02247,6.0,"Müşteri hizmetlerine ulaşmak imkansız, çağrı merkezi yarım saat bekletiyor."
LZ-00866,2026-03-05 22:28:18,survey,U-00777,1.0,Kalan baikyemi bir iş arkadaşıma transfer edemiyorum.
LZ-00872,2026-03-06 08:04:30,support_ticket,U-01609,,"Selam, Bakiye ekranı açılana kdaar kasadaki herkes bekliyor. Çok sinir bozucu. Teşekkürler, Emre"
LZ-00878,2026-03-06 08:28:02,app_store,U-01841,4.0,Kullanımı çok basit ve hızlı.
LZ-00870,2026-03-06 10:12:48,app_store,U-01171,1.0,"lezzo qr ile ödeme bu hafta çalışmıyor, kasada rezil oldum. dönüşünüzü bekliyorum."
LZ-00880,2026-03-06 11:27:05,support_ticket,U-01955,,"Merhabalar, Bakiye takibi çok kolay, teşekkürler. Ayrıca kamera QR kodu okumuyor, sürekli odaklanmaya çalışıyor. Başarılar! Saygılarımla, Ece"
LZ-00874,2026-03-06 13:39:37,app_store,U-00888,5.0,sistem temasına uyan bir koyu tema eklenmeli. yol haritanızda var mı?
LZ-00875,2026-03-06 13:44:11,app_store,U-01374,3.0,karanlık mod eklenirse çok iyi olur. değerlendiriresniz sevinirim.
LZ-00873,2026-03-06 17:14:06,app_store,U-01388,1.0,"Haritada kapanmis restoranlar hala gorunuyor. Ayrica kamera QR kodu okumuyor, surekli odaklanmaya calisiyor. Rezalet."
LZ-00879,2026-03-06 18:17:33,app_store,U-00293,5.0,yemek kartı uygulamaları arasında en iyisi.
LZ-00877,2026-03-06 21:54:32,survey,U-01174,8.0,"Ödeme saniyeler içinde bitiyor, çok memnunum."
LZ-00871,2026-03-06 21:55:45,support_ticket,U-00557,,"Merahba, Bakiye ekranı açılana kadar kasadaki herkes bekliyor. Mağdur durumdayım. Saygılarımla, Elif"
LZ-00876,2026-03-06 22:31:42,app_store,U-00391,1.0,restoran ödemeyi iptal etti ama para geri gelmedi. rezalet.
LZ-00881,2026-03-07 08:56:50,app_store,U-02470,2.0,QR kodu okutunca ödeme ekranında takılı kalıyor.
LZ-00886,2026-03-07 09:57:22,app_store,U-01316,4.0,apple pay'e eklenebilse telefonu acmadan odeme yapardim. tesekkurler.
LZ-00888,2026-03-07 15:03:42,app_store,U-01929,2.0,"Ay sonunda kalan bakiye yanıyor mu, bir sonraki aya devretmesi lazım."
LZ-00882,2026-03-07 17:29:42,support_ticket,U-01943,,"QR ile ödeme bu hafta çalışmıyor, kasada rezil oldum. Teşekkürler, Mehmet"
LZ-00887,2026-03-07 17:57:11,app_store,U-02286,4.0,Akilli saatle odeme yapabilmek harika olurdu. Yol haritanizda var mi?
LZ-00885,2026-03-07 19:41:46,support_ticket,U-02048,,"Selam, iPhone telefonumda açılışta çöküyor. Rezalet."
LZ-00884,2026-03-07 19:50:44,support_ticket,U-01521,,"Merhabalar, Telefon numaram 0500 000 12 34, beni arayabilirsiniz. Giriş yaparken sürekli oturum süreniz doldu htaası alıyorum. Çok sinir bozucu."
LZ-00883,2026-03-07 20:47:46,support_ticket,U-01788,,"Merhabalar, Telefon numaram 0500 000 12 34, beni arayabilirsiniz. SMS doğrulama kodu gelmiyor, uygulamaya giremiyorum. Rezalet."
LZ-00898,2026-03-08 09:31:01,support_ticket,U-02153,,"İyi günler, Telefon numaram 0500 000 12 34, beni arayabilirsiniz. Kalan bakiyemi bir iş arkadaşıma transfer edemiyorum. Ayrıca restoran ararken filtreler çalışmıyor. Teşekkürler, Deniz"
LZ-00899,2026-03-08 11:07:52,survey,U-01951,10.0,Arayuz sade ve anlasilir.
LZ-00889,2026-03-08 11:28:30,app_store,U-02202,3.0,Kasada QR okutuyorum ama ödeme bir türlü geçmiyor. Lütfen acilen çözün.
LZ-00894,2026-03-08 11:35:59,support_ticket,U-00240,,"Uygulama sürekli donuyor, kapatıp açmam gerekiyor. Rezalet. Teşekkürler, Deniz"
LZ-00896,2026-03-08 12:14:49,support_ticket,U-02444,,"Selam, Her gün öğle yemeğinde kullanıyorum. Akıllı saatle ödeme yapabilmek harika olurdu. Yol haritanızda var mı? İyi çalışmalar, Can"
LZ-00890,2026-03-08 12:24:11,app_store,U-01740,2.0,Bakiye yuklendi bildirimi geldi ama uygulamada eski bakiye duruyor.
LZ-00891,2026-03-08 12:58:30,support_ticket,U-00675,,"Selam, Giriş yaparken sürekli oturum süreniz doldu hatası alıyorum. Çok sinir bozucu. - Elif"
LZ-00897,2026-03-08 14:57:40,app_store,U-01901,4.0,google pay entegrasyonu olsa çok pratik olur. yol haritanızda var mı?
LZ-00895,2026-03-08 15:28:20,support_ticket,U-01176,,"İyi günler, Apple Pay'e eklenebilse telefonu açmadan ödeme yapardım. Teşekkürler, Ayşe"
LZ-00892,2026-03-08 16:09:12,support_ticket,U-01747,,"İyi günler, Her açılışta tekrar tekrar SMS kodu istiyor. Teşekkürler, Mert"
LZ-00893,2026-03-08 19:59:05,support_ticket,U-00763,,"Selam, Telefon numaram 0500 000 89 01, beni arayabilirsiniz. Doğrulama kodu çok geç geliyor, geldiğinde de süresi dolmuş oluyor. Teşekkürler, Selin"
LZ-00900,2026-03-08 22:07:25,app_store,U-01421,4.0,lezzo arayüz sade ve anlaşılır. 5 yıldızı hak ediyor.
LZ-00910,2026-03-09 09:33:01,app_store,U-02411,1.0,lezzo restoran ararken filtreler calismiyor. rezalet.
LZ-00906,2026-03-09 10:17:12,support_ticket,U-00391,,"Merhabalar, Yaklaşık 6 aydır kullanıcınızım. Giriş yaparken sürekli oturum süreniz doldu hatası alıyorum. Ayrıca temassız ödeme Oppo telefonumda çalışmıyor. Saygılarımla, Ayşe"
LZ-00915,2026-03-09 11:08:37,app_store,U-00020,5.0,Kullanımı çok basit ve hızlı.
LZ-00905,2026-03-09 13:04:55,app_store,U-00382,4.0,kahve zincirlerinde de gecerli olsa harika olur.
LZ-00904,2026-03-09 13:15:20,survey,U-00475,7.0,Restoran ağı genişlerse kartı çok daha fazla kullanırım.
LZ-00902,2026-03-09 13:17:38,app_store,U-00102,3.0,Bakiye yüklendi bildirimi geldi ama uygulamada eski bakiye duruyor.
LZ-00903,2026-03-09 14:18:41,support_ticket,U-00210,,"İyi günler, Maaş günü geldi ama yemek bakiyem hala yüklenmedi. Dönüşünüzü bekliyorum. Teşekkürler, Selin"
LZ-00901,2026-03-09 14:23:44,app_store,U-00084,2.0,Kasada QR okutuyorum ama ödeme bir türlü geçmiyor. Rezalet.
LZ-00907,2026-03-09 15:18:38,app_store,U-00326,3.0,Uygulama çok fazla pil tüketiyor. Çok sinir bozucu.
LZ-00913,2026-03-09 16:59:23,app_store,U-01055,1.0,canlı destek hiç cevap vermiyor. mağdur durumdayım.
LZ-00908,2026-03-09 17:53:29,app_store,U-02147,2.0,"uygulama çok yavaş açılıyor, kasada sırayı bekletiyorum. mağdur durumdayım."
LZ-00911,2026-03-09 20:01:14,support_ticket,U-02361,,"İyi günler, Haritada restoranlar yanlış konumda gösteriliyor. Dönüşünüzü bekliyorum. İyi çalışmalar, Deniz"
LZ-00909,2026-03-09 20:02:17,app_store,U-02085,1.0,Restoranların çalışma saatleri yanlış yazıyor. Çok sinir bozucu.
LZ-00916,2026-03-09 21:29:40,support_ticket,U-00229,,"Merhaba, Kart taşımaktan kurtuldum, harika bir uygulama. Saygılarımla, Zeynep"
LZ-00912,2026-03-09 21:55:27,support_ticket,U-00901,,"Yaklaşık 6 aydır kullanıcınızım. Ay sonunda kalan bakiye yanıyor mu, bir sonraki aya devretmesi lazım. - Ece"
LZ-00914,2026-03-09 22:47:41,survey,U-00231,0.0,"Musteri hizmetlerine ulasmak imkansiz, cagri merkezi yarim saat bekletiyor."
LZ-00931,2026-03-10 08:13:51,support_ticket,U-02331,,"Her gün öğle yemeğinde kullanıyorum. Apple Pay'e eklenebilse telefonu açmadan ödeme yapardım. Yol haritanızda var mı? Teşekkürler, Ayşe"
LZ-00924,2026-03-10 08:51:29,support_ticket,U-01571,,"Merhabalar, Şirketimiz geçen ay bu karta geçti. Giriş yaparken sürelki oturum süreniz doldu hatası alıyorum. Çok sinir bozucu. Saygılarımla, Can"
LZ-00918,2026-03-10 10:35:35,app_store,U-01394,1.0,NFC ile odeme yapmak istiyorum ama telefonu yaklastirinca hicbir sey olmuyor. Rezalet.
LZ-00919,2026-03-10 10:45:41,app_store,U-02144,2.0,Bakiye yüklendi bildirimi geldi ama uygulamada eski bakiye duruyor. Çok sinir bozucu.
LZ-00923,2026-03-10 13:08:54,app_store,U-02408,2.0,"Lezzo doğrulama kodu çok geç geliyor, geldiğinde de süresi dolmuş oluyor. Rezalet."
LZ-00929,2026-03-10 13:15:31,app_store,U-02188,3.0,Haritada kapanmış restoranlar hala görünüyor. Rezalet.
LZ-00935,2026-03-10 15:19:06,app_store,U-00301,5.0,yemek kartı uygulamaları arasında en iyisi. ayrıca şifremi doğru girmeme rağmen giriş yapamıyorum. emeği geçenlere teşekkürler!
LZ-00926,2026-03-10 15:48:52,app_store,U-01762,2.0,Giriş yaparken sürekli oturum süreniz doldu hatası alıyorum.
LZ-00922,2026-03-10 18:22:57,support_ticket,U-01896,,"İyi günler, Şirketimiz geçen ay bu karta geçti. Şifremi doğru girmeme rağmen giriş yapamıyorum. Çok sinir bozucu. Saygılarımla, Ayşe"
LZ-00936,2026-03-10 18:26:05,app_store,U-02345,5.0,Yemek kartı uygulamaları arasında en iyisi.
LZ-00921,2026-03-10 19:01:10,app_store,U-02059,1.0,Lezzo giriş yaparken sürekli oturum süreniz doldu hatası alıyorum. Mağdur durumdayım.
LZ-00925,2026-03-10 20:01:27,app_store,U-01217,1.0,Yeni giriş ekranından sonra hesabıma erişemiyorum.
LZ-00930,2026-03-10 20:06:35,survey,U-00358,5.0,Sistem temasına uyan bir koyu tema eklenmeli.
LZ-00934,2026-03-10 20:08:24,app_store,U-01749,2.0,Restoran ödemeyi iptal etti ama para geri gelmedi. Mağdur durumdayım.
LZ-00917,2026-03-10 20:23:27,app_store,U-00115,1.0,QR kodu okutunca odeme ekraninda takili kaliyor. Cok sinir bozucu.
LZ-00928,2026-03-10 20:38:08,support_ticket,U-00879,,"Uygulama sürekli donuyor, kapatıp açmam gerekiyor. Lütfen acieln çözün."
LZ-00920,2026-03-10 22:14:52,survey,U-00573,6.0,Yemek siparisi uygulamalarinda da kulalnilabilse harika olur.
LZ-00932,2026-03-10 22:22:31,survey,U-01161,2.0,Bakiyenin son kullanma tarihi olduğunu kimse söylemedi.
LZ-00927,2026-03-10 22:34:42,app_store,U-01251,3.0,Ana sayfanın yüklenmesi yarım dakika sürüyor. Dönüşünüzü bekliyorum.
LZ-00933,2026-03-10 22:46:09,app_store,U-00701,2.0,"Iade sureci cok uzun, bir haftadir bekliyorum. Rezalet."
LZ-00940,2026-03-11 08:02:16,survey,U-02444,8.0,Evimin ve iş yeriimn yakınında kartın geçtiği restoran yok.
LZ-00944,2026-03-11 09:59:24,app_store,U-00518,3.0,bakiye ekranı açılana kadar kasadaki herkes bekliyor. lütfen acilen çözün.
LZ-00945,2026-03-11 10:20:11,support_ticket,U-01967,,"Selam, Ana sayfanın yüklemnesi yarım dakika sürüyor. Dönüşünüzü bekliyorum. - Zeynep"
LZ-00943,2026-03-11 10:31:36,support_ticket,U-00132,,"Yaklaşık 18 aydır kullanıcınızım. SMS doğrulama kodu gelmiyor, uygulamaya giremiyorum. Ayrıca gece kullanırken beyaz ekran göz yoruyor, karanlık tema lütfen. Dönüşünüzü bekliyorum. - Deniz"
LZ-00947,2026-03-11 11:10:45,survey,U-01155,8.0,Sistem temasına uyan bir koyu tema eklenmeli.
LZ-00948,2026-03-11 13:03:07,app_store,U-01014,3.0,Kartı telefonun cüzdan uygulamasına eklemek istiyorum. Teşekkürler.
LZ-00950,2026-03-11 13:37:20,survey,U-00007,10.0,"Bakiye takibi çok kolay, teşekkürler."
LZ-00938,2026-03-11 15:03:59,support_ticket,U-00075,,NFC ödemesi sürelki zaman aşımına uğruyor.
LZ-00939,2026-03-11 15:22:01,survey,U-01740,5.0,Restoran agi genislerse karti cok daha fazla kullanirim.
LZ-00942,2026-03-11 16:19:15,support_ticket,U-00262,,"Merhabalar, E-posta adresim mehmet.y@example.com. Doğrulama kodu çok geç geliyor, geldiğinde de süresi dolmuş oluyor. Rezalet. Teşekkürler, Ece"
LZ-00941,2026-03-11 17:07:53,survey,U-01955,0.0,Şifremi doğru girmeme rağmen giriş yapamıyorum.
LZ-00951,2026-03-11 18:02:46,survey,U-01206,9.0,"Odeme saniyeler icinde bitiyor, cok memnunum."
LZ-00937,2026-03-11 18:45:50,app_store,U-00545,1.0,"lezzo qr ile ödeme sabahtan beri çalışmıyor, kasada rezil oldum. çok sinir bozucu."
LZ-00946,2026-03-11 21:03:53,support_ticket,U-02073,,"Selam, Karanlık mod seçeneği yok mu? Saygılarımla, Burak"
LZ-00949,2026-03-11 22:45:35,app_store,U-02210,5.0,kullanımı çok basit ve hızlı.
LZ-00953,2026-03-12 08:42:06,app_store,U-01418,1.0,"yüklenen tutar eksik görünüyor, 250 tl eksik."
LZ-00957,2026-03-12 09:06:39,support_ticket,U-00031,,"Yaklaşık 6 aydır kullanıcınızım. Yemek siparişi uygulamalarında da kullanılabilse harika olur. İyi çalışmalar, Zeynep"
LZ-00965,2026-03-12 09:20:33,app_store,U-00171,2.0,Lezzo restoranların çalışma saatleri yanlış yazıyor. Mağdur durumdayım.
LZ-00970,2026-03-12 10:12:24,app_store,U-01038,5.0,"Arayüz sade ve anlaşılır. Ayrıca ay sonunda kalan bakiye yanıyor mu, bir sonraki aya devretmesi lazım. Başarılar!"
LZ-00952,2026-03-12 11:22:00,support_ticket,U-01002,,"Merhabaalr, QR ödemesi iki kere çekildi, bakiyemden iki kez düştü. Dönüşünüzü bekliyorum. Teşekkürler, Mehmet"
LZ-00954,2026-03-12 11:59:08,survey,U-01792,2.0,"Yüklenen tutar eksik görünüyor, 50 TL eksik."
LZ-00961,2026-03-12 12:10:07,app_store,U-02109,2.0,Lezzo sifremi dogru girmeme ragmen giris yapamiyorum. Donusunuzu bekliyorum.
LZ-00964,2026-03-12 12:37:27,app_store,U-02028,3.0,Huawei telefonumda açılışta çöküyor. Ayrıca iptal edilen siparişin iadesi hala bakiyeme yansımadı. Rezalet.
LZ-00960,2026-03-12 13:34:58,app_store,U-01903,3.0,Lezzo giriş yaparken sürekli oturum süreniz doldu hatası alıyorum. Rezalet.
LZ-00955,2026-03-12 13:37:14,app_store,U-01584,4.0,"Lezzo sevdigim kafeler anlasmali degil, lutfen daha fazla restoran ekleyin. Yol haritanizda var mi?"
LZ-00966,2026-03-12 13:42:58,app_store,U-02218,1.0,"Ay sonunda kalan bakiye yanıyor mu, bir sonraki aya devretmesi lazım. Ayrıca bakyie ekranı açılana kadar kasadaki herkes bekliyor. Rezalet."
LZ-00962,2026-03-12 13:57:48,support_ticket,U-01956,,"İyi günler, Yaklaşık 18 aydır kullanıcınızım. Doğrulama kodu çok geç geliyor, geldiğinde de süresi dolmuş oluyor. Rezalet. Teşekkürler, Elif"
LZ-00958,2026-03-12 14:12:00,support_ticket,U-00401,,"Şirketimiz geçen ay bu karta geçti. Şifremi doğru girmeme rağmen giriş yapamıyorum. Dönüşünüzü bekliyorum. Saygılarımla, Selin"
LZ-00968,2026-03-12 15:04:43,app_store,U-00534,4.0,Yemek kartı uygulamaları arasında en iyisi.
LZ-00969,2026-03-12 15:15:24,app_store,U-00033,5.0,"Kart taşımaktan kurtuldum, harika bir uygulama."
LZ-00967,2026-03-12 19:17:16,survey,U-01225,2.0,Canlı destek hiç cevap vremiyor.
LZ-00963,2026-03-12 20:27:39,support_ticket,U-00970,,"Giriş yaparken sürekli oturum süreniz doldu hatası alıyorum. Dönüşünüzü bekliyorum. Saygılarımla, Can"
LZ-00959,2026-03-12 22:23:03,app_store,U-00448,1.0,Yeni giriş ekranından sonra hesabıma erişemiyorum.
LZ-00956,2026-03-12 22:34:38,app_store,U-01392,5.0,Lezzo restoran ağı genişlerse kartı çok daha fazla kullanırım.
LZ-00980,2026-03-13 08:26:15,app_store,U-02348,1.0,"Her acilista tekrar tekrar SMS kodu istiyor. Ayrica gece kullanirken beyaz ekran goz yoruyor, karanlik tema lutfen. Cok sinir bozucu."
LZ-00981,2026-03-13 08:28:40,app_store,U-02216,3.0,"SMS doğrulama kodu gelmiyor, uygulamaya giremiyorum. Çok sinir bozucu."
LZ-00972,2026-03-13 08:36:30,app_store,U-02063,1.0,Ödeme onaylandı diyor ama restoranın cihazına düşmüyor.
LZ-00982,2026-03-13 08:40:48,support_ticket,U-01434,,"İyi günler, Doğrulama kodu çok geç geliyor, geldiğinde de süresi dolmuş oluyor. - Zeynep"
LZ-00978,2026-03-13 08:47:53,app_store,U-01998,2.0,"Yüklenen tutar eksik görünüyor, 250 TL eksik. Çok sinir bozucu."
LZ-00977,2026-03-13 09:17:38,app_store,U-00800,1.0,"Bu ay bakiyem geç yüklendi, iki gün yemek kartsız kaldım."
LZ-00986,2026-03-13 09:32:39,survey,U-00370,0.0,Kalan bakiyemi bir iş arkadaşıma transfer edemiyourm.
LZ-00983,2026-03-13 10:52:38,support_ticket,U-01741,,"İyi günler, Şirketimiz geçen ay bu karta geçti. Uygulama sürekli donuyor, kapatıp açmam gerekiyor."
LZ-00976,2026-03-13 10:54:13,support_ticket,U-02483,,"Selam, Telefon numaram 0500 000 45 67, beni arayabilirsiniz. Yüklenen tutar eksik görünüyor, 120 TL eksik. Lütfen acilen çözün. İyi çalışmalar, Deniz"
LZ-00975,2026-03-13 11:16:17,support_ticket,U-00981,,"Yaklaşık 12 aydır kullanıcınızım. NFC ile ödeme yapmak istiyorum ama telefonu yaklaştırınca hiçbir şey olmuyor. Rezalet. İyi çalışmalar, Burak"
LZ-00973,2026-03-13 12:29:10,survey,U-00394,5.0,Kasada QR okutuyorum ama ödeme bir türlü geçmiyor.
LZ-00985,2026-03-13 12:46:14,support_ticket,U-01341,,"Merhaba, Uygulama çok yavaş açılıyor, kasada sırayı bekletiyorum. Rezalet. - Burak"
LZ-00974,2026-03-13 14:07:58,survey,U-01798,4.0,"Temassız ödeme bazen geçiyor bazen geçmiyor, güvenemiyorum."
LZ-00971,2026-03-13 14:10:30,survey,U-00344,4.0,"QR ile ödeme dünden beri çalışmıyor, kasada rzeil oldum."
LZ-00984,2026-03-13 14:52:53,app_store,U-00863,1.0,Bakiye ekranı açılana kadar kasadaki herkes bekliyor. Lütfen acilen çözün.
LZ-00988,2026-03-13 18:53:36,app_store,U-00378,5.0,"Bakiye takibi çok kolay, teşekkürler. Emeği geçenlere teşekkürler!"
LZ-00979,2026-03-13 21:48:11,survey,U-01240,4.0,Giriş yaparken sürekli oturum süreniz doldu hatası alıyorum.
LZ-00987,2026-03-13 22:30:52,survey,U-02237,9.0,Kullanımı çok basit ve hızlı.
LZ-00991,2026-03-14 08:29:24,survey,U-01832,1.0,"Telefonu POS cihazina yaklastiriyorum, odeme ekrani acilmiyor."
LZ-01000,2026-03-14 08:37:40,support_ticket,U-01101,,"İyi günler, Yaklaşık 8 aydır kullanıcınızım. Kartı telefonun cüzdan uygulamasına ekelmek istiyorum. - Deniz"
LZ-00996,2026-03-14 08:41:51,app_store,U-01030,1.0,Lezzo her açılışta tekrar tekrar SMS kodu istiyor. Çok sinir bozucu.
LZ-00997,2026-03-14 09:18:45,app_store,U-00976,1.0,Lezzo haritada restoranlar yanlış konumda gösteriliyor.
LZ-00993,2026-03-14 10:06:42,support_ticket,U-02444,,"Merhabalar, Yaklaşık 3 aydır kullanıcınızım. Şifremi doğru girmeme rağmen giriş yapamıyorum. Mağdur durumdayım. Teşekkürler, Mert"
LZ-00994,2026-03-14 10:34:02,support_ticket,U-00677,,"Yaklaşık 12 aydır kullanıcınızım. Giriş yaparken sürekli oturum süreniz doldu hatası alıyorum. Ayrıca QR ile ödeme yeni güncellemeden beri çalışmıyor, kasada rezil oldum. Teşekkürler, Mert"
LZ-00992,2026-03-14 11:57:52,app_store,U-01536,5.0,Evimin ve iş yerimin yakınında kartın geçtiği restoran yok.
LZ-00990,2026-03-14 13:27:39,app_store,U-02311,1.0,QR kodu okutunca odeme ekraninda takili kaliyor. Cok sinir bozucu.
LZ-00989,2026-03-14 14:51:24,app_store,U-01722,1.0,"QR odemesi iki kere ceklidi, bakiyemden iki kez dustu. Lutfen acilen cozun."
LZ-01003,2026-03-14 15:10:54,app_store,U-00546,5.0,"Bakiye takibi cok kolay, tesekkurler. Ayrica iade sureci cok uzun, bir haftadir bekliyorum."
LZ-01001,2026-03-14 15:43:09,support_ticket,U-00929,,"Merhabalar, Şirketimiz geçen ay bu karta geçti. Canlı destek hiç cevap vermioyr. Rezalet. Saygılarımla, Mert"
LZ-01004,2026-03-14 16:58:41,survey,U-01940,10.0,"Kart taşımaktan kurtuldum, harika bir uygulama."
LZ-00998,2026-03-14 17:22:21,support_ticket,U-00801,,"Şirketimiz geçen ay bu karta geçti. Haritada kapanmış restoranlar hala görünüyor. Dönüşünüzü bekliyorum. Saygılarımla, Elif"
LZ-00995,2026-03-14 18:49:28,support_ticket,U-01094,,"Selam, Giriş yaparken sürekli oturum süreniz doldu hatası alıyorum. Ayrıca bakiye ekranı açılana kadar kasadaki herkes bekliyor. Saygılarımla, Can"
LZ-01002,2026-03-14 20:13:13,survey,U-02245,0.0,"Müşteri hizmetlerine ulaşmak imkansız, çağrı merkezi yarım saat bekletiyor."
LZ-00999,2026-03-14 20:37:08,support_ticket,U-00530,,"Merhaba, Şirketimiz geçen ay bu karta geçti. Haritada restoranlar yanlış konumda gösteriliyor. Teşekkürler, Mert"
LZ-01008,2026-03-15 13:02:16,app_store,U-01553,2.0,Sirketim yukleme yaptigini soyluyor ama bakiyem sifir gorunuyor. Lutfen acilen cozun.
LZ-01006,2026-03-15 15:02:37,app_store,U-00454,3.0,Kasada QR okutuyorum ama ödeme bir türlü geçmiyor. Mağdur durumdayım.
LZ-01014,2026-03-15 15:34:34,support_ticket,U-01594,,"Selam, Ödeme saniyeler içinde bitiyor, çok memnunum. Ayrıca yemek siparişi uygulamalarında da kullanılabilse harika olur. Başarılar! İyi çalışmalar, Seiln"
LZ-01005,2026-03-15 16:18:00,survey,U-01543,6.0,Odeme oanylandi diyor ama restoranin cihazina dusmuyor.
LZ-01012,2026-03-15 17:11:50,support_ticket,U-02044,,"Merhabaalr, Telefon numaram 0500 000 12 34, beni arayabilirsiniz. Yeni giriş ekranından sonra hesabıma erişemiyorum. Lütfen acilen çözün. Saygılarımla, Can"
LZ-01009,2026-03-15 17:26:29,survey,U-01125,4.0,Sirketim yukleme yaptigini soyluyor ama bakiyem sifir gorunuyor.
LZ-01010,2026-03-15 21:15:12,support_ticket,U-02360,,"Şirketim yükleme yaptığını söylüyor ama bakiyem sıfır görünüyor. İyi çalışmalar, Emre"
LZ-01011,2026-03-15 21:51:38,support_ticket,U-00685,,"İyi günler, Şirketimiz geçen ay bu karta geçti. Şifremi doğru girmeme rağmen giriş yapamıyorum. Rezalet. Teşekkürler, Can"
LZ-01013,2026-03-15 22:13:38,app_store,U-00452,1.0,bakiyenin son kullanma tarihi olduğunu kimse söylemedi.
LZ-01007,2026-03-15 22:33:04,support_ticket,U-00506,,"Merhabalar, Şirketimiz geçen ay bu katra geçti. Bu ay bakiyem geç yüklendi, iki gün yemek kartsız kaldım. Lütfen acilen çözün. - Selin"
LZ-01021,2026-03-16 08:26:14,survey,U-01425,0.0,"Yeni giris ekranindan sonra hesabima erisemiyorum. Ayrica telefonu POS cihazina yaklastiriyorum, odeme ekrani acilmiyor."
LZ-01031,2026-03-16 10:10:30,survey,U-00918,8.0,"Kart taşımaktan kurtuldum, harika bir uygulama."
LZ-01025,2026-03-16 10:17:07,support_ticket,U-01710,,"Merhaba, Şirketimiz geçen ay bu karta geçti. Haritada kapanmış restoranlar hala görünüyor. Lütfen acilen çözün. - Ece"
LZ-01027,2026-03-16 11:00:58,app_store,U-00415,5.0,lezzo apple pay'e eklenebilse telefonu açmadan ödeme yapardım. yol haritanızda var mı?
LZ-01015,2026-03-16 13:09:20,support_ticket,U-01827,,"Her gün öğle yemeğinde kullanıyorum. Teelfonu POS cihazına yaklaştırıyorum, ödeme ekranı açılmıyor."
LZ-01029,2026-03-16 13:59:59,support_ticket,U-01482,,"Selam, Şirketimiz geçen ay bu karta geçti. Google Pay entegrasyonu olsa çok pratik olur. Saygılarımla, Ece"
LZ-01023,2026-03-16 14:05:28,app_store,U-02444,1.0,"Ana sayfanın yüklenmesi yarım dakika sürüyor. Ayrıca kullanmadığım bakiye sonraki aya aktarılmıyor, bu çok haksız. Mağdur durumdayım."
LZ-01026,2026-03-16 14:16:03,app_store,U-02203,3.0,Sistem temasına uyan bir koyu tema eklenmeli. Ayrıca bakiye yüklendi bildirimi geldi ama uygulamada eski bakiye duruyor. Teşekkürler.
LZ-01030,2026-03-16 14:18:11,support_ticket,U-02034,,"Merhabalar, E-posta adresim zeynep.a@example.com. Uygulamada destek talebi oluşturma seçeneği bulamadım. Rezalet. - Burak"
LZ-01020,2026-03-16 15:22:42,app_store,U-00381,4.0,"Anlaşmalı restoran sayısı çok az, Kadıköy tarafında neredeyse hiç yer yok. Teşekkürler."
LZ-01024,2026-03-16 15:51:45,app_store,U-00712,3.0,uygulama çok fazla pil tüketiyor. dönüşünüzü bekliyorum.
LZ-01016,2026-03-16 16:15:59,app_store,U-02064,1.0,"Yüklenen tutar eksik görünüyor, 120 TL eksik. Mağdur durumdayım."
LZ-01022,2026-03-16 16:50:24,support_ticket,U-01805,,"İyi günler, Şirketimiz geçen ay bu karta geçti. Her açılışta tekrar tekrar SMS kodu istiyor. Ayrıca şirketim yükleme yaptığını söylüyor ama bakiyem sıfır görünüyor. İyi çalışmalar, Elif"
LZ-01018,2026-03-16 17:21:37,app_store,U-02237,1.0,"yüklenen tutar eksik görünüyor, 250 tl eksik. rezalet."
LZ-01019,2026-03-16 19:41:09,app_store,U-00119,3.0,Kahve zincirlerinde de geçerli olsa harika olur.
LZ-01028,2026-03-16 20:18:47,app_store,U-00769,4.0,Google Pay entegrasyonu olsa çok pratik olur.
LZ-01017,2026-03-16 21:33:04,app_store,U-02072,2.0,Maas gunu geldi ama yemek bakiyem hala yuklenmedi.
LZ-01046,2026-03-17 08:56:47,survey,U-00521,10.0,Yemek kartı uygulamaları arasında en iyisi.
LZ-01032,2026-03-17 11:07:02,app_store,U-02495,2.0,QR okuttuktan sonra uygulama beyaz ekranda kalıyor. Mağdur durumdayım.
LZ-01041,2026-03-17 11:52:14,support_ticket,U-00987,,"Merhaba, Yaklaşık 3 aydır kullanıcınızım. Akıllı saatle ödeme yapabilmek harika olurdu. Ayrıca kullanmadığım bakiye sonraki aya aktarılmıyor, bu çok haksız. Değerlendirirseniz sevinirim. Saygılarımla, Mehmet"
LZ-01040,2026-03-17 12:17:55,app_store,U-02215,1.0,Restoran ararken filtreler çalışmıyor. Ayrıca market alışverişinde de kullanılabilse çok iyi olur. Mağdur durumdayım.
LZ-01039,2026-03-17 13:13:09,app_store,U-00113,1.0,"Uygulama çok yavaş açılıyor, kasada sırayı bekletiyorum. Ayrıca haritada kapanmış restoranlar hala görünüyor. Çok sinir bozucu."
LZ-01045,2026-03-17 14:22:23,survey,U-00341,10.0,Yeemk kartı uygulamaları arasında en iyisi.
LZ-01036,2026-03-17 15:29:33,support_ticket,U-01925,,"İyi günler, E-posta adresim ayse.k@example.com. Şifremi doğru girmeme rağmen giriş yapamıyorum. Dönüşünüzü bekliyorum. İyi çalışmalar, Deniz"
LZ-01034,2026-03-17 15:52:08,survey,U-01782,8.0,Market alisverisinde de kullanilabilse cok iyi olur.
LZ-01033,2026-03-17 15:53:01,app_store,U-01365,1.0,QR kodu okutunca odeme ekraninda takili kaliyor.
LZ-01037,2026-03-17 15:54:05,app_store,U-02082,3.0,Yeni giriş ekranından sonra hesabıma erişemiyorum.
LZ-01038,2026-03-17 17:44:47,support_ticket,U-00178,,"Selam, Telefon numaram 0500 000 12 34, beni arayabilirsiniz. Her açılışta tekrar tekrar SMS kodu istiyor. Lütfen acilen çözün. İyi çalışmalar, Zeynep"
LZ-01044,2026-03-17 19:32:24,support_ticket,U-01820,,"Selam, İptal edilen siparişin iadesi hala bakiyeme yansımadı. Çok sinir bozucu. İyi çalışmalar, Zeynep"
LZ-01043,2026-03-17 21:11:41,survey,U-02327,3.0,"Ay sonunda kalan bakiye yanıyor mu, bir sonraki aya devretmesi lazım."
LZ-01042,2026-03-17 21:38:37,support_ticket,U-01143,,"Ay sonunda kalan bakiye yanıyor mu, bir sonraki aya devretmesi lazım. Dönüşünüzü bekliyorum. İyi çalışmalar, Burak"
LZ-01035,2026-03-17 22:14:15,support_ticket,U-00697,,"Merhaba, Doğrulama kodu çok geç geliyor, geldiğinde de süresi dolmuş oluyor. Ayrıca restoran ararken filtreler çalışmıyor. Lütfen acilen çözün. - Burak"
LZ-01049,2026-03-18 09:50:26,survey,U-00434,6.0,Bakiye yüklendi bildirimi geldi ama uygulamada eski bakiye duruyor.
LZ-01053,2026-03-18 10:10:24,app_store,U-00346,3.0,Her açılışta tekrar tekrar SMS kodu istiyor. Ayrıca restoran ağı genişlrese kartı çok daha fazla kullanırım. Mağdur durumdayım.
LZ-01051,2026-03-18 11:39:16,support_ticket,U-01221,,"Merhabalar, Yeni giriş ekranından sonra hesabıma erişemiyorum. Rezalet."
LZ-01048,2026-03-18 13:29:27,app_store,U-01083,3.0,Lezzo NFC ile odeme yapmak istiyorum ama telefonu yaklastirinca hicbir sey olmuyor. Cok sinir bozucu.
LZ-01055,2026-03-18 14:17:49,survey,U-01133,6.0,Karanlık mod seçeneği yok mu?
LZ-01059,2026-03-18 15:17:13,survey,U-00411,9.0,Yemek kartı uygulamaları arasında en iyisi.
LZ-01054,2026-03-18 15:23:20,app_store,U-01889,2.0,"uygulama sürekli donuyor, kapatıp açmam gerekiyor."
LZ-01056,2026-03-18 16:54:57,app_store,U-00881,4.0,Lezzo akilli saatle odeme yapabilmek harika olurdu. Degerlendirirseniz sevinirim.
LZ-01050,2026-03-18 17:04:04,app_store,U-00625,4.0,kahve zincirlerinde de gecerli olsa harika olur.
LZ-01058,2026-03-18 19:14:17,app_store,U-01470,4.0,Kullanımı çok basit ve hızlı.
LZ-01047,2026-03-18 19:32:52,survey,U-01267,2.0,QR kodu okutunca ödeme ekranında takılı kalıyor.
LZ-01057,2026-03-18 20:01:30,app_store,U-01670,1.0,Kalan bakiyemi bir iş arkadaşıma transfer edemiyorum. Çok sinir bozucu.
LZ-01052,2026-03-18 20:12:58,support_ticket,U-00972,,"Merhaba, Şifremi doğru girmeme rağmen giriş yapamıyorum. Lütfen acilen çözün. Saygılarımla, Selin"
LZ-01071,2026-03-19 08:12:50,support_ticket,U-00074,,"Selam, Yeni giriş ekranından sonra hesabıma erişemiyorum. Ayrıca QR ile ödeme sabahtan beri çalışmıyor, kasada rezil oldum. İyi çalışmalar, Emre"
LZ-01069,2026-03-19 09:26:36,support_ticket,U-00115,,"İyi günler, Telefon nuamram 0500 000 45 67, beni arayabilirsiniz. Giriş yaparken sürekli oturum süreniz doldu hatası alıyorum. Mağdur durumdayım. Teşekkürler, Ceren"
LZ-01075,2026-03-19 10:40:23,support_ticket,U-01453,,"Merhaba, Restoran ararken filtreler çalışmıyor. - Can"
LZ-01073,2026-03-19 10:49:31,survey,U-01474,6.0,Yeni giriş ekranından sonra hesabıma erişemiyorum.
LZ-01074,2026-03-19 11:19:48,app_store,U-01475,2.0,"doğrulama kodu çok geç geliyor, geldiğinde de süresi dolmuş oluyor. çok sinir bozucu."
LZ-01062,2026-03-19 11:25:50,app_store,U-01578,3.0,Şirketim yükleme yaptığını söylüyor ama bakiyem sıfır görünüyor.
LZ-01080,2026-03-19 11:30:51,support_ticket,U-01094,,"Merhabalar, Şirketimiz geçen ay bu karta geçti. Şikayet yazdım, üç gündür dönüş yapılmadı. Ayrıca bu ay bakiyem geç yüklendi, iki gün yemek kratsız kaldım. Çok sinir bozucu."
LZ-01064,2026-03-19 13:18:23,survey,U-00641,8.0,Yemek siparişi uygulamalarında da kullanılabilse harika olur.
LZ-01079,2026-03-19 13:42:04,support_ticket,U-00875,,"Merhabalar, Kullanmadığım bakiye sonraki aya aktarılmıyor, bu çok haksız."
LZ-01070,2026-03-19 15:18:27,app_store,U-00338,1.0,"SMS dogrulama kodu gelmiyor, uygulamaya giremiyorum."
LZ-01060,2026-03-19 16:13:36,support_ticket,U-00641,,"Merhaba, Şirketimiz geçen ay bu karta geçti. QR ödemesi iki kere çekildi, bakiyemden iki kez düştü. Rezalet. İyi çalışmalar, Ayşe"
LZ-01077,2026-03-19 16:55:09,survey,U-01953,7.0,Karanlık mod seçeneği yok mu?
LZ-01076,2026-03-19 17:12:32,support_ticket,U-01928,,"Her gün öğle yemeğinde kullanıyorum. Yakınımdaki restoranları listelemiyor, konumumu bulamıyor. Dönüşünüzü bekliyorum."
LZ-01066,2026-03-19 17:20:14,app_store,U-01373,4.0,Kahve zincirlerinde de geçerli olsa harika olur.
LZ-01065,2026-03-19 17:45:21,app_store,U-00431,3.0,Lezzo kahve zincirlerinde de geçerli olsa harika olur. Değerlendirirseniz sevinirim.
LZ-01081,2026-03-19 17:46:54,app_store,U-00721,2.0,"Lezzo i̇ade süreci çok uzun, bir haftadır bekliyorum. Çok sinir bozucu."
LZ-01061,2026-03-19 18:23:41,app_store,U-02201,1.0,şirketim yükleme yaptığını söylüyor ama bakiyem sıfır görünüyor.
LZ-01067,2026-03-19 18:37:45,app_store,U-00559,5.0,Kahve zincirlerinde de gecerli olsa harika olur.
LZ-01063,2026-03-19 19:14:57,support_ticket,U-00636,,"Merhabalar, Yaklaşık 3 aydır kullanıcınızım. Yüklenen tutar eksik görünüyor, 400 TL eksik. Dönüşünüzü bekliyorum. Saygılarımla, Selin"
LZ-01083,2026-03-19 20:29:17,app_store,U-02207,4.0,"Ödeme saniyeler içinde bitiyor, çok memnunum. Emeği geçenlere teşekkürler!"
LZ-01072,2026-03-19 21:48:39,survey,U-00579,2.0,"SMS doğrulama kodu gelmiyor, uygulamaya giremiyorum."
LZ-01068,2026-03-19 22:05:46,survey,U-00881,6.0,"SMS dogrulama kodu gelmiyor, uygulamaya giremiyorum."
LZ-01078,2026-03-19 22:28:00,app_store,U-00762,2.0,Kalan bakiyemi bir iş arkadaşıma transfer edemiyorum. Ayrıca canlı destek hiç cevap vermiyor.
LZ-01082,2026-03-19 22:33:59,survey,U-00075,8.0,Yemek kartı uygulamaları arasında en iyisi.
LZ-01090,2026-03-20 08:31:59,support_ticket,U-01214,,"Merhabalar, Anlaşmalı restoran sayısı çok az, Konak tarafında neredeyse hiç yer yok. Değerlendirirseniz sevinirim. Saygılarımla, Mehmet"
LZ-01091,2026-03-20 09:07:55,support_ticket,U-00499,,"Merhaba, Yalkaşık 8 aydır kullanıcınızım. Doğrulama kodu çok geç geliyor, geldiğinde de süresi dolmuş oluyor. İyi çalışmalar, Ayşe"
LZ-01084,2026-03-20 09:55:42,support_ticket,U-00759,,"Merhaba, E-posta adresim mehmet.y@example.com. QR kodu okutunca ödeme ekranında takılı kalıyor. - Mehmet"
LZ-01092,2026-03-20 11:44:15,support_ticket,U-02317,,"Merhaba, Şirketimiz geçen ay bu karta geçti. Doğrulama kodu çok geç geliyor, geldiğinde de süresi dolmuş oluyor. Rezalet. Saygılarımla, Ceren"
LZ-01089,2026-03-20 12:10:40,survey,U-01468,6.0,Evimin ve iş yerimin yakınında kartın geçtiği restoran yok.
LZ-01104,2026-03-20 13:40:17,survey,U-02156,10.0,"Kart taşımaktan kurtuldum, harika bir uygulama."
LZ-01085,2026-03-20 14:05:13,app_store,U-00552,1.0,"Lezzo temassız ödeme bazen geçiyor bazen geçmiyor, güvenemiyorum. Rezalet."
LZ-01096,2026-03-20 14:05:28,survey,U-02061,4.0,"SMS doğrulama kodu gelmiyor, uygulamaya giremiyorum. Ayrıca şirketim yükleme yaptığını söylüyor ama bakiyem sıfır görünüyor."
LZ-01086,2026-03-20 14:20:01,app_store,U-01439,3.0,NFC ödemesi sürekli zaman aşımına uğruyor. Çok sinir bozucu.
LZ-01100,2026-03-20 14:30:27,survey,U-00662,6.0,Karanlik mod secenegi yok mu?
LZ-01102,2026-03-20 14:55:23,app_store,U-01396,2.0,Uygulamada destek talebi oluşturma seçeneği bulamadım. Rezalet.
LZ-01095,2026-03-20 17:11:11,app_store,U-01052,1.0,"Doğrulama kodu çok geç geliyor, geldiğinde de süresi dolmuş oluyor. Dönüşünüzü bekliyorum."
LZ-01099,2026-03-20 17:20:22,app_store,U-00422,3.0,Restoranların çalışma saatleri yanlış yazıyor. Lütfen acilen çözün.
LZ-01097,2026-03-20 19:00:43,support_ticket,U-00641,,"Merhabalar, Huawei telefonumda açılışta çöküyor. Çok sinir bozucu. İyi çalışmalar, Mehmet"
LZ-01088,2026-03-20 19:02:19,app_store,U-02092,1.0,Şirkeitm yükleme yaptığını söylüyor ama bakiyem sıfır görünüyor. Rezalet.
LZ-01087,2026-03-20 20:19:37,app_store,U-00063,1.0,"Yuklenen tutar eksik gorunuyor, 250 TL eksik. Magdur durumdayim."
LZ-01094,2026-03-20 20:40:32,support_ticket,U-01490,,"İyi günler, Telefon numaram 0500 000 89 01, beni arayabilirsiniz. Şifremi doğru girmeme rağmen giriş yapamıyorum. Rezalet. Saygılarımla, Deniz"
LZ-01101,2026-03-20 21:45:41,app_store,U-02482,2.0,Lezzo canlı destek hiç cevap vermiyor.
LZ-01103,2026-03-20 21:50:31,support_ticket,U-02147,,"İyi günler, Her gün öğle yemeğinde kullanıyorum. İptal edilen siparişin iadesi hala bakiyeme yansımadı. Dönüşünüzü bekliyorum."
LZ-01093,2026-03-20 22:15:14,support_ticket,U-01796,,"Selam, E-posta adresim ayse.k@example.com. SMS doğrulama kodu gelmiyor, uygulamaya giremiyorum. Mağdur durumdayım."
LZ-01098,2026-03-20 22:44:00,app_store,U-01510,1.0,Bakiye ekrani acilana kadar kasadaki herkes bekliyor. Ayrica marekt alisverisinde de kullanilabilse cok iyi olur.
LZ-01114,2026-03-21 08:00:51,support_ticket,U-01704,,"Selam, Google Pay entegrasyonu olsa çok pratik olur. Değerlendirirseniz sevinirim. - Can"
LZ-01113,2026-03-21 09:02:59,app_store,U-01130,1.0,"Uygulama cok yavas aciliyor, kasada sirayi bekletiyorum. Cok sinir bzoucu."
LZ-01112,2026-03-21 09:51:58,app_store,U-01712,1.0,"Uygulama surekli donuyor, kapatip acmam gerekiyor. Magdur durumdayim."
LZ-01117,2026-03-21 10:28:46,app_store,U-00521,1.0,Canli destek hic cevap vermiyor. Lutfen acilen cozun.
LZ-01109,2026-03-21 12:26:58,app_store,U-02070,3.0,"dogrulama kodu cok gec geliyor, geldiginde de suresi dolmus olyuor. cok sinir bozucu."
LZ-01116,2026-03-21 13:12:19,support_ticket,U-02323,,"Merhaba, Müşteri hizmetlerine ulaşmak imkansız, çağrı merkezi yarım saat bekletiyor."
LZ-01110,2026-03-21 16:10:39,support_ticket,U-02442,,"Merhaba, Her gün öğle yemeğinde kullanıyorum. Her açılışta tekrar tekrar SMS kodu istiyor. Çok sinir bozucu. Teşekkürler, Ayşe"
LZ-01108,2026-03-21 16:41:21,survey,U-01049,4.0,Bakiye yüklendi bildirimi geldi ama uygulamada eski bakiye duruyor.
LZ-01107,2026-03-21 17:51:36,app_store,U-01889,1.0,"Telefonu POS cihazına yaklaştırıyorum, ödeme ekranı açılmıyor. Lütfen acilen çözün."
LZ-01106,2026-03-21 18:47:23,survey,U-01342,5.0,"Odeme onaylandi diyor ama restoranin cihazina dusmuyor. Ayrica SMS dogrulama kodu gelmiyor, uygulamaya giremiyorum."
LZ-01111,2026-03-21 20:17:19,app_store,U-01115,2.0,lezzo yeni giriş ekranından sonra hesabıma erişemiyorum. çok sinir bozucu.
LZ-01105,2026-03-21 20:18:43,app_store,U-00214,2.0,Kasada QR okutuyorum ama ödeme bir türlü geçmiyor. Lütfen acilen çözün.
LZ-01115,2026-03-21 22:49:13,survey,U-02119,2.0,Canli destek hic cevap vermiyor.
LZ-01126,2026-03-22 08:46:00,app_store,U-01429,3.0,Uygulama cok fazla pil tuketiyor. Magdur durumdayim.
LZ-01118,2026-03-22 10:32:00,app_store,U-00788,3.0,NFC ile odeme yapmak istiyorum ama telefonu yaklastirinca hicbir sey olmuyor. Magdur durumdayim.
LZ-01124,2026-03-22 13:47:43,app_store,U-01662,1.0,Bakiye ekranı açılana kadar kasadaki herkes bekliyor.
LZ-01122,2026-03-22 14:20:46,app_store,U-02037,2.0,Giris yaparken surekli oturum sureniz doldu hatasi aliyorum. Rezalet.
LZ-01132,2026-03-22 14:27:55,app_store,U-01774,4.0,yemek kartı uygulamaları arasında en iyisi. ayrıca iptal edilen siparişin iadesi hala bakiyeme yansımadı.
LZ-01125,2026-03-22 16:22:04,support_ticket,U-02286,,"Selam, Uygulama çok yavaş açılıyor, kasada sırayı bekletiyorum. Çok sinir bozucu."
LZ-01120,2026-03-22 17:13:13,support_ticket,U-01740,,"Mrehabalar, E-posta adresim zeynep.a@example.com. Maaş günü geldi ama yemek bakiyem hala yüklenmedi. Çok sinir bozucu. Teşekkürler, Ece"
LZ-01127,2026-03-22 17:17:25,support_ticket,U-00641,,"Telefon numaram 0500 000 45 67, beni arayabilirsiniz. Karanlık mod seçeneği yok mu? İyi çalışmalar, Ayşe"
LZ-01121,2026-03-22 17:30:42,survey,U-00746,8.0,"Sevdiğim kafeler anlaşmalı değil, lütfen daha fazla restoran ekleyin."
LZ-01123,2026-03-22 17:52:30,app_store,U-00406,1.0,"doğrulama kodu çok geç geliyor, geldiğinde de süresi dolmuş oluoyr. lütfen acilen çözün."
LZ-01131,2026-03-22 19:26:04,app_store,U-01948,4.0,"lezzo kart taşımaktan kurtuldum, harika bir uygulama."
LZ-01129,2026-03-22 19:31:27,support_ticket,U-02437,,"Merhaba, Her gün öğle yemeğinde kullanıyorum. Kullanmadığım bakiye sonraki aya aktarılmıyor, bu çok haksız. Lütfen acilen çözün. Saygılarımla, Selin"
LZ-01130,2026-03-22 22:28:15,support_ticket,U-01777,,"İyi günler, Şikayet yazdım, üç gündür dönüş yapılmadı. Dönüşünüzü bekliyorum."
LZ-01119,2026-03-22 22:38:45,app_store,U-00955,3.0,lezzo nfc ödemesi sürelki zaman aşımına uğruyor. ayrıca haritada kapanmış restoranlar hala görünüyor. rezalet.
LZ-01128,2026-03-22 22:55:59,support_ticket,U-01487,,"Merhaba, Her gün öğle yemeğinde kullanıyorum. Apple Pay'e eklenebilse telefonu açmadan ödeme yapardım. Değerlendirirseniz sevinirim."
LZ-01142,2026-03-23 08:28:02,survey,U-01389,6.0,Haritada restoranlar yanlis konumda gosteriliyor.
LZ-01140,2026-03-23 08:32:02,app_store,U-02311,2.0,Smasung telefonumda açılışta çöküyor.
LZ-01145,2026-03-23 08:46:09,support_ticket,U-02221,,"Merhaba, E-posta adresim zeynep.a@example.com. İptal edilen siparişin iadsei hala bakiyeme yansımadı. Lütfen acilen çözün. Teşekkürler, Can"
LZ-01135,2026-03-23 09:07:51,support_ticket,U-00735,,"Merhaba, E-posta adresim zeynep.a@example.com. SMS doğrulama kodu gelmiyor, uygulamaya giremiyorum. İyi çalışmlaar, Mehmet"
LZ-01147,2026-03-23 09:36:33,app_store,U-01158,1.0,"iade süreci çok uzun, bir haftadır bekliyorum. çok sinir bozucu."
LZ-01141,2026-03-23 11:15:58,app_store,U-01921,1.0,Restoranların çalışma saatleri yanlış yazıyor.
LZ-01144,2026-03-23 12:16:16,app_store,U-01748,1.0,"Müşteri hizmetlerine ulaşmak imkansız, çağrı merkezi yarım saat bekletiyor."
LZ-01136,2026-03-23 12:59:47,support_ticket,U-00496,,"Selam, E-posta adresim mehmet.y@example.com. Yeni giriş ekranından sonra hesabıma erişemiyorum. Dönüşünüzü bekliyorum. Saygılarımla, Elif"
LZ-01143,2026-03-23 13:53:08,app_store,U-01981,4.0,lezzo kartı telefonun cüzdan uygulamasına eklemek istiyorum. yol haritanızda var mı?
LZ-01133,2026-03-23 13:59:03,app_store,U-01800,2.0,NFC ödemesi sürekli zaman aşımına uğruyor. Çok sinir bozucu.
LZ-01148,2026-03-23 14:58:57,survey,U-00761,6.0,Restoran ödmeeyi iptal etti ama para geri gelmedi.
LZ-01137,2026-03-23 16:21:54,app_store,U-01698,2.0,her açılışta tekrar tekrar sms kodu istiyor. dönüşünüzü bekliyorum.
LZ-01139,2026-03-23 17:11:03,app_store,U-00141,1.0,"uygulama sürekli donuyor, kapatıp açmam gerekiyor."
LZ-01146,2026-03-23 17:40:12,support_ticket,U-01962,,"Merhaba, Şirketimiz geçen ay bu karta geçti. İptal edilen siparişin iadesi hala bakiyeme yansımadı."
LZ-01138,2026-03-23 20:13:15,app_store,U-00765,1.0,her açılışta tekrar tekrar sms kodu istiyor.
LZ-01134,2026-03-23 21:25:54,survey,U-00660,5.0,"Temassız ödeme bazen geçiyor bazen geçmiyor, güvenemiyorum."
LZ-01163,2026-03-24 10:57:21,support_ticket,U-02446,,"Merhabalar, Her gün öğle yemeğinde kullanıyorum. Karanlık mod eklenirse çok iyi olur. Teşekkürler. Saygılarımla, Burak"
LZ-01159,2026-03-24 12:51:15,survey,U-01178,6.0,Uygulama çok fazla pil tüketioyr.
LZ-01153,2026-03-24 12:55:32,support_ticket,U-02157,,"Merhaba, Şirketimiz geçen ay bu karta geçti. Giriş yaparken sürekli oturum süreniz doldu hatası alıyorum. Çok sinir bozucu."
LZ-01162,2026-03-24 12:56:42,app_store,U-00892,2.0,lezzo haritada restoranlar yanlış konumda gösteriliyor. ayrıca bakiye ekranı açılana kadar kasadaki herkes bekliyor. dönüşünüzü bekliyorum.
LZ-01164,2026-03-24 13:19:06,app_store,U-00167,3.0,Karti telefonun cuzdan uygulmaasina eklemek istiyorum. Tesekkurler.
LZ-01165,2026-03-24 14:30:19,app_store,U-00989,1.0,kalan bakiyemi bir iş arkadaşıma transfer edemiyorum. rezalet.
LZ-01161,2026-03-24 15:13:06,app_store,U-00580,2.0,ana sayfanın yüklenemsi yarım dakika sürüyor. lütfen acilen çözün.
LZ-01160,2026-03-24 15:19:33,app_store,U-01951,1.0,Lezzo bakiye ekranı açılana kadar kasadaki herkes bekliyor. Rezalet.
LZ-01167,2026-03-24 15:27:49,survey,U-00735,2.0,"Müşteri hizmetlerine ulaşmak imkansız, çağrı merkezi yarım saat bekletiyor."
LZ-01149,2026-03-24 16:03:28,app_store,U-00310,1.0,"Kamera QR kodu okumuyor, sürekli odakalnmaya çalışıyor."
LZ-01152,2026-03-24 16:40:04,support_ticket,U-00960,,"İyi günler, Şirketimiz geçen ay bu karta geçti. Maaş günü geldi ama yemek bakiyem hala yüklenmedi. Lütfen acilen çözün. - Burak"
LZ-01154,2026-03-24 18:05:57,support_ticket,U-00502,,"Merhaba, Yaklaşık 3 aydır kullanıcınızım. SMS doğrulama kodu gelmiyor, uygulamaya giremiyorum. Mağdur durumdayım. Saygılarımla, Elif"
LZ-01155,2026-03-24 18:28:54,app_store,U-00794,2.0,"Şifremi doğru gimreme rağmen giriş yapamıyorum. Ayrıca temassız ödeme bazen geçiyor bazen geçmiyor, güvenemiyorum."
LZ-01158,2026-03-24 18:35:18,app_store,U-02267,3.0,Lezzo her acilista tekrar tekrar SMS kodu istiyor. Cok sinir bozucu.
LZ-01166,2026-03-24 18:37:16,survey,U-00414,6.0,Bakiyenin son kullanma tarihi oldugunu kimse soylemedi.
LZ-01150,2026-03-24 19:02:12,app_store,U-01101,1.0,QR kodu okutunca ödeme ekranında takılı kalıyor. Lütfen acilen çözün.
LZ-01156,2026-03-24 19:34:47,support_ticket,U-02245,,"İyi günler, Doğrulama kodu çok geç geliyor, geldiğinde de süresi dolmuş oluyor. Çok siinr bozucu."
LZ-01157,2026-03-24 21:28:25,support_ticket,U-01144,,"Merhabalar, Her gün öğle yemeğinde kullanıyorum. Doğrulama kodu çok geç geliyor, geldiğinde de süresi dolmuş oluyor. Çok sinir bozucu. - Zeynep"
LZ-01151,2026-03-24 21:30:48,support_ticket,U-00034,,"Merhaba, Temassız ödeme bazen geçiyor bazen geçmiyor, güvenemiyorum. Teşekkürler, Emre"
LZ-01168,2026-03-24 21:34:21,survey,U-01897,8.0,Yemek kartı uygulamaları arasında en iyisi.
LZ-01169,2026-03-25 08:02:57,support_ticket,U-01838,,"Merhabalar, Telefon numaram 0500 000 45 67, beni arayabilirsiniz. QR okuttuktan sonra uygulama beyaz ekranda kalıyor. Dönüşünüzü bekliyorum. İyi çalışmalar, Mehmet"
LZ-01182,2026-03-25 08:33:54,survey,U-02256,1.0,İptal edilen sipraişin iadesi hala bakiyeme yansımadı.
LZ-01174,2026-03-25 10:30:01,support_ticket,U-00411,,"İyi günler, Şirketimiz geçen ay bu karta geçti. Yeni giriş ekranından sonra hesabıma erişemiyorum. Çok sinir bozucu. Saygılarımla, Selin"
LZ-01178,2026-03-25 13:35:16,app_store,U-02233,3.0,"Gece kullanirken beyaz ekran goz yoruyor, karanlik tema lutfen. Degerlendirirseniz sevinirim."
LZ-01173,2026-03-25 13:39:53,app_store,U-00343,1.0,Sifremi dogru girmeme ragmen giris yapamiyorum.
LZ-01175,2026-03-25 14:26:25,support_ticket,U-01777,,"Merhaba, Yaklaşık 18 aydır kullanıcınızım. SMS doğrulama kodu gelmiyor, uygulamaya giremiyorum. Çok sinir bozucu. İyi çalışmalar, Zeynep"
LZ-01176,2026-03-25 16:55:49,support_ticket,U-00759,,"Merhaba, Telefon numaram 0500 000 89 01, beni arayabilirsiniz. Giriş yaparken sürekli oturum süreniz doldu hatası alıyroum. Rezalet. Saygılarımla, Burak"
LZ-01181,2026-03-25 17:30:23,support_ticket,U-00084,,"Bakiyenin son kullanma tarihi olduğunu kimse söylemedi. Lütfen acilen çözün. Teşekkürler, Zeynep"
LZ-01177,2026-03-25 17:32:10,app_store,U-01906,3.0,Lezzo eski Android telefonumda açılışta çöküyor. Rezalet.
LZ-01171,2026-03-25 17:44:44,support_ticket,U-00510,,"İyi günler, Her gün öğle yemeğinde kullanıyorum. Kamera QR kodu okumuyor, sürekli odaklanmaya çalışıyor. İyi çalışmalar, Ceren"
LZ-01170,2026-03-25 21:16:44,app_store,U-00778,1.0,Kasada QR okutuyorum ama ödeme bir türlü geçmiyor. Çok sinir bozucu.
LZ-01179,2026-03-25 21:45:35,survey,U-02120,5.0,Sistem temasına uyan bir koyu tema eklenmeli.
LZ-01180,2026-03-25 22:10:11,app_store,U-00899,4.0,Kartı telefonun cüzdan uygulamasına eklemek istiyorum. Teşekkürler.
LZ-01172,2026-03-25 22:49:29,app_store,U-01014,4.0,Lezzo evimin ve is yerimin yakininda kartin gectigi restoran yok.
LZ-01207,2026-03-26 08:10:00,support_ticket,U-02442,,"Merhabalar, Yaklaşık 18 aydır kulalnıcınızım. İade süreci çok uzun, bir haftadır bekliyorum. İyi çalışmalar, Ceren"
LZ-01184,2026-03-26 08:14:17,app_store,U-02042,1.0,"lezzo temassız ödeme bazen geçiyor baezn geçmiyor, güvenemiyorum. çok sinir bozucu."
LZ-01194,2026-03-26 08:20:49,support_ticket,U-00802,,Her gün öğle yemeğinde kullanıyorum. Her açılışta tekrar tekrar SMS kodu istiyor. - Ece
LZ-01186,2026-03-26 08:25:54,support_ticket,U-01788,,"İyi günler, Şirketimiz geçen ay bu karta geçti. Şirketim yükleme yaptığını söylüyor ama bakiyem sıfır görünüyor."
LZ-01205,2026-03-26 09:30:20,support_ticket,U-00712,,"Selam, Bakiyenin son kullanma tarihi olduğunu kimse söylemedi. Rezalet. - Selin"
LZ-01185,2026-03-26 10:16:51,app_store,U-01576,1.0,şirketim yükleme yaptığını söylüyor ama bakiyem sıfır görünüyor. ayrıca akıllı saatle ödeme yapabilmek harika olurdu.
LZ-01206,2026-03-26 10:51:17,app_store,U-00187,3.0,Lezzo uygulamada destek talebi oluşturma seçeneği bulamadım. Mağdur durumdayım.
LZ-01192,2026-03-26 10:55:34,support_ticket,U-01727,,"Merhaba, Şirketimiz geçen ay bu karta geçti. Şifremi doğru girmeme rağmen giriş yapamıyorum. Lütfen acilen çözün. - Deniz"
LZ-01189,2026-03-26 11:12:38,app_store,U-00641,4.0,"Lezzo anlaşmalı restoran sayısı çok az, Nilüfer tarafında neredeyse hiç yer yok. Yol haritanızda var mı?"
LZ-01204,2026-03-26 11:23:36,app_store,U-00294,2.0,Bakiyenin son kullanma tarihi olduğunu kimse söylemedi. Çok sinir bozucu.
LZ-01183,2026-03-26 12:16:03,survey,U-01014,2.0,Kasada QR okutuyorum ama ödeme bir türlü geçmiyor.
LZ-01190,2026-03-26 12:26:01,app_store,U-02132,4.0,Evimin ve iş yerimin yakınında kartın geçtiği restoran yok. Yol haritanızda var mı?
LZ-01197,2026-03-26 13:19:01,support_ticket,U-01985,,"İyi günler, Şifremi doğru girmeme rağmen giriş yapamıyorum. Rezalet. Teşekkürler, Mert"
LZ-01187,2026-03-26 13:19:34,support_ticket,U-02075,,"İyi günler, E-posta adresim zeynep.a@example.com. Maaş günü geldi ama yemek bakiyem hala yüklenmedi. Dönüşünüzü bekliyorum."
LZ-01193,2026-03-26 13:51:01,support_ticket,U-01051,,"Selam, E-posta adresim zeynep.a@example.com. SMS doğrulama kodu gelmiyor, uygulamaya giremiyorum. Teşekkürler, Mehmet"
LZ-01188,2026-03-26 14:50:19,survey,U-01035,6.0,Evimin ve is yerimin yakininda kartin gectigi restoran yok.
LZ-01199,2026-03-26 15:24:16,app_store,U-00189,3.0,Uygulama çok fazla pil tüketiyor.
LZ-01201,2026-03-26 15:58:52,app_store,U-02158,1.0,"yakınımdaki restoranları listelemiyor, konumumu bulamıyor."
LZ-01200,2026-03-26 16:20:47,app_store,U-00715,2.0,"uygulama sürekli donuyor, kapatıp açmam gerekiyor. lütfen acilen çözün."
LZ-01191,2026-03-26 18:05:19,survey,U-02187,8.0,Market alisverisinde de kullanilbailse cok iyi olur.
LZ-01202,2026-03-26 18:11:11,app_store,U-02030,4.0,Akıllı saatle ödeme yapabilmek harika olurdu. Değerlendirirseniz sevinirim.
LZ-01196,2026-03-26 19:14:06,app_store,U-00449,1.0,Şifremi doğru girmeme rağmen giriş yapamıyorum.
LZ-01195,2026-03-26 19:30:32,app_store,U-00446,1.0,her açılışta tekrar tekrar sms kodu istiyor. rezalet.
LZ-01198,2026-03-26 21:25:02,app_store,U-01645,1.0,Giriş yaparken sürekli oturum süreniz doldu hatası alıyorum. Rezalet.
LZ-01203,2026-03-26 22:37:47,support_ticket,U-01435,,"Selam, Kullanmadığım bakiye sonraki aya aktarılmıyor, bu çok haksız. Ayrıca yakınımdaki restoranları listelemiyor, konumumu bulamıyor. Mağdur durumdayım. İyi çalışmalar, Selin"
LZ-01208,2026-03-27 09:01:58,app_store,U-00231,2.0,"Kamera QR kodu okumuyor, sürkeli odaklanmaya çalışıyor. Çok sinir bozucu."
LZ-01211,2026-03-27 09:51:21,app_store,U-02168,4.0,Lezzo kahve zincirlerinde de gecerli olsa harika olur. Yol haritanizda var mi?
LZ-01218,2026-03-27 10:08:54,support_ticket,U-00273,,"Selam, Bakiyenin son kullanma tarihi olduğunu kimse söylemedi. Mağdur durumdayım. İyi çalışmalar, Mehmet"
LZ-01215,2026-03-27 10:23:53,support_ticket,U-00890,,"Merhaba, Haritada kapanmış restoranlar hala görünüyor. Çok sinir bozucu. - Burak"
LZ-01220,2026-03-27 12:19:22,app_store,U-00859,1.0,Canli destek hic cevap vermiyor.
LZ-01214,2026-03-27 13:42:07,app_store,U-01380,2.0,"restoran ararken filtreler çalışmıyor. ayrıca gece kullanırken beyaz ekran göz yoruyor, karanlık tema lütfen. dönüşünüzü bekliyorum."
LZ-01213,2026-03-27 13:53:27,support_ticket,U-02413,,"Selam, Her gün öğle yemeğinde kullanıyorum. Haritada restoranlar yanlış konumda gösteriliyor. Mağdur durumdayım. Teşekkürler, Ece"
LZ-01219,2026-03-27 14:06:23,app_store,U-00060,3.0,"Şikayet yazdım, üç gündür dönüş yapılmadı. Ayrıca uygulama çok yavaş açılıyor, kasada sırayı bekletiyorum. Çok sinir bozucu."
LZ-01217,2026-03-27 15:15:50,survey,U-00360,0.0,Bakiyenin son kullanma tarihi oldugunu kimse soylemedi.
LZ-01209,2026-03-27 15:40:22,support_ticket,U-00181,,"Merhabalar, QR okuttuktan sonra uygulama beyaz ekranda kalıyor. Teşekkürler, Selin"
LZ-01212,2026-03-27 20:51:08,app_store,U-01004,3.0,Bakiye ekranı açılana kadar kasadaki herkes bekliyor. Çok sinir bozucu.
LZ-01221,2026-03-27 21:32:39,support_ticket,U-00080,,"İyi günler, Her gün öğle yemeğinde kullanıyorum. Kullanımı çok basit ve hızlı. Emeği geçenlere teşekkürler! - Ece"
LZ-01210,2026-03-27 22:13:03,support_ticket,U-00845,,Her gün öğle yemeğinde kullanıyorum. NFC ile ödeme yapmak istiyorum ama telefonu yaklaştırınca hiçbir şey olmuyor. Rezalet. - Emre
LZ-01216,2026-03-27 22:58:40,app_store,U-00181,4.0,Apple Pay'e eklenebilse telefonu açmadan ödeme yapardım.
LZ-01226,2026-03-28 08:48:20,support_ticket,U-00040,,"Selam, Şifremi doğru girmeme rağmen giriş yapamıyorum. Lütfen acilen çözün. Teşekkürler, Mehmet"
LZ-01233,2026-03-28 10:01:24,support_ticket,U-01947,,"Selam, Telefon numaram 0500 000 45 67, beni arayabilirsiniz. Restoran ararken filtreler çalışmıyor. Saygılarımla, Mert"
LZ-01224,2026-03-28 10:34:55,app_store,U-00841,1.0,"temassız ödeme bazen geçiyor bazen geçmioyr, güvenemiyorum. ayrıca canlı destek hiç cevap vermiyor. dönüşünüzü bekliyorum."
LZ-01230,2026-03-28 12:35:24,support_ticket,U-01803,,"Selam, Telefon numaram 0500 000 12 34, beni arayabilirsiniz. Giriş yaparken sürekli oturum süreniz doldu hatası alıyorum. Rezalet. Saygılarımla, Deniz"
LZ-01227,2026-03-28 14:49:02,support_ticket,U-00078,,"Şirketimiz geçen ay bu karta geçti. Doğrulama kodu çok geç geliyor, geldiğinde de süresi dolmuş oluyor. - Emre"
LZ-01236,2026-03-28 14:55:32,support_ticket,U-00091,,"Merhabalar, E-psota adresim ayse.k@example.com. Yemek kartı uygulamaları arasında en iyisi. Başarılar! Saygılarımla, Selin"
LZ-01229,2026-03-28 15:02:39,support_ticket,U-01193,,"Merhaba, Telefon numaram 0500 000 89 01, beni arayabilirsiniz. Her açılışta tekrar tekrar SMS kodu istiyor. Ayrıca kahve zincirlerinde de geçerli olsa harika olur."
LZ-01234,2026-03-28 16:26:57,app_store,U-02416,5.0,Karanlik mod eklenirse cok iyi olur. Tesekkurler.
LZ-01222,2026-03-28 18:18:43,survey,U-00937,5.0,"QR ödemesi iki kere çekildi, bakiyemden iki kez düştü."
LZ-01223,2026-03-28 18:55:54,support_ticket,U-00466,,"İyi günler, QR kodu okutunca ödeme ekranında takılı kalıyor. Dönüşünüzü bekliyorum."
LZ-01231,2026-03-28 19:22:35,app_store,U-01045,1.0,Uygulama cok fazla pil tuketiyor.
LZ-01225,2026-03-28 20:51:12,survey,U-01269,4.0,"SMS dogrulama kodu gelmiyor, uygulamyaa giremiyorum."
LZ-01228,2026-03-28 20:58:09,app_store,U-01806,1.0,Şifremi doğru girmeme rağmen giriş yapamıyorum. Lütfen acilen çözün.
LZ-01232,2026-03-28 21:38:29,survey,U-01941,5.0,"Uygulama çok yavaş açılıyor, kasada sırayı bekletiyorum."
LZ-01235,2026-03-28 22:33:08,support_ticket,U-02412,,"Merhabalar, Her gün öğle yemeğinde kullanıyorum. Şikayet yazdım, üç gündür dönüş yapılmadı. Lütfen acilen çözün. - Deniz"
LZ-01243,2026-03-29 08:44:43,support_ticket,U-01138,,"Selam, Restoranların çalışma saatleri yanlış yazıyor. Ayrıca her açılışta tekrar tekrar SMS kodu istiyor. Saygılarımla, Mehmet"
LZ-01241,2026-03-29 09:10:24,app_store,U-01509,1.0,"Lezzo uygulama çok yavaş açılıyor, kasada sırayı bekletiyorum. Dönüşünüzü bekliyorum."
LZ-01238,2026-03-29 09:17:25,app_store,U-01112,1.0,"Bu ay bakiyem geç yüklendi, iki gün yemek kartsız kaldım."
LZ-01244,2026-03-29 13:07:07,app_store,U-02477,2.0,"kullanmadığım bakiye sonraki aya aktarılmıyor, bu çok haksız. dönüşünüzü bekliyorum."
LZ-01242,2026-03-29 13:31:43,app_store,U-00287,1.0,Oppo telefonumda açılışta çöküyor. Mağdur durumdayım.
LZ-01239,2026-03-29 16:19:17,app_store,U-01183,1.0,"Dogrulama kodu cok gec geliyor, geldiginde de suresi dolmus oluyor. Cok sinir bozucu."
LZ-01237,2026-03-29 19:35:26,support_ticket,U-01528,,"Merhabalar, Her gün öğle yemeğinde kullanıyorum. Kamera QR kodu okumuyor, sürekli odaklanmaya çalışıyor. Dönüşünüzü bekliyorum. Teşekkürler, Mert"
LZ-01240,2026-03-29 21:27:12,app_store,U-01618,2.0,yeni giriş erkanından sonra hesabıma erişemiyorum. mağdur durumdayım.
LZ-01251,2026-03-30 08:24:26,survey,U-01478,2.0,Giris yaparken surekli oturum sureniz doldu hatasi aliyorum.
LZ-01258,2026-03-30 08:44:49,app_store,U-00075,5.0,Yemek kartı uygulamaları arasında en iyisi. Ayrıca ödeme onaylandı diyor ama restoranın cihazına düşmüyor.
LZ-01253,2026-03-30 10:59:41,support_ticket,U-01226,,"Merhabalar, Yaklaşık 12 aydır kullanıcınızım. Eski Android telefonumda açılışta çöküyor. Dönüşünüzü bekliyorum. İyi çalışmalar, Burak"
LZ-01255,2026-03-30 11:07:38,app_store,U-02303,4.0,lezzo sistem temasına uyan bir koyu tema eklenmeli. değerlendirirseniz sevinirim.
LZ-01249,2026-03-30 11:50:36,app_store,U-00278,3.0,giriş yaparken sürekli oturum süreniz doldu htaası alıyorum. çok sinir bozucu.
LZ-01254,2026-03-30 11:59:58,app_store,U-01127,5.0,Karanlık mod seçeneği yok mu?
LZ-01257,2026-03-30 12:05:19,app_store,U-01505,1.0,Kalan bakiyemi bir is arkadasima transfer edemiyorum. Rezalet.
LZ-01256,2026-03-30 12:11:20,support_ticket,U-00278,,"İyi günler, Bakiyenin son kullanma tarhii olduğunu kimse söylemedi. Lütfen acilen çözün. Teşekkürler, Selin"
LZ-01247,2026-03-30 13:43:04,support_ticket,U-02149,,"İyi günler, Her gün öğle yemeğinde kullanıyorum. QR ile ödeme yeni güncellemeden beri çalışmıyor, kasada rezil oldum. Rezalet."
LZ-01245,2026-03-30 13:46:46,app_store,U-00112,1.0,"QR ile odeme sabahtan beri calismiyor, kasada rezil oldum."
LZ-01246,2026-03-30 15:40:57,support_ticket,U-00371,,"Merhaba, E-posta adresim mehmet.y@example.com. Ödeme onaylandı diyor ama restoranın cihazına düşmüyor. Saygılarımla, Deniz"
LZ-01252,2026-03-30 16:08:49,app_store,U-00963,2.0,Yeni giriş ekranından sorna hesabıma erişemiyorum.
LZ-01248,2026-03-30 18:31:15,app_store,U-02032,1.0,"Doğrulama kodu çok geç geliyor, geldiğinde de süresi dolmuş oluyor."
LZ-01250,2026-03-30 22:10:10,app_store,U-01057,2.0,Şifremi doğru girmeme rağmen giriş yapamıyorum. Mağdur durumdayım.
LZ-01261,2026-03-31 08:09:06,support_ticket,U-00833,,"İyi günler, QR ödemsei iki kere çekildi, bakiyemden iki kez düştü. Çok sinir bozucu. - Ayşe"
LZ-01267,2026-03-31 08:34:49,app_store,U-01288,5.0,lezzo restoran agi genislerse karti cok daha fazla kullanirim. tesekkurler.
LZ-01275,2026-03-31 09:04:59,survey,U-01597,3.0,"Uygulama çok yavaş açılıyor, kasada sırayı bekletiyorum."
LZ-01265,2026-03-31 09:22:36,survey,U-00641,7.0,Restoran ağı genişlerse kartı çok daha fazla kullanırım.
LZ-01278,2026-03-31 09:57:31,app_store,U-00802,4.0,Karti telefonun cuzdan uygulamasina eklemek istiyorum. Tesekkurler.
LZ-01286,2026-03-31 10:11:44,support_ticket,U-00132,,"Selam, Yaklaşık 12 aydır kullanıcınızım. Arayüz sade ve anlaşılır. Başarılar! İyi çalışmlaar, Deniz"
LZ-01270,2026-03-31 10:55:05,survey,U-00187,3.0,"Doğrulama kodu çok geç geliyor, geldiğinde de süresi dlomuş oluyor."
LZ-01272,2026-03-31 11:11:30,app_store,U-01906,1.0,"SMS dogrulama kodu gelmiyor, uygulamaya giremiyorum."
LZ-01273,2026-03-31 11:37:37,app_store,U-00216,3.0,Yeni giriş ekranından sonra hesabıma erişemiyorum.
LZ-01283,2026-03-31 12:09:44,support_ticket,U-01148,,"Yaklaşık 12 aydır kullanıcınızım. Canlı destek hiç cevap vermiyor. Teşekkürler, Zeynep"
LZ-01281,2026-03-31 12:18:36,app_store,U-01768,3.0,Kalan bakiyemi bir iş arkadaşıma transfer edemiyorum.
LZ-01268,2026-03-31 12:49:18,app_store,U-00955,2.0,Giriş yaparken sürekli oturum süreniz doldu hatası alıyorum. Çok sinir bozucu.
LZ-01285,2026-03-31 12:58:42,app_store,U-02205,5.0,lezzo kullanımı çok basit ve hızlı. ayrıca yemek siparişi uygulamalarında da kullanılabilse harika olur.
LZ-01266,2026-03-31 13:47:56,survey,U-02297,7.0,Evimin ve iş yerimin yakınında kartın geçtiği restoran yok.
LZ-01276,2026-03-31 14:28:21,survey,U-00437,3.0,Ana sayfanın yüklenmesi yarım dakika sürüyor.
LZ-01280,2026-03-31 14:39:00,support_ticket,U-01401,,"Selam, Şirketimiz geçen ay bu karta geçti. Akıllı saatle ödeme yapabilmek harika olurdu. Değerlendirirseniz sevinirim. İyi çalışmalar, Zeynep"
LZ-01269,2026-03-31 14:54:27,support_ticket,U-01745,,"Yaklaşık 18 aydır kullanıcınızım. SMS doğrulama kodu gelmiyor, uygulamaya giremiyorum. İyi çalışmalar, Ece"
LZ-01259,2026-03-31 15:31:34,app_store,U-01543,1.0,Ödeme onaylandı diyor ama restoranın cihazına düşmüyor. Ayrıca bakiye ekranı açılana kadar kasadaki herkes bekliyor. Dönüşünüzü bekliyorum.
LZ-01262,2026-03-31 15:45:43,support_ticket,U-00904,,"Şirketimiz geçen ay bu karta geçti. NFC ödemesi sürekli zaman aşımına uğruyor. Lütfen acilen çözün. Teşekkürler, Mehmet"
LZ-01271,2026-03-31 16:45:55,support_ticket,U-01564,,"Her gün öğle yemeğinde kullanıyorum. Yeni giriş ekranından sonra hesabıma erişemiyorum. Ayrıca kasada QR okutuyorum ama ödeme bir türlü geçmiyor. Teşekkürler, Mert"
LZ-01279,2026-03-31 16:46:54,support_ticket,U-02010,,"İyi günler, Apple Pay'e eklenebilse telefonu açmadan ödeme yapardım. Teşekkürler. Saygılarımla, Zeynep"
LZ-01282,2026-03-31 17:15:37,app_store,U-00952,3.0,Bakiyenin son kullanma tarihi olduğunu kimse söylemedi. Rezalet.
LZ-01260,2026-03-31 17:27:31,app_store,U-01317,3.0,"qr ile odeme iki gundur calismiyor, kasada rezil oldum. donusunuzu bekliyorum."
LZ-01277,2026-03-31 18:05:56,app_store,U-00261,1.0,Haritada kapanmış restoranlar hala görünüyor.
LZ-01263,2026-03-31 18:47:58,support_ticket,U-00167,,"Merhaba, Şirketimiz geçen ay bu karta geçti. Bu ay bakiyem geç yüklendi, iki gün yemek kartsız kaldım. Ayrıca kahve zincirlerinde de geçerli olsa harika olur. Dönüşünüzü bekliyorum. İyi çalışmalar, Mehmet"
LZ-01284,2026-03-31 21:04:24,app_store,U-00189,3.0,"İade süreci çok uzun, bir haftadır bekliyorum. Mağdur durumdayım."
LZ-01274,2026-03-31 21:13:37,app_store,U-02076,1.0,"Doğrulama kodu çok geç geliyor, geldiğinde de süresi dolmuş oluyor. Dönüşünüzü bekliyorum."
LZ-01287,2026-03-31 22:07:40,survey,U-01505,9.0,Kullanımı çok basit ve hızlı.
LZ-01264,2026-03-31 22:38:50,app_store,U-02327,3.0,"Bu ay bakiyem geç yüklendi, iki gün yemek kartsız kaldım. Lütfen acilen çözün."
LZ-01298,2026-04-01 08:02:21,app_store,U-00678,2.0,Her açılışta tekrar tekrar SMS kodu istiyor. Dönüşünüzü bkeliyorum.
LZ-01302,2026-04-01 08:51:13,app_store,U-01162,2.0,uygulama çok fazla pil tüketiyor. mağdur durumdayım.
LZ-01303,2026-04-01 09:53:06,support_ticket,U-01720,,"Merhabalar, Şirketimiz geçen ay bu karta geçti. Gece kullanırken beyaz ekran göz yoruyor, karanlık tema lütfen. Değerlendirirseniz seivnirim."
LZ-01304,2026-04-01 10:13:47,app_store,U-00263,3.0,"Lezzo karanlık mod eklenirse çok iyi olur. Ayrıca QR ödemesi iki kere çekildi, bakiyemden iki kez düştü. Yol haritanızda var mı?"
LZ-01299,2026-04-01 10:18:42,support_ticket,U-01368,,"Merhabalar, Yaklaşık 8 aydır kullanıcınızım. Doğrulama kodu çok geç geliyor, geldiğinde de süresi dolmuş oluyor. Çok sinir bozucu. Teşekkürler, Elif"
LZ-01288,2026-04-01 10:21:47,survey,U-02192,2.0,"QR ödemesi iki kere çekildi, bakiyemden iki kez düştü."
LZ-01293,2026-04-01 10:43:28,support_ticket,U-00784,,"Şirketim yükleme yaptığını söylüyor ama bakiyem sıfır görünüyor. Rezalet. İyi çalışmalar, Emre"
LZ-01290,2026-04-01 11:34:11,app_store,U-02250,1.0,"qr ile odeme bu hafta calismiyor, kasada rezil odlum. lutfen acilen cozun."
LZ-01306,2026-04-01 12:17:24,app_store,U-02267,4.0,kartı telefonun cüzdan uygulamasına eklemek istiyorum.
LZ-01305,2026-04-01 13:24:09,app_store,U-01643,4.0,Karanlık mod seçeneği yok mu? Teşekkürler.
LZ-01307,2026-04-01 16:06:30,app_store,U-02286,4.0,kartı telefonun cüzdan uygulamasına eklemek istiyorum. teşekkürler.
LZ-01310,2026-04-01 16:13:46,support_ticket,U-02446,,"İyi günler, E-posta adresim zeynep.a@example.com. Şikayet yazdım, üç gündür dönüş yapılmadı. Saygılarımla, Elif"
LZ-01311,2026-04-01 17:33:03,survey,U-00545,6.0,"İade süreci çok uzun, bir haftadır bekliyorum."
LZ-01309,2026-04-01 17:41:15,support_ticket,U-00133,,"Selam, Yaklaşık 8 aydır kullanıcınızım. Kullanmadığım bakiye sonraki aya aktarılmıyor, bu çok haksız. Çok sinir bozucu."
LZ-01300,2026-04-01 19:09:41,app_store,U-01903,1.0,"uygulama surekli donuyor, kapatip acmam gerekiyor."
LZ-01296,2026-04-01 19:27:02,survey,U-00259,0.0,Şifremi doğru girmeme rağmen giriş yapamıyorum. Ayrıca market alışverişinde de kullanılabilse çok iyi olur.
LZ-01301,2026-04-01 19:32:37,survey,U-00432,5.0,"Uygulama sürekli donuyor, kapatıp açmam gerekiyor."
LZ-01289,2026-04-01 20:07:53,app_store,U-00818,2.0,QR kodu okutunca ödeme ekranında takılı kalıyor.
LZ-01295,2026-04-01 20:18:10,support_ticket,U-00537,,"Yaklaşık 3 aydır kullanıcınızım. Sevdiğim kafeler anlaşmalı değil, lütfen daha fazla restoran ekleyin. Teşekkürler, Zeynep"
LZ-01294,2026-04-01 20:22:24,support_ticket,U-01566,,"Telefon numaram 0500 000 12 34, beni arayabilirsiniz. Maaş günü geldi ama yemek bakiyem hala yüklenmedi. Ayrıca uygulamada destek talebi oluşturma seçeneği bulamadım. Dönüşünüzü bekliyorum."
LZ-01291,2026-04-01 20:35:08,survey,U-00387,1.0,NFC ile ödeme yapmak istiyorum ama telefonu yaklaştırınca hiçbir şey olmuyor.
LZ-01292,2026-04-01 20:49:57,app_store,U-00607,1.0,Maaş günü geldi ama yemek bakiyem hala yüklenmedi. Dönüşünüzü bekliyorum.
LZ-01308,2026-04-01 22:13:44,support_ticket,U-00881,,"Merhabalar, Bakiyenin son kullanma tarihi olduğunu kimse söylemedi. Çok sinir bozucu. İyi çalışmalar, Ceren"
LZ-01297,2026-04-01 22:19:22,support_ticket,U-00641,,"Merhabalar, Her gün öğle yemeğinde kullanıyorum. Yeni giriş ekranından sonra hesabıma erişemiyorum. Lütfen acilen çözün. İyi çalışmalar, Ece"
LZ-01330,2026-04-02 09:21:33,app_store,U-00453,5.0,Lezzo apple Pay'e eklenebilse telefonu açmadan ödeme yapardım. Değerlendirirseniz sevinirim.
LZ-01313,2026-04-02 09:43:13,app_store,U-02216,2.0,"telefonu pos cihazına yaklaştırıyorum, ödeme ekranı açılmıyor. lütfen acilen çözün."
LZ-01319,2026-04-02 09:48:10,app_store,U-00132,5.0,Restoran ağı genişlerse kartı çok daha fazla kullanırım. Ayrıca kasada QR okutuyorum ama ödeme bir türlü geçmiyor. Teşekkürler.
LZ-01317,2026-04-02 10:22:09,support_ticket,U-00275,,"Selam, Her gün öğle yemeğinde kullanıyorum. Bakiye yüklendi bildirimi geldi ama uygulamada eski bakiye duruyor. Dönüşünüzü bekliyorum. Teşekkürler, Burak"
LZ-01334,2026-04-02 10:46:29,support_ticket,U-00296,,"Merhabalar, Her gün öğle yemeğinde kullanıyorum. Ödeme saniyeler içinde bitiyor, çok memnunum. 5 yıldızı hak ediyor. - Can"
LZ-01329,2026-04-02 11:30:27,app_store,U-02362,5.0,"Gece kullanirken beyaz ekran goz yoruyor, karanlik tema lutfen."
LZ-01332,2026-04-02 11:40:02,app_store,U-00175,2.0,"Ay sonunda kalan bakiye yanıyor mu, bir sonraki aya devretmesi lazım. Dönüşünüzü bekliyorum."
LZ-01324,2026-04-02 11:43:40,support_ticket,U-02191,,"Merhaba, E-posta adresim ayse.k@example.com. iPhone telefonumda açılışta çöküyor. Dönüşünüzü bekliyorum. Teşekkürler, Mert"
LZ-01316,2026-04-02 13:12:33,app_store,U-00955,1.0,Şirketim yüklmee yaptığını söylüyor ama bakiyem sıfır görünüyor. Çok sinir bozucu.
LZ-01328,2026-04-02 13:34:56,survey,U-01357,2.0,"Yakınımdaki restoranları listelemiyor, konumumu bulamıyor."
LZ-01327,2026-04-02 14:43:33,support_ticket,U-00263,,"İyi günler, Yaklaşık 6 aydır kullanıcınızım. Restoranların çalışma saatleri yanlış yazıyor. Mağdur durumdayım. Teşekkürler, Ayşe"
LZ-01333,2026-04-02 15:05:59,support_ticket,U-00272,,"Merhabalar, E-posta adresim ayse.k@example.com. Canlı destek hiç cevap vermiyor. Mağdur durumdayım. İyi çalışmalar, Ayşe"
LZ-01331,2026-04-02 17:29:14,app_store,U-02090,2.0,Kaaln bakiyemi bir is arkadasima transfer edemiyorum. Lutfen acilen cozun.
LZ-01320,2026-04-02 18:30:38,app_store,U-00865,3.0,her açılışta tekrar tekrar sms kodu istiyor. dönüşünüzü bekliyorum.
LZ-01314,2026-04-02 18:33:53,survey,U-01822,2.0,"Yüklenen tutar eksik görünüyor, 50 TL eksik."
LZ-01312,2026-04-02 18:53:11,app_store,U-00281,1.0,"QR ile ödeme bu hafta çalışmıyor, kasada rezil oldum. Dönüşünüzü bekliyorum."
LZ-01321,2026-04-02 19:07:12,app_store,U-01354,1.0,"SMS doğrulama kodu gelmiyor, uygulamaya giremiyorum. Lütfen aiclen çözün."
LZ-01325,2026-04-02 19:34:06,app_store,U-00237,3.0,Haritada restoranlar yanlis konumda gosteriliyor. Ayrica giris yaparken surekli oturum sureniz doldu hatasi aliyorum.
LZ-01326,2026-04-02 21:21:36,app_store,U-01972,1.0,Haritada restoranlar yanlış konumda gösteriliyor. Ayrıca canlı destek hiç cevap vermiyor. Lütfen acilen çözün.
LZ-01318,2026-04-02 21:40:08,app_store,U-01862,4.0,"sevdigim kafeler anlasmali degil, lutfen daha fazla restoran ekleyin."
LZ-01323,2026-04-02 21:50:56,app_store,U-00077,1.0,Oppo telefonumda açılışta çöküyor. Lütfen acilen çözün.
LZ-01322,2026-04-02 22:17:01,app_store,U-00030,1.0,lezzo sifremi dogru girmeme ragmen giris yaapmiyorum. cok sinir bozucu.
LZ-01315,2026-04-02 22:45:42,survey,U-01775,4.0,"Yüklenen tutar eksik görünüyor, 50 TL eksik."
LZ-01356,2026-04-03 08:20:56,app_store,U-01241,4.0,yemek kartı uygulamaları arasında en iyisi. başarılar!
LZ-01339,2026-04-03 08:39:32,app_store,U-01429,1.0,bakiye yuklendi bildirimi geldi ama uygulamada eski bakiye duruyor. rezalet.
LZ-01348,2026-04-03 08:45:58,app_store,U-00165,2.0,Ana sayfanin yuklenmesi yarim dakika suruyor. Donusunuzu bekliyorum.
LZ-01355,2026-04-03 10:21:56,app_store,U-02275,2.0,"Iade sureci cok uzun, bir haftadir bekliyorum."
LZ-01335,2026-04-03 13:42:04,app_store,U-00649,2.0,"kamera qr kodu okumuyor, sürekli odaklanmaya çalışıyor. mağdur durumdayım."
LZ-01342,2026-04-03 13:46:30,support_ticket,U-02431,,"Selam, Evimin ve iş yerimin yakınında kartın geçtiği restoran yok. Yol haritanızda var mı? İyi çalışmalar, Deniz"
LZ-01336,2026-04-03 13:57:39,survey,U-00338,0.0,"Telefonu POS cihazina yaklastiriyorum, odeme ekrani acilmiyor."
LZ-01352,2026-04-03 15:38:00,app_store,U-01872,4.0,Akıllı saatle ödeme yapabilmek harika olurdu. Teşekkürler.
LZ-01344,2026-04-03 15:49:42,app_store,U-00974,2.0,Lezzo sifremi dogru girmeme ragmen giris yapamiyorum. Donusunuzu bekliyorum.
LZ-01341,2026-04-03 16:20:06,support_ticket,U-00730,,"Bu ay bakiyem geç yüklendi, iki gün yemek kartsız kaldım. Lütfen acilen çözün. Saygılarımla, Ceren"
LZ-01337,2026-04-03 16:29:14,app_store,U-01302,1.0,NFC odemesi surekli zaman asimina ugruyor.
LZ-01349,2026-04-03 18:11:05,support_ticket,U-01139,,Uyuglama çok fazla pil tüketiyor.
LZ-01351,2026-04-03 19:10:30,support_ticket,U-00763,,"Merhaba, Telefon numaram 0500 000 89 01, beni arayabilirsiniz. Kaarnlık mod seçeneği yok mu? Değerlendirirseniz sevinirim."
LZ-01353,2026-04-03 19:13:17,app_store,U-02263,1.0,"Ay sonunda kalan bakiye yaniyor mu, bir sonraki aya devretmesi lazim. Donusunuzu bekliyorum."
LZ-01345,2026-04-03 20:14:58,app_store,U-02460,1.0,şifremi doğru grimeme rağmen giriş yapamıyorum. çok sinir bozucu.
LZ-01354,2026-04-03 20:16:50,survey,U-02256,0.0,"Şikayet yazdım, üç gündür dönüş yapılmadı."
LZ-01347,2026-04-03 21:36:19,app_store,U-00209,2.0,"doğrulama kodu çok geç geliyor, geldiğinde de süresi dolmuş oluyor. mağdur durumdayım."
LZ-01338,2026-04-03 21:40:16,app_store,U-00219,3.0,nfc odemesi surekli zaman asimina ugruyor.
LZ-01340,2026-04-03 21:57:10,survey,U-01868,3.0,"Bu ay bakiyem geç yüklendi, iki gün yemek kartsız kaldım."
LZ-01350,2026-04-03 22:13:48,app_store,U-00735,3.0,Karanlık mod eklenirse çok iyi olur. Ayrıca restoran ararken filtreler çalışmıyor.
LZ-01343,2026-04-03 22:22:48,app_store,U-01043,4.0,"sevdiğim kafeler anlaşmalı değil, lütfen daha fazla restoran ekelyin. değerlendirirseniz sevinirim."
LZ-01346,2026-04-03 22:55:18,support_ticket,U-01686,,"Selam, Doğrulama kodu çok geç geliyor, geldiğinde de süresi dolmuş oluyor. Mağdur durumdayım. Teşekkürler, Can"
LZ-01360,2026-04-04 09:10:39,support_ticket,U-00463,,"Selam, Apple Pay'e eklenebilse telefonu açmadan ödeme yapardım. - Selin"
LZ-01365,2026-04-04 11:10:59,app_store,U-00217,5.0,"Ödeme saniyeler içinde bitiyor, çok memnunum. Emeği geçenlere teşekkürler!"
LZ-01358,2026-04-04 12:55:09,app_store,U-01304,1.0,lezzo ödeme onaylandı diyor ama restoranın cihazına düşmüyor. mağdur durumdayım.
LZ-01364,2026-04-04 15:24:23,support_ticket,U-00263,,"Merhabalar, Yemek kartı uygulamaları arasında en iyisi. 5 yıldızı hak ediyor."
LZ-01362,2026-04-04 17:00:49,support_ticket,U-01035,,"Merhaba, Kaaln bakiyemi bir iş arkadaşıma transfer edemiyorum. Teşekkürler, Mert"
LZ-01363,2026-04-04 17:21:58,app_store,U-00155,1.0,Canlı destek hiç cevap vermiyor. Rezalet.
LZ-01357,2026-04-04 18:14:30,app_store,U-01948,1.0,"qr odemesi iki kere cekildi, bakiyemden iki kez dustu. cok sinir bozucu."
LZ-01359,2026-04-04 19:45:38,app_store,U-01712,1.0,"Uygulama cok yavas aciliyor, kasada sirayi bekletiyorum. Magdur durumdayim."
LZ-01361,2026-04-04 20:42:15,app_store,U-02081,3.0,Google Pay entegrasyonu olsa cok pratik olur. Ayrica iptal edilen siparisin iadesi hala bakiyeme yansimadi. Degerlendirirseniz sevinirim.
LZ-01366,2026-04-05 12:10:43,survey,U-00726,5.0,"Telefonu POS cihazına yaklaştırıyourm, ödeme ekranı açılmıyor."
LZ-01368,2026-04-05 16:40:41,survey,U-00570,0.0,"Kullanmadığım bakiye sonraki aya aktarılmıyor, bu çok haksız."
LZ-01367,2026-04-05 19:08:15,support_ticket,U-02498,,"Her gün öğle yemeğinde kullanıyorum. Şifremi doğru girmeme rağmen giriş yapamıyorum. Ayrıca iade süreci çok uzun, bir haftadır bekliyorum. Rezalet. Saygılarımla, Can"
LZ-01369,2026-04-05 21:01:59,app_store,U-00641,1.0,Kalan bakiyemi bir iş arkadaşıma transfer edemiyorum. Rezalet.
LZ-01370,2026-04-05 21:02:17,app_store,U-00992,1.0,"Kullanmadığım bakiye sonraki aya aktarılmıyor, bu çok haksız. Dönüşünüzü bekliyorum."
LZ-01371,2026-04-05 22:17:54,app_store,U-00765,1.0,Restoran odemeyi iptal etti ama para geri gelmedi.
LZ-01382,2026-04-06 09:31:56,app_store,U-00913,3.0,"Kullanmadığım bkaiye sonraki aya aktarılmıyor, bu çok haksız."
LZ-01377,2026-04-06 10:18:52,survey,U-02286,2.0,"Yuklenen tutar eksik gorunuyor, 250 TL eksik."
LZ-01376,2026-04-06 10:24:05,support_ticket,U-00333,,"İyi günler, Her gün öğle yemeğinde kullanıyorum. Bu ay bakiyem geç yüklendi, iki gün yemek kartsız kaldım. Mağdur durumdayım. İyi çalışmalar, Elif"
LZ-01373,2026-04-06 11:00:21,support_ticket,U-00414,,"Selam, Telefon numaram 0500 000 45 67, beni arayabilirsiniz. NFC ile ödeme yapmak istiyorum ama telefonu yaklaştırınca hiçbir şey olmuyor. Lütfen acilen çözün. Saygılarımla, Selin"
LZ-01372,2026-04-06 12:00:35,support_ticket,U-01139,,"Selam, Şirketimiz geçen ay bu karta geçti. NFC ödemesi sürekli zaman aşımına uğruyor. Dönüşünüzü bekliyorum."
LZ-01384,2026-04-06 12:31:33,app_store,U-00338,5.0,lezzo yeemk karti uygulamalari arasinda en iyisi. basarilar!
LZ-01378,2026-04-06 16:43:35,app_store,U-02309,1.0,iPhone telefonumda açılışta çöküyor. Rezalet.
LZ-01381,2026-04-06 18:59:44,survey,U-02287,0.0,"Ay sonunda kalan bakiye yanıyor mu, bir sonraki aya devretmesi lazım."
LZ-01383,2026-04-06 20:55:03,survey,U-00915,5.0,"Musteri hizmetlerine ulasmak imkansiz, cagri merkezi yarim saat bekletiyor."
LZ-01379,2026-04-06 21:24:06,support_ticket,U-00514,,"Merhabalar, E-posta adresim zeynep.a@example.com. Haritada kapanmış restoranlar hala görünüyor. Ayrıca uygulama çok yavaş açılıyor, kasada sırayı bekletiyorum. Lütfen acilen çözün."
LZ-01374,2026-04-06 21:48:15,support_ticket,U-00318,,"Telefon numaram 0500 000 12 34, beni arayabilirsiniz. Temassız ödeme Huawei telefonumda çalışmıyor. Dönüşünüzü beklyiorum. Saygılarımla, Selin"
LZ-01375,2026-04-06 22:19:30,app_store,U-00426,1.0,Lezzo NFC ödemesi sürekli zaman aşımına uğruyor. Mağdur durumdayım.
LZ-01380,2026-04-06 22:43:40,app_store,U-01680,4.0,Lezzo karanlık mod eklenirse çok iyi olur.
LZ-01389,2026-04-07 08:29:09,survey,U-01637,4.0,NFC ödeemsi sürekli zaman aşımına uğruyor.
LZ-01400,2026-04-07 10:52:27,app_store,U-02166,2.0,kalan bakiyemi bir iş arkadaşıma transfer edemiyorum. lütfen acilen çözün.
LZ-01399,2026-04-07 11:13:13,survey,U-00599,5.0,"Ay sonunda kalan bakiye yanıyor mu, bir sonraki aya devretmesi lazım."
LZ-01392,2026-04-07 11:19:41,app_store,U-00876,5.0,evimin ve iş yerimin yakınında kartın geçtiği restoran yok. teşekkürler.
LZ-01387,2026-04-07 13:35:39,support_ticket,U-02347,,"Merhabalar, E-posta adresim mehmet.y@example.com. Ödeme onaylandı diyor ama restoranın cihazına düşmüyor. Dönüşünüzü bekliyorum."
LZ-01386,2026-04-07 13:49:27,app_store,U-01826,1.0,"lezzo kamera qr kodu okumuyor, sürekli odaklanmaya çalışıyor."
LZ-01393,2026-04-07 15:33:58,support_ticket,U-01801,,"İyi günler, Restoran ağı genişlerse kartı çok daha fazla kullanırım. Teşekkürler. Saygılarımla, Can"
LZ-01397,2026-04-07 16:40:39,app_store,U-00666,4.0,Karanlık mod seçeneği yok mu?
LZ-01388,2026-04-07 16:42:22,support_ticket,U-00334,,"Merhabalar, Ödeme onaylandı diyor ama restoranın cihazına düşmüyor. Lütfen acilen çözün."
LZ-01398,2026-04-07 17:13:39,app_store,U-01167,5.0,Lezzo google Pay entegrasyonu olsa çok pratik olur. Teşekkürler.
LZ-01385,2026-04-07 18:23:53,support_ticket,U-00648,,"Yaklaşık 12 aydır kullanıcınızım. QR ödemesi iki kere çekildi, bakiyemden iki kez düştü. Teşekkürler, Zeynep"
LZ-01391,2026-04-07 18:26:11,support_ticket,U-00614,,"İyi günler, Yemek siaprişi uygulamalarında da kullanılabilse harika olur. Teşekkürler."
LZ-01401,2026-04-07 19:05:06,support_ticket,U-01431,,Şirketimiz geçen ay bu karta geçti. Uygulamada destek talebi oluşturma seçeneği bulamadım. Mağdur durumdayım. - Ayşe
LZ-01396,2026-04-07 20:19:53,app_store,U-02208,5.0,"Lezzo gece kullanırken beyaz ekran göz yoruyor, karanlık tema lütfen. Ayrıca bakiye ekranı açılana kadar kasadaki herkes bekliyor. Teşekkürler."
LZ-01395,2026-04-07 20:57:49,app_store,U-01177,1.0,Uygulama çok fazla pil tüketiyor.
LZ-01390,2026-04-07 21:08:54,app_store,U-00350,1.0,"yüklenen tutar eksik görünüyor, 50 tl eksik. mağdur durumdayım."
LZ-01402,2026-04-07 21:18:55,app_store,U-01777,4.0,Klulanımı çok basit ve hızlı.
LZ-01394,2026-04-07 21:22:01,app_store,U-01686,2.0,"Uygulama sürekli donuyor, kapatıp açmam gerekiyor. Dönüşünüzü bekliyorum."
LZ-01410,2026-04-08 10:50:52,app_store,U-02233,2.0,Lezzo ana sayfanin yuklenmesi yarim dakika suruyor. Ayrica bakiyenin son kullanma tarihi oldugunu kimse soylemedi. Lutfen acilen cozun.
LZ-01408,2026-04-08 11:38:18,survey,U-00764,3.0,"Bu ay bakiyem geç yüklendi, iki gün yemek kartsız kaldım."
LZ-01409,2026-04-08 12:09:43,app_store,U-01516,4.0,Restoran ağı genişlerse kartı çok daha fazla kullanırım.
LZ-01413,2026-04-08 12:11:04,support_ticket,U-01341,,"Selam, Şirketimiz geçen ay bu karta geçti. Gece kullanırken beyaz ekran göz yoruyor, karanlık tema lütfen. Yol haritanızda var mı? - Can"
LZ-01411,2026-04-08 13:49:53,app_store,U-01226,1.0,huawei telefonumda açılışta çöküyor. dönüşünüzü bekliyorum.
LZ-01414,2026-04-08 15:19:00,app_store,U-01282,4.0,lezzo akıllı saatle ödeme yapabilmek harika olurdu.
LZ-01403,2026-04-08 15:39:56,survey,U-00450,1.0,QR okuttuktan sonra uygulama beyaz ekranda kaliyor.
LZ-01405,2026-04-08 16:21:03,app_store,U-00274,3.0,Kasada QR okutuyorum ama ödeme bir türlü geçmiyor. Mağdur durumdayım.
LZ-01407,2026-04-08 16:52:14,support_ticket,U-02233,,"İyi günler, Telefon numaram 0500 000 12 34, beni arayabilirsiniz. Temassız ödeme bazen geçiyor bazen geçmiyor, güvenemiyorum. Lütfen acilen çözün. Saygılarımla, Mert"
LZ-01417,2026-04-08 17:40:42,app_store,U-02006,5.0,Yemek kartı uygulamaları arasında en iyisi. 5 yıldızı hak ediyor.
LZ-01415,2026-04-08 19:35:56,support_ticket,U-01239,,"Merhaba, Ay sonunda kalan bakiye yanıyor mu, bir sonraki aya devretmesi lazım. Ayrıca kamera QR kodu okumuyor, sürekli odaklanmaya çalışıyor. Mağdur durumdayım. İyi çalışmalar, Ayşe"
LZ-01416,2026-04-08 19:50:23,support_ticket,U-00955,,"Selam, Telefon numaram 0500 000 12 34, beni arayabilirsiniz. Uygulamada destek talebi oluşturma seçeneği bulamadım. Dönüşünüzü bekliyorum. Saygılarımla, Zeynep"
LZ-01404,2026-04-08 20:30:39,app_store,U-00101,1.0,Ödeme onaylandı dioyr ama restoranın cihazına düşmüyor.
LZ-01412,2026-04-08 20:34:28,app_store,U-02444,1.0,bakiye ekranı açılana kadar kasadaki herkes bekliyor. dönüşünüzü bekliyorum.
LZ-01406,2026-04-08 22:49:08,app_store,U-00377,1.0,"Temassız ödeme bazen geçiyor bazen geçmiyor, güvenemiyorum."
LZ-01425,2026-04-09 12:01:49,app_store,U-00598,4.0,"Gece kullanırken beyaz ekran göz yoruyor, karanlık tema lütfen. Değerlendirirseniz sevinirim."
LZ-01423,2026-04-09 12:19:23,app_store,U-01891,2.0,"Uygulama cok yavas aciliyor, kasada sirayi bekletiyorum. Lutfen acilen cozun."
LZ-01428,2026-04-09 13:07:57,survey,U-00873,10.0,Arayuz sade ve anlasilir.
LZ-01427,2026-04-09 13:47:41,app_store,U-01702,5.0,Arayuz sade ve anlasilir.
LZ-01426,2026-04-09 13:54:15,survey,U-00530,5.0,"Şikayet yazdım, üç gündür dönüş yapılmadı."
LZ-01424,2026-04-09 14:54:12,support_ticket,U-01656,,"Selam, Şirketimiz geçen ay bu karta geçti. Haritada kapanmış restoranlar hala görünüyor. Saygılarımla, Deniz"
LZ-01421,2026-04-09 15:51:41,app_store,U-00102,1.0,"Uygulama sürekli donuyor, kapatıp açmam gerekiyor. Dönüşünüzü bekliyorum."
LZ-01420,2026-04-09 16:55:04,support_ticket,U-01238,,"Selam, Doğrulama kodu çok geç geliyor, geldiğinde de süresi dolmuş oluyor. Rezalet. Saygılarımla, Ece"
LZ-01419,2026-04-09 19:39:37,app_store,U-00006,4.0,Yemek siparişi uygulamalarında da kullanılabilse harika olur.
LZ-01422,2026-04-09 19:58:17,support_ticket,U-01923,,"İyi günler, Yaklaşık 8 aydır kullanıcınızım. Bakiye ekranı açılana kadar kasadaki herkes bekliyor. Saygılarımla, Emre"
LZ-01418,2026-04-09 20:21:09,app_store,U-01346,2.0,"Yüklenen tutar eksik görünüyor, 50 TL eksik. Dönüşünüzü bekliyorum."
LZ-01436,2026-04-10 08:36:38,app_store,U-02479,4.0,"Lezzo anlasmali restoran sayisi cok az, Nilufer tarafinda neredeyse hic yer yok."
LZ-01431,2026-04-10 09:46:41,app_store,U-01674,2.0,"Kamera QR kodu okumuyor, sürekli odaklanmaya çalışıyor. Rezalet."
LZ-01444,2026-04-10 10:12:14,app_store,U-00753,3.0,"Ay sonunda kalan bakiye yanıyor mu, bir sonraki aya devretmesi lazım."
LZ-01435,2026-04-10 10:19:52,app_store,U-00837,1.0,Lezzo maaş günü geldi ama yemek bakiyem hala yüklenmedi. Rezalet.
LZ-01432,2026-04-10 13:27:55,support_ticket,U-00271,,"Merhabalar, Kamera QR kodu okumuyor, sürekli odaklanmaya çalışıyor. Mağdur durumdayım."
LZ-01429,2026-04-10 13:30:57,app_store,U-02039,2.0,"Kamera QR kodu okumuyor, sürekli odaklanmaya çalışıyor. Mağdur durumdayım."
LZ-01437,2026-04-10 14:50:38,app_store,U-01041,4.0,Lezzo marekt alisverisinde de kullanilabilse cok iyi olur. Tesekkurler.
LZ-01440,2026-04-10 15:14:09,app_store,U-01712,3.0,"Uygulama sürekli donuyor, kapatıp açmam gerekiyor. Rezalet."
LZ-01433,2026-04-10 15:42:01,app_store,U-00575,3.0,"Lezzo kamera QR kodu okumuyor, sürekli odaklanmaya çalışıyor. Ayrıca ay sonunda kalan bakiye yanıyor mu, bir sonraki aya devretmesi lazım. Rezalet."
LZ-01448,2026-04-10 16:06:03,survey,U-00458,9.0,Arayüz sade ve anlaşılır.
LZ-01446,2026-04-10 16:18:41,app_store,U-00983,2.0,uygulamada destek talebi oluşturma seçeneği bulamadım. dönüşünüzü bekliyorum.
LZ-01439,2026-04-10 16:46:56,app_store,U-00940,2.0,Her açılışta tekrar tekrar SMS kodu istiyor. Çok sinir bozucu.
LZ-01445,2026-04-10 16:51:05,app_store,U-02233,1.0,"Müşteri hizmetlerine ulaşmak imkansız, çağrı merkezi yarım saat bekletiyor."
LZ-01443,2026-04-10 16:51:15,app_store,U-01376,5.0,google pay entegrasyonu olsa çok pratik olur. yol haritanızda var mı?
LZ-01447,2026-04-10 17:02:04,support_ticket,U-02393,,"Selam, Yemek kartı uygulamaları arasında en iyisi. Saygılarımla, Mert"
LZ-01434,2026-04-10 17:30:47,app_store,U-02495,2.0,QR kodu okutunca ödeme ekranında takılı kalıyor. Mağdur durumdayım.
LZ-01430,2026-04-10 18:17:37,app_store,U-00222,3.0,"QR ödemesi iki kere çekildi, bakiyemden iki kez düştü. Dönüşünüzü bekliyorum."
LZ-01441,2026-04-10 18:34:41,support_ticket,U-01750,,"İyi günler, Yakınımdaki restoranları listelemiyor, konumumu bulamıyor. Lütfen acilen çözün. İyi çalışmalar, Selin"
LZ-01442,2026-04-10 20:04:29,support_ticket,U-01851,,"İyi günler, Şirketimiz geçen ay bu karta geçti. Google Pay entegrasyonu olsa çok pratik olur. Saygılarımla, Mert"
LZ-01438,2026-04-10 21:45:50,app_store,U-00641,3.0,Evimin ve iş yerimin yakınında kartın geçtiği restoran yok. Teşekkürler.
LZ-01453,2026-04-11 08:04:17,support_ticket,U-01879,,"İyi günler, Yaklaşık 3 aydır kullanıcınızım. SMS doğrulama kodu gelmiyor, uygulamaya giremiyorum. Çok sinir bozucu. - Ece"
LZ-01450,2026-04-11 08:22:39,survey,U-00986,6.0,Market alışverişinde de kullanılabilse çok iyi olur.
LZ-01449,2026-04-11 10:23:22,app_store,U-00016,1.0,nfc ile ödeme yapmak istiyorum ama telefonu yaklaştırınca hiçbir şey omluyor.
LZ-01451,2026-04-11 11:33:59,app_store,U-02088,4.0,kahve zincirlerinde de geçerli olsa harika olur. değerlendirirseniz sveinirim.
LZ-01452,2026-04-11 16:08:49,support_ticket,U-00524,,"İyi günler, E-posta adresim mehmet.y@example.com. Yemek siparişi uygulamalarında da kullanılabilse harika olur. Ayrıca haritada restoranlar yanlış konumda gösteriliyor. Teşekkürler."
LZ-01456,2026-04-11 17:06:20,app_store,U-02414,5.0,"Ödeme saniyeler içinde bitiyor, çok memnunum. Emeği geçenlere teşekkürler!"
LZ-01455,2026-04-11 18:14:35,app_store,U-00645,1.0,"Ay sonunda kalan bakiye yaniyor mu, bir sonraki aya devretmesi lazim."
LZ-01454,2026-04-11 21:30:06,app_store,U-01637,1.0,Bakiye ekrani acilana kadar kasadaki herkes bekliyor. Lutfen acilen cozun.
LZ-01457,2026-04-12 11:13:15,support_ticket,U-02060,,"Telefon numaram 0500 000 45 67, beni arayabilirsiniz. Google Pay entegrasyonu olsa çok pratik olur. Teşekkürler. Teşekkürler, Deniz"
LZ-01461,2026-04-12 12:04:15,app_store,U-01879,5.0,Arayüz sade ve anlaşılır. Ayrıca bakiye yüklendi bildirimi geldi ama uygulamada eski bakiye duruyor. 5 yıldızı hak ediyor.
LZ-01460,2026-04-12 14:15:48,app_store,U-00952,4.0,Yemek kartı uygulamaları arasında en iyisi.
LZ-01459,2026-04-12 17:52:23,app_store,U-02104,5.0,Yemek kartı uygulamaları arasında en iyisi. Ayrıca restoranların çalışma saatleri yanlış yazıyor. 5 yıldızı hak ediyor.
LZ-01458,2026-04-12 21:32:02,app_store,U-02112,3.0,Iptal edilen siparisin iadesi hala bakiyeme yansimadi.
LZ-01462,2026-04-12 22:59:51,app_store,U-01303,5.0,"Ödeme saniyeler içinde bitiyor, çok memnunum. Ayrıca restoranların çalışma saatleri yanlış yazıyor. 5 yıldızı hak ediyor."
LZ-01464,2026-04-13 08:06:36,app_store,U-01257,1.0,"yuklenen tutar eksik gorunuyor, 250 tl eksik. rezalet."
LZ-01463,2026-04-13 10:38:30,app_store,U-01253,2.0,nfc ile ödeme yapmak istiyorum ama telefonu yaklaştırınca hiçbir şey olmuyor.
LZ-01468,2026-04-13 17:06:00,app_store,U-02272,1.0,Uygulamdaa destek talebi oluşturma seçeneği bulamadım.
LZ-01465,2026-04-13 17:07:17,support_ticket,U-01602,,"Merhaba, E-posta adresim mehmet.y@example.com. Ana sayfanın yüklenmesi yarım dakika sürüyor. Rezalet. - Ayşe"
LZ-01467,2026-04-13 17:28:18,support_ticket,U-01744,,"Merhaba, E-posta adresim zeynep.a@example.com. Sistem temasına uyan bir koyu tema eklenmeli. Teşekkürler. İyi çalışmalar, Selin"
LZ-01466,2026-04-13 19:30:21,app_store,U-02132,4.0,lezzo sistem temasina uyan bir koyu tema eklenmeli.
LZ-01470,2026-04-14 11:18:30,survey,U-00873,1.0,NFC ile ödeme yapmak istiyorum ama telefonu yaklaştırınca hiçbir şey olmuyor.
LZ-01472,2026-04-14 12:03:49,survey,U-00247,2.0,Haritada restoranlar yanlış konumda gösteriliyor.
LZ-01469,2026-04-14 13:37:33,survey,U-00429,1.0,"QR ile odeme sabahtan beri calismiyor, kasada rezil oldum. Ayrica akilli saatle odeme yapabilmek harika olurdu."
LZ-01474,2026-04-14 15:38:43,support_ticket,U-01027,,E-posta adresim ayse.k@example.com. Apple Pay'e eklenebilse telefonu açmadan ödeme yapardım. - Burak
LZ-01471,2026-04-14 16:35:25,support_ticket,U-01371,,"İyi günler, Yaklaşık 18 aydır kullanıcınızım. Uygulama sürekli donuyor, kapatıp açmam gerekiyor. Dönüşünüzü bekliyorum."
LZ-01478,2026-04-14 16:35:40,app_store,U-00909,4.0,"Kart tasimaktan kurtuldum, harika bir uygulama. 5 yildizi hak ediyor."
LZ-01473,2026-04-14 19:01:05,survey,U-01331,7.0,Google Pay entegrasyonu olsa çok pratik olur.
LZ-01477,2026-04-14 21:27:48,survey,U-00902,8.0,Kullanımı çok baist ve hızlı.
LZ-01475,2026-04-14 21:32:53,support_ticket,U-02260,,"İyi günler, E-posta adresim mehmet.y@example.com. Akıllı saatle ödeme yapabilmek harika olurdu. Teşekkürler, Deniz"
LZ-01476,2026-04-14 22:57:22,survey,U-01192,8.0,Arayuz sade ve anlasilir.
LZ-01479,2026-04-15 09:15:39,support_ticket,U-00955,,"QR okuttuktan sonra uygulama beyaz ekranda kalıyor. Mağdur durumdayım. Teşekkürler, Can"
LZ-01484,2026-04-15 09:31:18,support_ticket,U-02088,,"Selam, Telefon numaram 0500 000 45 67, beni arayabilirsiniz. Apple Pay'e eklenebilse telefonu açmadan ödeme yapardım. Yol haritanızda var mı? Teşekkürler, Ceren"
LZ-01485,2026-04-15 11:28:21,app_store,U-02077,3.0,kalan bakiyemi bir iş arkdaaşıma transfer edemiyorum. ayrıca apple pay'e eklenebilse telefonu açmadan ödeme yapardım.
LZ-01480,2026-04-15 12:03:50,survey,U-01824,2.0,"NFC odemesi surekli zaman asimina ugruyor. Ayrica ay sonunda kalan bakiye yaniyor mu, bir sonraki aya devretmesi lazim."
LZ-01488,2026-04-15 13:52:24,app_store,U-00764,5.0,Yemek karti uygulamalari arasinda en iyisi. 5 yildizi hak ediyor.
LZ-01483,2026-04-15 13:52:59,app_store,U-02341,4.0,"Google Pay entegrasyonu olsa çok pratik olur. Ayrıca doğrulama kodu çok geç geliyor, geldiğinde de süresi dolmuş oluyor."
LZ-01482,2026-04-15 13:56:05,support_ticket,U-01239,,"İyi günler, Gece kullanırken beyaz ekran göz yoruyor, karanlık tema lütfen. Yol haritanızda var mı? Saygılarımla, Ayşe"
LZ-01486,2026-04-15 14:56:10,support_ticket,U-00716,,"Her gün öğle yemeğinde kullanıyorum. İptal edilen siparişin iadesi hala bakiyeme yansımadı. Lütfen acilen çözün. İyi çalışmalar, Mert"
LZ-01481,2026-04-15 17:28:38,app_store,U-02108,1.0,haritada kapanmis restoranlar hala gorunuyor. cok sinir bozucu.
LZ-01487,2026-04-15 18:36:04,app_store,U-00440,5.0,"Bakiye takibi cok kolay, tesekkurler. 5 yildizi hak ediyor."
LZ-01495,2026-04-16 09:07:03,app_store,U-00939,1.0,"Uygulama cok yavas aciliyor, kasada sirayi bekletiyorum."
LZ-01503,2026-04-16 09:29:06,survey,U-02377,9.0,Kulalnımı çok basit ve hızlı.
LZ-01492,2026-04-16 09:46:29,survey,U-00496,8.0,"Sevdiğim kafeler anlaşmalı değil, lütfen daha fazla restoran ekleyin."
LZ-01490,2026-04-16 09:47:53,app_store,U-00698,1.0,qr okuttuktan sonra uygulama beyaz ekranda kalıyor. çok sinir bozucu.
LZ-01501,2026-04-16 14:38:07,survey,U-01404,5.0,Akilli saatle odeme yapabilmek harika olurdu.
LZ-01494,2026-04-16 14:53:30,survey,U-00296,3.0,"Uygulama sürekli donuyor, kapatıp açmam gerekiyor. Ayrıca kullanmadığım bakiye sonraki aya aktarılmıyor, bu çok haksız."
LZ-01497,2026-04-16 15:29:19,app_store,U-02266,2.0,Lezzo restoranların çalışma saatleri yanlış yazıyor. Rezalet.
LZ-01491,2026-04-16 16:20:53,app_store,U-00050,2.0,lezzo temassız ödeme iphone telefonumda çalışmıyor. dönüşünüzü bekliyorum.
LZ-01498,2026-04-16 18:07:19,app_store,U-02011,5.0,kraanlik mod secenegi yok mu? tesekkurler.
LZ-01500,2026-04-16 18:37:18,app_store,U-00384,4.0,Akıllı saatle ödeme yapabilmek harika olurdu.
LZ-01502,2026-04-16 20:11:45,app_store,U-01113,5.0,Kullanımı çok basit ve hızlı.
LZ-01499,2026-04-16 21:16:22,app_store,U-01316,4.0,Lezzo akıllı saatle ödeme ypaabilmek harika olurdu. Değerlendirirseniz sevinirim.
LZ-01489,2026-04-16 21:22:17,support_ticket,U-01623,,"İyi günler, Şirketimiz geçen ay bu karta geçti. QR okuttuktan sonra uygulama beyaz ekranda kalıyor. Saygılarımla, Mert"
LZ-01496,2026-04-16 21:27:59,survey,U-00685,5.0,Ana sayfanın yüklenmesi yarım dakika sürüyor.
LZ-01493,2026-04-16 21:40:57,survey,U-02328,7.0,Restoran ağı genişlerse kartı çok daha fazla kullanırım.
LZ-01507,2026-04-17 08:27:15,support_ticket,U-00142,,"Selam, Maaş günü geldi ama yemek bakiyem hala yüklenmedi. Çok sinir bozucu. Teşekkürler, Elif"
LZ-01508,2026-04-17 09:16:00,app_store,U-02403,2.0,"yüklenen tutar eksik görünüyor, 400 tl eksik. ayrıca yemek siparişi uygualmalarında da kullanılabilse harika olur."
LZ-01512,2026-04-17 09:29:25,survey,U-01693,5.0,Karti telefonun cuzdan uygulamasina eklemek istiyorum.
LZ-01509,2026-04-17 09:59:31,survey,U-00781,6.0,Yemek siparişi uygulamalarında da kullanılabilse harika olur.
LZ-01504,2026-04-17 12:06:30,survey,U-00748,1.0,Odeme onaylandi diyor ama restoranin cihazina dusmuyor.
LZ-01511,2026-04-17 12:30:20,support_ticket,U-01871,,"İyi günler, Giriş yaparken sürekli oturum süreniz doldu hatası alıyorum. - Ayşe"
LZ-01506,2026-04-17 14:05:55,survey,U-02407,2.0,NFC ile odeme yapmak istiyorum ama telefonu yaklastirinca hicbir sey olmuyor.
LZ-01510,2026-04-17 16:42:42,app_store,U-02444,3.0,Eivmin ve is yerimin yakininda kartin gectigi restoran yok.
LZ-01515,2026-04-17 16:52:07,survey,U-00615,8.0,Kullanımı çok basit ve hızlı.
LZ-01513,2026-04-17 16:55:24,app_store,U-00667,1.0,Kalan bakiyemi bir iş arkadaşıma transfer edemiyorum. Mağdur durumdayım.
LZ-01505,2026-04-17 21:45:55,app_store,U-01095,3.0,"Tmeassiz odeme bazen geciyor bazen gecmiyor, guvenemiyorum."
LZ-01514,2026-04-17 22:52:48,app_store,U-02235,1.0,kalan bakiyemi bir iş arkadaşıma transfer edemiyorum. rezalet.
LZ-01516,2026-04-18 08:36:42,app_store,U-02274,1.0,"Kamera QR kodu okumuyor, sürekli odaklanmaya çalışıyor. Mağdur durumdayım."
LZ-01519,2026-04-18 10:04:22,survey,U-02272,4.0,QR okuttuktan sonra uygulama beyaz ekranda kaliyor.
LZ-01517,2026-04-18 13:07:07,app_store,U-00256,2.0,"qr ödemesi iki kere çekildi, bakiyemedn iki kez düştü. mağdur durumdayım."
LZ-01521,2026-04-18 13:20:02,support_ticket,U-01980,,"Merhaba, Müşteri hizmetlerine ulaşmak imkansız, çağrı merkezi yarım saat bekletiyor. Ayrıca yeni giriş ekranından sonra hesabıma erişemiyorum. Dönüşünüzü bekliyorum."
LZ-01518,2026-04-18 14:35:09,support_ticket,U-01020,,"Her gün öğle yemeğinde kullanıyorum. Ödeme onaylandı diyor ama restoranın cihazına düşmüyor. Lütfen acilen çözün. Saygılarımla, Ece"
LZ-01520,2026-04-18 16:07:38,app_store,U-00421,4.0,Lezzo yemek siparisi uygulamalarinda da kullanilbailse harika olur. Degerlendirirseniz sevinirim.
LZ-01522,2026-04-18 18:43:44,support_ticket,U-02257,,"Merhaba, Telefon numaram 0500 000 45 67, beni arayabilirsiniz. Müşteri hizmetlerine ulaşmak imkansız, çağrı merkezi yarım saat bekletiyor. Dönüşünüzü bekliyorum. Teşekkürler, Ece"
LZ-01523,2026-04-18 22:40:56,support_ticket,U-00952,,"İyi günler, E-posta adresim mehmet.y@example.com. Uygulamada destek talebi oluşturma seçeneği bulamadım. Mağdur durumdayım. - Ceren"
LZ-01527,2026-04-19 08:00:23,survey,U-00932,1.0,"Yakınımdaki restoranları listelemiyor, konumumu bulamıyor."
LZ-01528,2026-04-19 08:18:55,app_store,U-00933,1.0,"Haritada kapanmis restoranlar hala gorunuyor. Ayrica yuklenen tutar eksik gorunuyor, 50 TL eksik."
LZ-01524,2026-04-19 08:44:33,survey,U-02352,6.0,"Kamera QR kodu okumuyor, sürekli odaklanmaya çalışıyor."
LZ-01525,2026-04-19 11:14:25,survey,U-00055,5.0,"Temassız ödeme bazen geçiyor bazen geçmiyor, güvenemiyorum. Ayrıca karanlık mod seçeneği yok mu?."
LZ-01526,2026-04-19 13:03:27,app_store,U-01613,1.0,Bakiye yuklendi bildirimi geldi ama uygulamada eski bakiye duruyor. Donusunuzu bekliyorum.
LZ-01530,2026-04-19 13:16:48,app_store,U-01133,5.0,lezzo yemek kartı uygulamaları arasında en iyisi. başarılar!
LZ-01529,2026-04-19 22:32:20,app_store,U-01193,3.0,"Sikayet yazdim, uc gundur donus yapilmadi. Lutfen acilen cozun."
LZ-01538,2026-04-20 09:08:58,app_store,U-01252,3.0,lezzo sistem temasına uyan bir koyu tema eklenmeli.
LZ-01531,2026-04-20 09:16:16,survey,U-02412,1.0,"QR okuttuktan sonra uygulama beyaz ekranda kalıyor. Ayrıca gece kullanırken beyaz ekran göz yoruyor, karanlık tema lütfen."
LZ-01532,2026-04-20 09:24:13,app_store,U-00104,2.0,"Kamera QR kodu okumuyor, sürekli odaklanmaya çalışıyor. Dönüşünüzü bekliyorum."
LZ-01544,2026-04-20 09:57:25,app_store,U-02166,5.0,yemek kartı uygulamaları arasında en iyisi. emeği geçenlere teşekkürler!
LZ-01539,2026-04-20 10:09:38,support_ticket,U-00018,,"Yaklaşık 8 aydır kullanıcınızım. Bakiyenin son kullanma tarihi olduğunu kimse söylemedi. Ayrıca temassız ödeme eski Android telefonumda çalışmıyor. Çok sinir bozucu. Saygılarımla, Ece"
LZ-01536,2026-04-20 10:38:41,support_ticket,U-01737,,"Giriş yaparken sürekli oturum süreniz doldu hatası alıyorum. Teşekkürler, Mhemet"
LZ-01537,2026-04-20 11:58:10,app_store,U-01489,1.0,"Yakınımdaki restoranları listelemiyor, konumumu bulamıyor. Dönüşünüzü bekliyorum."
LZ-01540,2026-04-20 15:35:49,survey,U-00140,6.0,"Müşteri hizmetlerine ulaşmak imkansız, çağrı merkezi yarım saat bekletiyor."
LZ-01541,2026-04-20 17:43:36,support_ticket,U-01587,,"İyi günler, İade süreci çok uzun, bir haftadır bekliyorum. Çok sinir bozucu. İyi çalışmalar, Deniz"
LZ-01543,2026-04-20 18:30:25,survey,U-01185,9.0,"Bakiye takibi çok kolay, teşekkürler."
LZ-01542,2026-04-20 20:42:54,survey,U-01197,9.0,"Bakiye takibi çok kolay, teşekkürler."
LZ-01535,2026-04-20 21:18:33,survey,U-00306,7.0,Market alışverişinde de kullanılabilse çok iyi olur.
LZ-01533,2026-04-20 22:33:24,support_ticket,U-00685,,"Bu ay bakiyem geç yüklendi, iki gün yemek kartsız kaldım. Rezalet."
LZ-01534,2026-04-20 22:53:18,app_store,U-00420,1.0,şirketim yükleme yaptığını söylüyor ama bakiyem sıfır görünüyor. dönüşünüzü bekliyorum.
LZ-01557,2026-04-21 09:01:11,app_store,U-00900,4.0,"Ödeme saniyeler içinde bitiyor, çok memnunum. Emeği geçenlere teşekkürler!"
LZ-01556,2026-04-21 09:02:40,app_store,U-01844,5.0,"Bakiye takibi çok kolay, teşekkürler."
LZ-01546,2026-04-21 10:18:04,app_store,U-00400,2.0,Maas gunu geldi ama yemek bakiyem hala yuklenmedi. Cok sinir bozucu.
LZ-01545,2026-04-21 11:34:15,support_ticket,U-01691,,"Selam, Şirketimiz geçen ay bu karta geçti. Kasada QR okutuyorum ama ödeme bir türlü geçmiyor. Lütfen acilen çözün. Saygılarımla, Emre"
LZ-01547,2026-04-21 12:15:19,support_ticket,U-01893,,"Selam, Market alışverişinde de kullanılabilse çok iyi olur. Teşekkürler."
LZ-01548,2026-04-21 13:44:34,app_store,U-01396,4.0,Kahve zincirlerinde de gecerli olsa harika olur. Yol haritanizda var mi?
LZ-01551,2026-04-21 14:37:20,survey,U-02242,6.0,"Yakınımdaki restoranları lsitelemiyor, konumumu bulamıyor."
LZ-01552,2026-04-21 17:36:55,support_ticket,U-02252,,"Merhaba, Yakınımdaki restoranları listelemiyor, konumumu bulamıyor. Mağdur durumdayım. - Zeynep"
LZ-01553,2026-04-21 18:34:54,app_store,U-00926,1.0,haritada kapanmış restoranlar hala görünüyor.
LZ-01555,2026-04-21 19:34:54,app_store,U-01868,4.0,Kartı telefonun cüzdan uyuglamasına eklemek istiyorum.
LZ-01550,2026-04-21 20:01:58,app_store,U-02012,2.0,Ana sayfanın yüklenmesi yarım dakika sürüyor. Ayrıca iptal edilen siparişin iadesi hala bakiyeme yansımadı. Dönüşünüzü bekliyourm.
LZ-01549,2026-04-21 22:04:22,survey,U-01773,5.0,Ana sayfanın yüklenmesi yarım dakika sürüyor.
LZ-01554,2026-04-21 22:07:15,app_store,U-01815,5.0,Sistem temasına uyan bir koyu tema eklenmeli. Değerlendirirseniz sevinirim.
LZ-01566,2026-04-22 08:55:04,app_store,U-02286,1.0,Lezzo oppo telefonumda açılışta çöküyor. Mağdur durumdayım.
LZ-01568,2026-04-22 08:55:14,support_ticket,U-02411,,"Selam, E-posta adresim zeynep.a@example.com. Eski Android telefonumda açılışta çöküyor. Çok sinir bozucu. İyi çalışmalar, Burak"
LZ-01573,2026-04-22 09:10:20,app_store,U-01795,2.0,Restoarn ararken filtreler çalışmıyor.
LZ-01572,2026-04-22 09:29:39,survey,U-00951,2.0,"Haritdaa kapanmış restoranlar hala görünüyor. Ayrıca iade süreci çok uzun, bir haftadır bekliyorum."
LZ-01571,2026-04-22 11:12:29,support_ticket,U-01543,,"Merhaba, Uygulama çok yavaş açılıyor, kasada sırayı bekletiyorum. Mağdur durumdayım. - Ayşe"
LZ-01570,2026-04-22 11:25:30,app_store,U-02095,1.0,Bakiye ekranı açılana kadar kasadaki herkes bekliyor. Rezalet.
LZ-01560,2026-04-22 11:37:41,support_ticket,U-01155,,"Merhabalar, Şirketim yükleme yaptığını söylüyor ama bakiyem sıfır görünüyor. Dönüşünüzü bekliyorum. Teşekkürler, Burak"
LZ-01581,2026-04-22 11:44:10,app_store,U-00333,4.0,Arayuz sade ve anlasilir. 5 yildizi hak ediyor.
LZ-01583,2026-04-22 11:55:26,support_ticket,U-01796,,"Merhaba, Kullanımı çok basit ve hızlı. Başarılar! Teşekkürler, Deniz"
LZ-01559,2026-04-22 13:09:21,support_ticket,U-01771,,"Merhabalar, Ödeme onaylandı diyor ama restoranın cihazına düşmüyor. Saygılarımla, Mert"
LZ-01565,2026-04-22 14:03:40,app_store,U-00997,1.0,"uygulama surekli donuyor, kapatip acmam gerekiyor. ayrica gece kullanirken beyaz ekran goz yoruyor, karanlik tema lutfen. lutfen acilen cozun."
LZ-01577,2026-04-22 16:33:58,app_store,U-01567,5.0,Karanlik mod eklenirse cok iyi olur. Degerlendirirseniz sevinirim.
LZ-01561,2026-04-22 17:11:55,app_store,U-01136,3.0,yemek siparişi uygulamalarında da kullanılabilse harika olur. teşekkürler.
LZ-01564,2026-04-22 17:48:35,app_store,U-00412,1.0,her açılışta tekrar tekrar sms kodu istiyor. çok sinir bozucu.
LZ-01582,2026-04-22 18:07:50,survey,U-00695,8.0,"Kart taşımaktan kurtuldum, harika bir uygulama."
LZ-01567,2026-04-22 18:36:17,app_store,U-01872,1.0,"uygulama sürekli donuyor, kapatıp açmam gerekiyor. dönüşünüzü bekliyorum."
LZ-01574,2026-04-22 18:42:26,support_ticket,U-02200,,"Selam, Şirketimiz geçen ay bu karta geçti. Restoran ararken filtreler çalışmıyor. Çok sinir bozucu. Teşekkürler, Creen"
LZ-01575,2026-04-22 19:05:51,app_store,U-01904,1.0,"Yakınımdaki restoranları lsitelemiyor, konumumu bulamıyor. Çok sinir bozucu."
LZ-01563,2026-04-22 19:10:07,app_store,U-00388,1.0,Giriş yaparken sürekli oturum süreniz doldu hatası alıyorum. Ayrıca bakiyenin son kullanma tarihi olduğunu kimse söylemedi. Rezalet.
LZ-01576,2026-04-22 19:25:02,survey,U-01889,7.0,Karanlik mod eklenirse cok iyi olur.
LZ-01569,2026-04-22 19:41:43,app_store,U-02436,3.0,Bakiye ekranı açılana kadar kasadaki herkes bekliyor.
LZ-01579,2026-04-22 19:48:38,app_store,U-02141,4.0,Lezzo karti telefonun cuzdan uygulamasina eklemek istiyorum. Ayrica karanlik mod secenegi yok mu?. Degerlendirirseniz sevinirim.
LZ-01562,2026-04-22 20:36:07,survey,U-00722,5.0,Market alışverişinde de kullanılabilse çok iyi olur. Ayrıca restoran ödemeyi iptal etti ama para geri gelmedi.
LZ-01580,2026-04-22 20:46:39,support_ticket,U-01466,,"Merhabalar, Müşteri hizmetlerine ulaşmak imkansız, çağrı merkezi yarım saat bekletiyor. - Zeynep"
LZ-01578,2026-04-22 22:01:44,app_store,U-00134,5.0,Akilli saatle odeme yapabilmek harika olurdu.
LZ-01558,2026-04-22 22:03:57,support_ticket,U-00418,,"Merhabalar, Kasada QR okutuyorum ama ödeme bir türlü geçmiyor. Rezalet. Saygılarımla, Selin"
LZ-01593,2026-04-23 09:06:42,survey,U-01360,0.0,"Uygulama çok yavaş açılıyor, kasada sırayı bekletiyorum."
LZ-01603,2026-04-23 09:22:01,app_store,U-00053,4.0,Yemek kartı uygulamaları arasında en iyisi. 5 yıldızı hak ediyor.
LZ-01591,2026-04-23 09:28:47,app_store,U-00364,1.0,yeni giris ekranindan sonra hesabima erisemiyorum. ayrica karanlik mod secenegi yok mu?. donusunuzu bekliyorum.
LZ-01587,2026-04-23 09:41:43,app_store,U-02051,4.0,Lezzo restoran agi genislerse karti cok daha fazla kullanirim. Degerlendirirseniz sevinirim.
LZ-01588,2026-04-23 09:42:17,app_store,U-00284,5.0,Evimin ve iş yerimin yakınında kartın geçtiği restoran yok. Yol haritanızda var mı?
LZ-01585,2026-04-23 10:00:49,app_store,U-00827,1.0,"Telefonu POS cihazina yaklastiriyorum, odeme ekrani acilmiyor. Donusunuzu bekliyorum."
LZ-01586,2026-04-23 10:09:28,survey,U-00866,5.0,Restoran agi genislerse karti cok daha fazla kullanirim.
LZ-01605,2026-04-23 11:52:58,survey,U-00608,8.0,"Ödeme saniyeler içinde bitiyor, çok memnunum."
LZ-01592,2026-04-23 12:18:02,support_ticket,U-02473,,Her gün öğle yemeğinde kullanıyorum. Her açılışta tekrar tekrar SMS kodu istiyor. Rezalet.
LZ-01597,2026-04-23 12:48:02,app_store,U-00429,1.0,Restoranların çalışma saatleri yanlış yazıyor. Mağdur durumdayım.
LZ-01599,2026-04-23 14:08:17,survey,U-02298,7.0,Apple Pay'e eklenebilse telefonu acmadan odeme yapardim.
LZ-01594,2026-04-23 14:19:11,app_store,U-02001,1.0,"Uygulama sürekli donuyor, kapatıp açmam gerekiyor. Dönüşünüzü bekliyorum."
LZ-01600,2026-04-23 15:28:57,app_store,U-00588,1.0,Kalan bakiyemi bir iş arkadaşıma transfer edemiyorum.
LZ-01595,2026-04-23 15:31:15,support_ticket,U-00016,,"Huawei telefonumda açılışta çöküyor. İyi çalışmalar, Ece"
LZ-01601,2026-04-23 17:08:42,app_store,U-01301,1.0,"Ay sonunda kalan bakiye yaniyor mu, bir sonraki aya devretmesi lazim. Ayrica temassiz odeme bazen geciyor bazen gecmiyor, guvenemiyorum."
LZ-01602,2026-04-23 17:31:36,app_store,U-00993,3.0,bakiyenin son kullanma tarihi olduğunu kimse söylemedi. çok sinir bozucu.
LZ-01604,2026-04-23 19:00:23,app_store,U-00119,5.0,Arayüz sade ve anlaşılır. Ayrıca sistem temasına uyan bir koyu tema eklenmeli.
LZ-01596,2026-04-23 19:37:50,app_store,U-00690,2.0,"Yakınımdaki restoranları listelemiyor, konumumu bulamıyor. Lütfen acilen çözün."
LZ-01589,2026-04-23 19:39:35,support_ticket,U-02023,,"Selam, Sevdiğim kafeler anlaşmalı değil, lütfen daha fazla restoran ekleiyn. Ayrıca telefonu POS cihazına yaklaştırıyorum, ödeme ekranı açılmıyor. Değerlendirirseniz sevinirim. Saygılarımla, Zeynep"
LZ-01590,2026-04-23 20:23:48,support_ticket,U-02099,,Şirketimiz geçen ay bu karta geçti. Restoran ağı genişlerse kartı çok daha fazla kullanırım. Yol haritanızda var mı?
LZ-01598,2026-04-23 20:39:05,app_store,U-00983,4.0,Sistem temasina uyan bir koyu tema eklenmeli.
LZ-01584,2026-04-23 22:21:38,support_ticket,U-01568,,"İyi günler, Şirketimiz geçen ay bu karta geçti. QR okuttuktan sonra uygulama beyaz ekranda kalıyor. Lütfen acilen çözün. - Mert"
LZ-01609,2026-04-24 10:42:31,app_store,U-01482,4.0,Kartı telefonun cüzdan uygulamasına eklemek istiyorum. Teşekkürler.
LZ-01608,2026-04-24 10:51:43,app_store,U-00712,5.0,Karanlık mod seçeneği yok mu?
LZ-01611,2026-04-24 12:35:19,survey,U-01113,2.0,Kalan bakiyemi bir iş arkadaşıma transfer edemiyorum.
LZ-01610,2026-04-24 12:57:32,app_store,U-00837,2.0,"Lezzo ay sonunda kalan bakiye yanıyor mu, bir sonraki aya dveretmesi lazım. Çok sinir bozucu."
LZ-01613,2026-04-24 13:55:23,app_store,U-01677,5.0,Arayuz sade ve anlasilir.
LZ-01612,2026-04-24 14:35:48,app_store,U-02486,2.0,lezzo uygulamada destek talebi oluşturma seçeneği bulamadım. ayrıca restoranların çalışma saatleri yanlış yazıyor. çok sinir bozucu.
LZ-01607,2026-04-24 17:05:48,app_store,U-00500,1.0,nfc ile ödeme yapmak istiyorum ama telefonu yaklaştırınca hiçbir şey olmuyor. ayrıca ödeme onaylandı diyor ama restoranın cihazına düşmüyor. rezalet.
LZ-01614,2026-04-24 19:00:15,app_store,U-01413,5.0,Kullanımı çok basit ve hızlı. Ayrıca uygulamada destek talebi oluşturma seçeneği bulamadım. Başarılar!
LZ-01606,2026-04-24 21:34:33,app_store,U-02311,2.0,lezzo qr okuttuktan sonra uygulama beyaz ekranda kalıyor.
LZ-01618,2026-04-25 11:08:21,survey,U-01934,4.0,"Uygulama çok yavaş açılıyor, kasada sırayı bekletiyorum."
LZ-01616,2026-04-25 11:28:05,survey,U-01824,6.0,"Telefonu POS cihazına yaklaştırıyorum, ödeme ekranı açılmıyor."
LZ-01620,2026-04-25 13:03:17,app_store,U-00518,3.0,Akıllı saatle ödeme yapabilmek harika olurdu.
LZ-01615,2026-04-25 13:07:09,survey,U-00423,5.0,"QR ile odeme son guncellemeden sonra calismiyor, kasada rezil oldum."
LZ-01622,2026-04-25 19:11:34,app_store,U-02456,5.0,"bakiye takibi çok kolay, teşekkürler. başarılar!"
LZ-01623,2026-04-25 19:50:28,app_store,U-00098,5.0,Yemek kartı uygulamaları arasında en iyisi. Başarılar!
LZ-01617,2026-04-25 20:33:54,survey,U-01752,6.0,"Temassiz odeme bazen geciyor bazen gecmiyor, guvenemiyorum."
LZ-01621,2026-04-25 20:55:49,app_store,U-01000,1.0,"Şikayet yazdım, üç gündür dönüş yapılmadı. Mağdur durumdayım."
LZ-01619,2026-04-25 21:05:32,app_store,U-01644,4.0,kartı telefonun cüzdan uyuglamasına eklemek istiyorum. teşekkürler.
LZ-01625,2026-04-26 09:12:35,support_ticket,U-01588,,"Merhaba, Telefon numaram 0500 000 12 34, beni arayabilirsiniz. Ödeme onaylandı diyor ama restoranın cihazına düşmüyor. Çok sinir bozucu. - Burak"
LZ-01626,2026-04-26 10:21:32,app_store,U-02328,1.0,maaş günü geldi ama yemek bakiyem hala yüklenmedi. dönüşünüzü bekliyorum.
LZ-01628,2026-04-26 11:42:36,support_ticket,U-00131,,"Selam, Yakınımdaki restoranları listelemiyor, konumumu bulamıyor. - Ceren"
LZ-01627,2026-04-26 15:12:48,app_store,U-01013,2.0,huawei telefonumda açılışta çöküyor. çok sinir bozucu.
LZ-01624,2026-04-26 15:26:20,survey,U-01470,2.0,"Kamera QR kodu okumuyor, surekli odaklanmaya calisiyor."
LZ-01631,2026-04-26 15:44:45,survey,U-01487,5.0,Kartı telefonun cüzdan uygulaamsına eklemek istiyorum.
LZ-01632,2026-04-26 16:35:29,app_store,U-01967,2.0,İptal edilen siparişin iadesi hala bakiyeme yansımadı.
LZ-01630,2026-04-26 20:03:17,support_ticket,U-01051,,"Selam, E-posta adresim mehmet.y@example.com. Google Pay entegrasyonu olsa çok pratik olur. - Mert"
LZ-01629,2026-04-26 20:16:48,survey,U-02393,6.0,Sistem temasına uyan bir koyu tema eklenmeli.
LZ-01636,2026-04-27 08:10:41,survey,U-01317,5.0,"Evimin ve is yerimin yakininda kartin gectigi restoran yok. Ayrica kullanmadigim bakiye sonraki aya aktarilmiyor, bu cok haksiz."
LZ-01641,2026-04-27 08:43:20,app_store,U-01317,4.0,Karti telefonun cuzdan uygulamasina eklemek istiyorum. Tesekkurler.
LZ-01640,2026-04-27 10:32:57,app_store,U-00293,4.0,Karanlık mod eklenirse çok iyi olur. Teşekkürler.
LZ-01635,2026-04-27 11:28:58,app_store,U-00587,4.0,restoran ağı genişlerse kartı çok daha fazla kullanırım. değerlendirirseniz sevinirim.
LZ-01637,2026-04-27 11:48:17,app_store,U-00705,4.0,Market alışverişinde de kullanılabilse çok iyi olur. Yol haritanızda var mı?
LZ-01644,2026-04-27 12:33:39,app_store,U-01365,5.0,yemek kartı uygulamaları arasında en iyisi.
LZ-01645,2026-04-27 12:56:29,app_store,U-00641,5.0,"Kart taşımaktan kurtuldum, harika bir uygulama. 5 yıldızı hak ediyor."
LZ-01639,2026-04-27 13:12:42,app_store,U-00720,3.0,Ana sayfanin yuklenmesi yarim dakika suruyor. Magdur durumdayim.
LZ-01642,2026-04-27 13:34:09,survey,U-00257,6.0,Apple Pay'e eklenebilse telefonu açmadan ödeme yapardım.
LZ-01643,2026-04-27 14:21:12,survey,U-02286,2.0,Uygulamada destek talebi oluşturma seçeneği bulamadım.
LZ-01634,2026-04-27 16:31:05,support_ticket,U-00878,,"Merhabalar, Her gün öğle yemeğinde kullanıyorum. Bu ay bakiyem geç yüklendi, iki gün yemek kartsız kaldım. Ayrıca gece kullanırken beyaz ekran göz yoruyor, karanlık tema lütfen. Çok sinir bozucu."
LZ-01633,2026-04-27 20:48:47,app_store,U-01216,2.0,NFC ile ödeme yapmak istiyorum ama telefonu yaklaştırınca hiçbir şey olmuyor. Rezalet.
LZ-01638,2026-04-27 20:58:10,support_ticket,U-01188,,"İyi günler, Her gün öğle yemeğinde kullanıyorum. Restoran ağı genişlerse kartı çok daha fazla kullanırım. Değerlendirirseniz sevinirim. Saygılarımla, Elif"
LZ-01656,2026-04-28 08:15:37,survey,U-01576,5.0,Bakiyenin son kullanma tarihi oldugunu kimse soylemedi.
LZ-01651,2026-04-28 10:24:39,app_store,U-01060,1.0,"Uygulama cok yavas aciliyor, kasada sirayi bekletiyorum. Lutfen acilen cozun."
LZ-01648,2026-04-28 10:41:52,app_store,U-00971,4.0,"Sevdiğim kafeler anlaşmalı değil, lütfen daha fazla restoran ekleyin. Yol haritanızda var mı?"
LZ-01647,2026-04-28 11:49:19,survey,U-01240,0.0,"Telefonu POS cihazına yaklaştırıyorum, ödeme ekranı açılmıyor."
LZ-01652,2026-04-28 13:56:39,app_store,U-00641,2.0,Oppo telefonumda açılışta çöküyor. Dönüşünüzü bekliyourm.
LZ-01654,2026-04-28 16:03:40,survey,U-00263,3.0,"Yakınımdaki restoranları listelemiyor, konumumu bulamıyor. Ayrıca restoran ağı genişlerse kartı çok daha fazla kullanırım."
LZ-01649,2026-04-28 16:26:19,survey,U-01070,5.0,Yemek siparişi uygulamaalrında da kullanılabilse harika olur.
LZ-01653,2026-04-28 16:27:12,app_store,U-00296,1.0,Oppo telefonumda acilista cokuyor. Cok sinir bozucu.
LZ-01646,2026-04-28 17:16:18,support_ticket,U-00844,,"İyi günler, Yaklaşık 8 aydır kullanıcınızım. QR okuttuktan sonra uygulmaa beyaz ekranda kalıyor. Dönüşünüzü bekliyorum. İyi çalışmalar, Zeynep"
LZ-01650,2026-04-28 17:31:37,app_store,U-00312,5.0,Restoran ağı genişlerse kartı çok daha fazla kulalnırım.
LZ-01659,2026-04-28 18:12:41,app_store,U-00424,5.0,Kullanımı çok basit ve hızlı.
LZ-01655,2026-04-28 19:00:10,support_ticket,U-00164,,"İyi günler, Restoran ararken filtreler çalışmıyor. Mağdur durumdayım. Teşekkürler, Ayşe"
LZ-01658,2026-04-28 20:58:33,survey,U-01081,8.0,"Ödeme saniyeler içinde bitiyor, çok memnunum."
LZ-01657,2026-04-28 22:26:38,support_ticket,U-02111,,"Merhabalar, Yaklaşık 3 aydır kullanıcınızım. Restoran ödemeyi iptal etti ama para geri gelmedi. Dönüşünüzü bekliyorum. Teşekkürler, Burak"
LZ-01663,2026-04-29 08:35:02,app_store,U-01991,4.0,"Lezzo anlaşmalı restoran sayısı çok az, Konak tarafında neredeyse hiç yer yok. Yol haritanızda var mı?"
LZ-01667,2026-04-29 08:41:32,survey,U-02357,8.0,Karanlık mod eklenirse çok iyi olur.
LZ-01665,2026-04-29 09:48:05,app_store,U-01107,3.0,Sistem temasina uyan bir koyu tema eklenmeli.
LZ-01662,2026-04-29 11:35:46,support_ticket,U-01236,,"Selam, Yaklaşık 6 aydır kullanıcınızım. Bu ay bakiyem geç yüklendi, iki gün yemek kartsız kaldım. Dönüşünüzü bekliyorum."
LZ-01664,2026-04-29 11:36:14,app_store,U-01069,3.0,Sistem temasına uyan bir koyu tema eklenmeli. Yol haritanızda var mı?
LZ-01669,2026-04-29 13:49:36,app_store,U-00263,5.0,Akilli saatle odeme yapabilmek harika olurdu. Tesekkurler.
LZ-01670,2026-04-29 13:51:43,support_ticket,U-00759,,"Selam, E-posta adresim mehmet.y@examlpe.com. Kartı telefonun cüzdan uygulamasına eklemek istiyorum."
LZ-01668,2026-04-29 14:25:21,survey,U-01219,5.0,Google Pay entegrasyonu olsa çok pratik olur.
LZ-01671,2026-04-29 14:31:10,support_ticket,U-01147,,"İyi günler, Yaklaşık 3 aydır kullanıcınızım. Kalan bakiyemi bir iş arkadaşıma transfer edemiyorum. Ayrıca uygulama sürekli donuyor, kapatıp açmam gerekiyor. Dönüşünüzü bekliyorum."
LZ-01673,2026-04-29 14:46:38,survey,U-02311,6.0,Iptal edilen siparisin iadesi hala bakiyeme yansimadi.
LZ-01661,2026-04-29 17:03:52,support_ticket,U-01456,,"Merhabalar, Yüklenen tutar eksik görünüyor, 400 TL eksik. Ayrıca market alışverişinde de kullanılabilse çok iyi olur. Çok sinir bozucu. - Deniz"
LZ-01672,2026-04-29 18:05:32,app_store,U-01552,1.0,Kalan bakiyemi bir iş arkadaşıma transfer edemiyorum.
LZ-01660,2026-04-29 19:41:00,support_ticket,U-00251,,"Selam, QR ödemesi iki kere çekildi, bakiyemden iki kez düştü. Rezalet. - Ayşe"
LZ-01666,2026-04-29 20:19:52,support_ticket,U-00719,,"Karanlık mod eklenirse çok iyi olur. Değerlendirirseniz sevinirim. Teşekkürler, Deniz"
LZ-01679,2026-04-30 08:12:12,support_ticket,U-00641,,"İyi günler, Restoran ağı genişlerse kartı çok daha fazla kullanırım. - Selin"
LZ-01677,2026-04-30 10:09:51,support_ticket,U-00695,,"İyi günler, Her gün öğle yemeğinde kullanıyorum. Kahve zincirlerinde de geçerli olsa harika olur. - Selin"
LZ-01680,2026-04-30 11:03:17,app_store,U-00523,5.0,"Sevdiğim kafeler anlaşmalı değil, lütfen daha fazla restoran ekleyin. Teşekkürler."
LZ-01682,2026-04-30 11:55:29,app_store,U-01989,3.0,Uygulama cok fazla pil tuketiyor. Cok sinir bozucu.
LZ-01688,2026-04-30 12:16:07,app_store,U-01381,4.0,Yemek karti uygulamalari arasinda en iyisi.
LZ-01686,2026-04-30 12:18:42,app_store,U-01377,5.0,kullanımı çok basit ve hızlı. başarılar!
LZ-01676,2026-04-30 12:23:40,app_store,U-00573,3.0,Evimin ve iş yerimin yakınında kartın geçtiği restoran yok. Değerlendirirseniz sevinirim.
LZ-01683,2026-04-30 13:02:01,survey,U-02216,4.0,"Kullanmadigim bakiye sonraki aya aktarilmiyor, bu cok haksiz."
LZ-01681,2026-04-30 13:57:38,app_store,U-00710,2.0,huawei telefonumda açılışta çöküyor.
LZ-01674,2026-04-30 15:20:29,app_store,U-02184,1.0,QR kodu okutunca ödeme ekranında takılı kalıyor.
LZ-01675,2026-04-30 16:52:35,support_ticket,U-00145,,"Merhaba, Kahve zincirlerinde de geçerli olsa harika olur. Teşekkürler. - Emre"
LZ-01687,2026-04-30 17:31:36,app_store,U-00074,4.0,"Ödeme saniyeler içinde bitiyor, çok memnunum. Ayrıca restoranların çalışma saatleri yanlış yazıyor. Emeği geçenlere teşekkürler!"
LZ-01678,2026-04-30 20:35:22,app_store,U-02458,4.0,Marekt alisverisinde de kullanilabilse cok iyi olur. Yol haritanizda var mi?
LZ-01684,2026-04-30 21:36:40,app_store,U-01066,1.0,Canlı destek hiç cevap vermiyor. Dönüşünüzü bekliyorum.
LZ-01685,2026-04-30 21:41:45,support_ticket,U-01754,,"İyi günler, Ödeme saniyeler içinde biityor, çok memnunum. Başarılar! Teşekkürler, Elif"
LZ-01699,2026-05-01 09:25:53,support_ticket,U-00560,,"Merhabalar, Yaklaşık 6 aydır kullanıcınızım. Şirketim yükleme yaptığını söylüyor ama bakiyem sıfır görünüyor. Lütfen acilen çözün. - Zeynep"
LZ-01704,2026-05-01 09:44:49,survey,U-01165,4.0,"Şikayet yazdım, üç gündür dönüş yapılmadı."
LZ-01706,2026-05-01 11:36:41,app_store,U-02423,4.0,"Bakiye takibi çok kolay, teşekkürler. Emeği geçenlere teşekkürler!"
LZ-01702,2026-05-01 12:05:34,support_ticket,U-01914,,"Merhabalar, Yaklaşık 3 aydır kullanıcınızım. Haritada restoranlar yanlış konumda gösteriliyor. Mağdur durumdayım. - Burak"
LZ-01703,2026-05-01 12:23:51,app_store,U-01005,2.0,"Ay sonunda klaan bakiye yanıyor mu, bir sonraki aya devretmesi lazım. Rezalet."
LZ-01691,2026-05-01 13:15:48,support_ticket,U-01455,,"İyi günler, QR kodu okutunca ödeme ekranında takılı kalıyor. Rezalet. Saygılarımla, Ece"
LZ-01700,2026-05-01 14:53:40,app_store,U-00844,3.0,"Yemek siparişi uygulamalarında da kullanılabilse harika olur. Ayrıca ay sonunda kalan bakiye yanıyor mu, bir sonraki aya devretmesi lazım. Değerlendirirseniz sevinirim."
LZ-01690,2026-05-01 15:10:55,survey,U-02212,3.0,"QR ödemesi iki kere çekildi, bakiyemden iki kez düştü."
LZ-01696,2026-05-01 15:56:49,app_store,U-00881,2.0,"Bu ay bakiyem gec yuklendi, iki gun yemek kartsiz kaldim. Ayrica kahve zincirlerinde de gecerli olsa harika olur. Cok sinir bozucu."
LZ-01692,2026-05-01 16:32:44,support_ticket,U-00436,,"İyi günler, Telefon numaram 0500 000 89 01, beni arayabilisriniz. Telefonu POS cihazına yaklaştırıyorum, ödeme ekranı açılmıyor. Lütfen acilen çözün. - Elif"
LZ-01694,2026-05-01 18:06:15,support_ticket,U-02148,,"İyi günler, Yaklaşık 6 aydır kullanıcınızım. Bu ay bakiyem geç yüklendi, iki gün yemek kartsız kaldım. Rezalet. Saygılarımla, Zeynep"
LZ-01697,2026-05-01 18:10:28,survey,U-00110,1.0,Sirkeitm yukleme yaptigini soyluyor ama bakiyem sifir gorunuyor.
LZ-01701,2026-05-01 20:06:37,app_store,U-00097,2.0,Ana safyanın yüklenmesi yarım dakika sürüyor. Çok sinir bozucu.
LZ-01689,2026-05-01 20:36:13,support_ticket,U-01352,,"Merhabalar, Şirketimiz geçen ay bu karta geçti. Ödeme onaylandı diyor ama restoranın cihazına düşmüyor. Dönüşünüzü bekliyorum. Teşekkürler, Can"
LZ-01693,2026-05-01 22:06:17,app_store,U-01044,1.0,"Telefonu POS cihazina yaklastiriyorum, odeme ekrani acilmiyor. Lutfen acilen cozun."
LZ-01705,2026-05-01 22:07:10,support_ticket,U-02489,,"Selam, Telefon numaram 0500 000 89 01, beni arayabilirsiniz. Restoran ödemeyi iptal etti ama para geri gelmedi. Lütfen acilen çözün."
LZ-01698,2026-05-01 22:08:06,app_store,U-00100,1.0,"Bu ay bakiyem gec yuklendi, iki gun yemek kartsiz kaldim. Rezalet."
LZ-01695,2026-05-01 22:12:46,app_store,U-02363,1.0,Maaş günü geldi ama yemek bakiyem hala yüklenmedi. Lütfen acilen çözün.
LZ-01709,2026-05-02 09:27:58,support_ticket,U-02000,,"Merhaba, Yaklaşık 12 aydır kullanıcınızım. Şirketim yükleme yaptığını söylüyor ama bakiyem sıfır görünüyor. Lütfen acilen çözün. İyi çalışmalar, Mert"
LZ-01715,2026-05-02 10:11:48,app_store,U-01767,3.0,"İade süreci çok uzun, bir haftadır bekliyorum. Lütfen acilen çözün."
LZ-01711,2026-05-02 10:33:27,support_ticket,U-00277,,"İyi günler, Şirketimiz geçen ay bu karta geçti. Sevdiğim kafeler anlaşmalı değil, lütfen daha fazla restoran ekleyin. Yol haritanızda var mı? Saygılarımla, Mert"
LZ-01713,2026-05-02 11:05:16,survey,U-01806,8.0,Karanlık mod seçeneği yok mu?
LZ-01707,2026-05-02 14:04:28,support_ticket,U-02286,,"Merhablaar, Şirketimiz geçen ay bu karta geçti. NFC ödemesi sürekli zaman aşımına uğruyor. Rezalet. İyi çalışmalar, Emre"
LZ-01710,2026-05-02 14:06:17,app_store,U-00154,4.0,Yemek siparisi uygulamalarinda da kullanilabilse harika olur.
LZ-01716,2026-05-02 16:40:13,app_store,U-02020,5.0,"kart tasimaktan kurtuldum, harika bir uygulama. 5 yildizi hak ediyor."
LZ-01708,2026-05-02 21:26:23,app_store,U-00882,2.0,Şirketim yükleme yaptığını söylüyor ama bakiyem sıfır görünüyor.
LZ-01712,2026-05-02 22:32:19,support_ticket,U-00175,,"Merhabalar, Her gün öğle yemeğinde kullanıyorum. Uygulama çok yavaş açılıyor, kasada sırayı bekletiyorum."
LZ-01714,2026-05-02 22:55:50,support_ticket,U-02485,,"İyi günler, Şirketimiz geçen ay bu karta geçti. Bakiyenin son kullanma tarihi olduğunu kimse söylemedi. Çok sinir bozucu. Teşekkürler, Deniz"
LZ-01725,2026-05-03 08:23:09,support_ticket,U-01652,,"Merhabalar, Telefon numaram 0500 000 12 34, beni arayabilirsiniz. İade süreci çok uzun, bir haftadır bekliyorum. - Mert"
LZ-01722,2026-05-03 10:03:52,app_store,U-01304,1.0,"Uygulama surekli dnouyor, kapatip acmam gerekiyor. Rezalet."
LZ-01718,2026-05-03 11:13:25,support_ticket,U-01999,,"Merhabalar, Şirketimiz geçen ay bu karta geçti. Yüklenen tutar eksik görünüyor, 120 TL eksik. Rezalet. Saygılarımla, Ayşe"
LZ-01720,2026-05-03 12:28:11,support_ticket,U-02378,,Yaklaşık 18 aydır kullanıcınızım. Her açılışta tekrar tekrar SMS kodu istiyor. Mağdur durudmayım.
LZ-01723,2026-05-03 13:53:00,app_store,U-02444,2.0,Lezzo bakiye ekrani acilana kadar kasadaki herkes bekliyor. Rezalet.
LZ-01726,2026-05-03 14:31:43,app_store,U-02384,5.0,Lezzo yemek kartı uygulamaları arasında en iyisi. Başarılar!
LZ-01719,2026-05-03 15:32:41,survey,U-01389,0.0,"Bu ay bakiyem geç yüklendi, iki gün yemek kartsız kaldım."
LZ-01721,2026-05-03 16:10:54,app_store,U-00555,1.0,Yeni giriş ekranından sonra hesabıma erişemiyorum. Rezalet.
LZ-01724,2026-05-03 20:30:24,app_store,U-00017,5.0,lezzo akilli saatle odeme yapabilmek harika olurdu. tesekkurler.
LZ-01717,2026-05-03 21:00:47,app_store,U-01378,3.0,"Telefonu POS cihazına yaklaştırıyorum, ödeme ekranı açılmıyor. Lütfen acilen çözün."
LZ-01728,2026-05-04 08:50:15,app_store,U-02286,1.0,Kasada QR okutuyorum ama odeme bir turlu gecmiyor. Rezalet.
LZ-01729,2026-05-04 10:07:03,support_ticket,U-01273,,"Merhabalar, Bu ay bakiyem geç yüklendi, iki gün yemek kartsız kaldım. Lütfen acilen çözün. Teşekkürler, Ece"
LZ-01737,2026-05-04 12:14:25,support_ticket,U-01216,,"Selam, E-posta adresim ayse.k@example.com. Akıllı saatle ödeme yapabilmek harika olurdu. Ayrıca Huawei telefonumda açılışta çöküyor. Değerlendirirseniz sevinirim. Teşekkürler, Emre"
LZ-01740,2026-05-04 12:57:15,survey,U-00065,1.0,"Şikayet yazdım, üç gündür dönüş yapılmadı."
LZ-01730,2026-05-04 13:22:12,support_ticket,U-00310,,"Selam, Yüklenen tutar eksik görünüyor, 250 TL eksik. Çok siinr bozucu. - Zeynep"
LZ-01727,2026-05-04 13:33:35,support_ticket,U-01151,,"İyi günler, Kasada QR okutuyourm ama ödeme bir türlü geçmiyor. Çok sinir bozucu. Teşekkürler, Mert"
LZ-01738,2026-05-04 13:56:23,survey,U-01710,5.0,Akıllı saatle ödeme yapabilmek harika olurdu.
LZ-01736,2026-05-04 16:35:45,support_ticket,U-00193,,"Merhaba, Şirketimiz geçen ay bu karta geçti. Sistem temasına uyan bir koyu tema eklenmeli. Teşekkürler, Burak"
LZ-01741,2026-05-04 17:06:08,app_store,U-02198,1.0,ıptal edilen siparisin iadesi hala bakiyeme yansimadi. ayrica her acilista tekrar tekrar sms kodu istiyor.
LZ-01739,2026-05-04 18:59:32,app_store,U-02353,2.0,"ay sonunda kalan bakiye yanıyor mu, bir sonraki aya devretmesi lazım. çok sinir bozucu."
LZ-01733,2026-05-04 20:07:25,app_store,U-01136,1.0,Uygulama cok fazla pil tuketiyor. Lutfen acilen cozun.
LZ-01732,2026-05-04 20:48:56,support_ticket,U-01083,,"Merhaba, Uygulama çok yavaş açılıyor, kasada sırayı bekletiyorum. Çok sinir bozucu."
LZ-01731,2026-05-04 21:07:21,support_ticket,U-00216,,"Merhbaa, Yaklaşık 8 aydır kullanıcınızım. Doğrulama kodu çok geç geliyor, geldiğinde de süresi dolmuş oluyor. Lütfen acilen çözün."
LZ-01735,2026-05-04 21:18:19,support_ticket,U-00439,,"İyi günler, Haritada kapanmış restoranlar hala görünüyor. Teşekkürler, Emre"
LZ-01734,2026-05-04 21:44:52,app_store,U-01928,1.0,uygulama çok fazla pil tüketiyor. rezalet.
LZ-01757,2026-05-05 08:00:55,app_store,U-00641,4.0,"Bakiye takibi çok kolay, teşekkürler."
LZ-01758,2026-05-05 09:41:02,app_store,U-00865,4.0,"Kart taşımaktan kurtuldum, harika bir uygulama."
LZ-01753,2026-05-05 11:38:18,survey,U-00314,6.0,Apple Pay'e eklenebilse telefonu açmadan ödeme yapardım.
LZ-01746,2026-05-05 12:14:13,app_store,U-00315,1.0,"bu ay bakiyem geç yüklendi, iki gün yemek kartsız kaldım. ayrıca apple pay'e eklenebilse telefonu açmadan ödeme yapardım. rezalet."
LZ-01751,2026-05-05 12:49:30,support_ticket,U-02276,,"Merhaba, E-posta adresim mehmet.y@example.com. Yakınımdaki restoranları listelemiyor, konumumu bulamıyor. Rezalet. Saygılarımla, Ceren"
LZ-01752,2026-05-05 12:52:33,survey,U-02305,2.0,"Yakinimdaki restoranlari listelemiyor, konumumu bulamiyor."
LZ-01755,2026-05-05 13:34:34,app_store,U-01717,3.0,Kalan bakiyemi bir is arkadasima transfer edemiyorum.
LZ-01756,2026-05-05 13:42:16,app_store,U-01759,4.0,Yemek kartı uygulamaları arasında en iyisi.
LZ-01743,2026-05-05 14:39:04,app_store,U-01953,2.0,lezzo nfc ödemesi sürkeli zaman aşımına uğruyor. ayrıca canlı destek hiç cevap vermiyor. çok sinir bozucu.
LZ-01759,2026-05-05 16:29:29,app_store,U-02310,5.0,"Lezzo ödeme snaiyeler içinde bitiyor, çok memnunum. 5 yıldızı hak ediyor."
LZ-01747,2026-05-05 16:56:19,app_store,U-01741,3.0,Restoran ağı genişlerse kartı çok daha fazla kullanırım. Değerlendirirseniz sevinirim.
LZ-01754,2026-05-05 17:08:07,support_ticket,U-00854,,"İyi günler, Yaklaşık 3 aydır kullanıcınızım. Kalan bakiyemi bir iş arkadaşıma transfer edemiyorum. Lütfen acilen çözün. Teşekkürler, Selin"
LZ-01750,2026-05-05 17:20:32,survey,U-01649,4.0,Ana sayfanin yuklenmesi yarim dakika suruyor.
LZ-01745,2026-05-05 17:59:26,support_ticket,U-01284,,"Merhabalar, E-posta adresim ayse.k@example.com. Maaş günü geldi ama yemek bakiyem hala yüklenmedi. Ayrıca temassız ödeme bazen geçiyor bazen geçmioyr, güvenemiyorum. Çok sinir bozucu. İyi çalışmalar, Elif"
LZ-01749,2026-05-05 20:07:45,app_store,U-02071,2.0,"lezzo uygulama sürkeli donuyor, kapatıp açmam gerekiyor. dönüşünüzü bekliyorum."
LZ-01742,2026-05-05 20:24:30,support_ticket,U-00860,,"Selam, Yaklaşık 6 aydır kullanıcınızım. NFC ile ödeme yapmak istyiorum ama telefonu yaklaştırınca hiçbir şey olmuyor. Mağdur durumdayım. İyi çalışmalar, Elif"
LZ-01744,2026-05-05 21:34:37,survey,U-00823,3.0,"Telefonu POS cihazina yaklastiriyorum, odeme ekrani acilmiyor."
LZ-01748,2026-05-05 22:38:26,app_store,U-00445,1.0,"Uygulama sürekli donuyor, kapatıp açmam gerekiyor. Çok sinir bozucu."
LZ-01761,2026-05-06 08:18:06,app_store,U-00772,2.0,QR okuttuktan sonra uygulama beyaz ekranda kalıyor. Lütfen acilen çözün.
LZ-01774,2026-05-06 10:05:21,app_store,U-00465,4.0,Google Pay entegrasyonu olsa cok pratik olur. Tesekkurler.
LZ-01767,2026-05-06 12:45:56,support_ticket,U-00637,,"Merhaba, Şirketim yükleme yaptığını söylüyor ama bakiyem sıfır görünüyor. Rezalet. Teşekkürler, Ece"
LZ-01763,2026-05-06 13:12:50,survey,U-01380,5.0,"Kamera QR kodu okumuyor, sürekli odaklanmaya çalışıyor."
LZ-01766,2026-05-06 13:13:07,support_ticket,U-02473,,"Selam, E-posta adresim ayse.k@example.com. Yüklenen tutar eksik görünüyor, 50 TL eksik. İyi çalışmalar, Ayşe"
LZ-01760,2026-05-06 13:14:31,app_store,U-01172,1.0,QR kodu okutunca ödeme ekranında takılı kalıyor. Dönüşünüzü bekliyorum.
LZ-01762,2026-05-06 13:38:21,support_ticket,U-01345,,QR kodu okutunca ödeme ekranında takılı kalıyor. Rezalet.
LZ-01773,2026-05-06 14:44:09,support_ticket,U-01137,,"Selam, E-posta adresim mehmet.y@example.com. Akıllı saatle ödeme yapabilmek harika olurdu. Değerlendirirseniz sevinirim. Saygılarımla, Mehmet"
LZ-01777,2026-05-06 15:21:59,app_store,U-00641,5.0,Arayüz sade ve anlaşılır. Ayrıca Apple Pay'e eklenebilse telefonu açmadan ödeme yapardım. Emeği geçenlere teşekkürler!
LZ-01772,2026-05-06 15:58:30,support_ticket,U-01617,,"İyi günler, Karanlık mod seçeneği yok mu? Teşekkürler. Saygılarımla, Zeynep"
LZ-01764,2026-05-06 16:28:33,survey,U-00883,6.0,Ödeme onaylandı diyor ama restoranın cihazına düşmüyor.
LZ-01775,2026-05-06 16:49:51,support_ticket,U-00701,,"İyi günler, Bakiyenin son kullanma tarihi olduğunu kimse söylemedi. - Elif"
LZ-01768,2026-05-06 18:35:15,app_store,U-02067,4.0,restoran ağı genişlerse kartı çok daha fazla kullanırım. değerlendirirseniz sevinirim.
LZ-01769,2026-05-06 19:17:38,app_store,U-01376,1.0,Samsung telefonumda açılışta çöküyor. Rezalet.
LZ-01765,2026-05-06 20:32:15,app_store,U-00439,2.0,"Temassız ödeme bazen geçiyor bazen geçmiyor, güvenemiyorum. Rezalet."
LZ-01771,2026-05-06 21:23:17,support_ticket,U-01051,,"Selam, Her gün öğle yemeğinde kullanıyorum. Haritada kapanmış restoranlar hala görünüyor. Mağdur durumdayım. İyi çalışmalar, Mert"
LZ-01776,2026-05-06 21:39:21,app_store,U-01065,4.0,"kart taşımaktan kurtuldum, harika bir uygulama. ayrıca kartı telefonun cüzdan uygulamasına eklemek istiyorum."
LZ-01770,2026-05-06 22:26:50,survey,U-01158,1.0,Haritada kapanmış restoranlar hala görünüyor.
LZ-01780,2026-05-07 08:05:12,support_ticket,U-01159,,"Selam, E-posta adresim ayse.k@example.com. Yüklenen tutar eksik görünüyor, 120 TL eksik. Dönüşünüzü bekliyorum. Saygılarımla, Zeyenp"
LZ-01787,2026-05-07 09:33:27,app_store,U-01310,5.0,"Kart taşımaktan kurtuldum, harika bir uygulama. 5 yıldızı hak ediyor."
LZ-01781,2026-05-07 10:15:14,support_ticket,U-02381,,"İyi günler, Evimin ve iş yerimin yakınında kartın geçtiği restoran yok. Yol haritanızda var mı?"
LZ-01784,2026-05-07 12:09:53,support_ticket,U-01345,,"İyi günler, Her gün öğle yemeğinde kullanıyorum. Sistem temasına uyan bir koyu tema eklenmeli. Yol haritanızda var mı?"
LZ-01778,2026-05-07 12:41:14,app_store,U-01288,1.0,ksaada qr okutuyorum ama ödeme bir türlü geçmiyor. lütfen acilen çözün.
LZ-01788,2026-05-07 13:48:17,app_store,U-01723,5.0,"odeme saniyeler icinde bitiyor, cok memnunum."
LZ-01782,2026-05-07 14:26:34,support_ticket,U-02494,,"İyi günler, Telefon numaram 0500 000 45 67, beni arayabilirsiniz. Kahve zincirlerinde de geçerli olsa harika olur. Ayrıca uygulama çok yavaş açılıyor, kasada sırayı bekletiyorum. - Ceren"
LZ-01785,2026-05-07 14:57:39,survey,U-01904,7.0,Akıllı saatle ödeme yapabilmek harika olurdu.
LZ-01786,2026-05-07 18:26:15,app_store,U-00734,3.0,"Şikayet yazdım, üç gündür dönüş yapılmadı. Dönüşünüzü bekliyorum."
LZ-01783,2026-05-07 20:11:37,survey,U-01796,1.0,"Uygulama çok yavaş açılıyor, kasada sırayı belketiyorum."
LZ-01779,2026-05-07 21:36:46,app_store,U-00784,1.0,"Bu ay bakiyem geç yüklendi, iki gün yemek kartsız kaldım. Çok sinir bozucu."
LZ-01789,2026-05-08 10:05:00,app_store,U-01734,2.0,"telefonu pos ciahzına yaklaştırıyorum, ödeme ekranı açılmıyor. mağdur durumdayım."
LZ-01796,2026-05-08 11:12:36,app_store,U-00460,5.0,Akilli saatle odeme yapabilmek harika olurdu. Degerlendirirseniz sevinirim.
LZ-01797,2026-05-08 13:02:00,support_ticket,U-00231,,"Selam, Her gün öğle yemeğinde kullanıyorum. Canlı destek hiç cevap vermiyor. Rezalet. - Zeynep"
LZ-01794,2026-05-08 13:57:13,support_ticket,U-00769,,"Selam, E-posta adresim zeynep.a@example.com. Yakınımdaki restoranları listelemiyor, konumumu bulamıyor. Saygılarımla, Mert"
LZ-01792,2026-05-08 14:28:23,survey,U-00383,5.0,Bakiye ekranı açılana kadar kasadaki herkes bekliyor.
LZ-01790,2026-05-08 14:57:26,app_store,U-01353,1.0,Bakiye yüklendi bildirimi geldi ama uygulamada eski bakiye duruyor. Ayrıca market alışverişinde de kullanılbailse çok iyi olur. Dönüşünüzü bekliyorum.
LZ-01795,2026-05-08 18:48:26,app_store,U-02482,4.0,Apple Pay'e eklenebilse telefonu açmadan ödeme yapardım. Değerlendirirseniz sevinirim.
LZ-01791,2026-05-08 20:16:04,support_ticket,U-00887,,"Merhabalar, Şirketimiz geçen ay bu karta geçti. Uygulama sürekli donuyor, kapatıp açmam gerekiyor. Teşekkürler, Burak"
LZ-01793,2026-05-08 21:11:03,support_ticket,U-00189,,"İyi günler, Yaklaşık 12 aydır kullanıcınızım. Smasung telefonumda açılışta çöküyor. Saygılarımla, Burak"
LZ-01799,2026-05-09 12:45:22,support_ticket,U-02414,,"E-posta adresim zeynep.a@example.com. QR ödemesi iki kere çekildi, baikyemden iki kez düştü. İyi çalışmalar, Burak"
LZ-01805,2026-05-09 13:05:33,app_store,U-02446,2.0,haritada restoranlar yanlis konumda gosteriliyor. lutfen acilen cozun.
LZ-01804,2026-05-09 14:29:20,app_store,U-00704,2.0,"Uygulama sürekli donuyor, kapatıp açmam gerekiyor."
LZ-01800,2026-05-09 15:54:00,app_store,U-01416,1.0,"Telefonu POS cihazına yaklaştırıyorum, ödeme ekranı açılmıyor. Ayrıca evimin ve iş yerimin yakınında kartın geçtiği restoran yok."
LZ-01807,2026-05-09 15:58:57,app_store,U-00803,3.0,Akilli saatle odeme yapabilmek harika olurdu. Tesekkurler.
LZ-01808,2026-05-09 16:04:54,support_ticket,U-01924,,"İyi günler, E-posta adresim mehmet.y@example.com. Bakiye takibi çok kolay, teşekkürler. 5 yıldızı hak ediyor."
LZ-01798,2026-05-09 16:43:52,app_store,U-00469,1.0,kasada qr okuutyorum ama odeme bir turlu gecmiyor. rezalet.
LZ-01806,2026-05-09 17:13:53,app_store,U-00127,1.0,Restoranlarin calisma saatleri yanlis yaziyor. Rezalet.
LZ-01801,2026-05-09 18:29:20,support_ticket,U-01113,,"Merhaba, Temassız ödeme bazen geçiyor bzaen geçmiyor, güvenemiyorum. Rezalet. - Mehmet"
LZ-01803,2026-05-09 20:53:21,support_ticket,U-01148,,"Merhaba, E-posta adresim ayse.k@example.com. Şirketim yükleme yaptığını söylüyor ama bakiyem sıfır görünüyor. Dönüşünüzü bekliyorum. - Burak"
LZ-01802,2026-05-09 22:46:07,app_store,U-01384,1.0,NFC ile ödeme yapmak istiyorum ama telefonu yaklaştırınca hiçbir şey olmuyor. Ayrıca haritada kapanmış restoranlar hala görünüyor. Lütfen acilen çözün.
LZ-01809,2026-05-10 08:21:20,app_store,U-02471,1.0,Kasada QR okutuyorum ama odeme bir turlu gecmiyor.
LZ-01812,2026-05-10 09:25:50,support_ticket,U-01792,,"İyi günler, Her gün öğle yemeğinde kullanıyorum. Yemek siparişi uygulamalarında da kullanılabilse harika olur. Değerlendirirseniz sevinirim. Teşekkürler, Ceren"
LZ-01813,2026-05-10 12:49:05,app_store,U-02185,3.0,Giris yaparken surekli oturum sureniz doldu hatasi aliyorum. Cok sinir bozucu.
LZ-01811,2026-05-10 15:23:00,support_ticket,U-01872,,"İyi günler, Yaklaşık 12 aydır kullanıcınızım. Telefonu POS cihazına ykalaştırıyorum, ödeme ekranı açılmıyor. İyi çalışmalar, Ceren"
LZ-01810,2026-05-10 19:56:23,app_store,U-00560,1.0,qr okuttuktan sonra uygulama beyaz ekranda kalıyor. çok sinir bozucu.
LZ-01815,2026-05-10 20:22:45,app_store,U-02183,2.0,"Yakınımdaki restoranları listelemiyor, konumumu bulamıyor. Lütfen acilen çözün."
LZ-01814,2026-05-10 20:43:28,app_store,U-00510,2.0,"Uygulama surekli donuyor, kapatip acmam gerekiyor. Lutfen acilen cozun."
LZ-01816,2026-05-10 22:09:15,survey,U-01191,9.0,"Odeme saniyeler icinde bitiyor, cok memnunum."
LZ-01819,2026-05-11 08:46:33,support_ticket,U-01769,,"Selam, Şirketimiz geçen ay bu karta geçti. QR ile ödeme yeni güncellemeden beri çalışmıyor, kasada rezil oldum. Rezalet."
LZ-01828,2026-05-11 09:06:28,app_store,U-02424,2.0,bakiye ekranı açılana kadar kasadaki herkes bekliyor. rezalet.
LZ-01827,2026-05-11 09:55:41,survey,U-01825,4.0,"Uygulama sürekli donuyor, kapatıp açmam gerekiyor. Ayrıca maaş günü geldi ama yemek bakiyem hala yüklenmedi."
LZ-01833,2026-05-11 10:58:43,app_store,U-00202,5.0,kullanımı çok basit ve hızlı.
LZ-01817,2026-05-11 11:44:34,survey,U-02465,5.0,Ödeme onaylandı diyor ama restoranın cihazına düşmüyor.
LZ-01824,2026-05-11 12:31:28,support_ticket,U-00797,,"Selam, Anlaşmalı restoran sayısı çok az, Konak tarafında neredeyse hiç yer yok. Değerlendirirseniz sevinirim. - Mehmet"
LZ-01820,2026-05-11 12:52:49,support_ticket,U-00121,,"Selam, QR okuttuktan sonra uygulama beyaz ekranda kalıyor. Dönüşünüzü bekliyorum."
LZ-01822,2026-05-11 13:13:33,survey,U-00297,3.0,Maaş günü geldi ama yemek bakiyem hala yüklenmedi.
LZ-01830,2026-05-11 13:47:00,app_store,U-00055,5.0,"ödeme saniyeler içinde bitiyor, çok memnunum. emeği geçenlere teşekkürler!"
LZ-01818,2026-05-11 14:27:55,app_store,U-01245,1.0,QR kodu okutunca ödeme ekranında takılı kalıyor. Ayrıca evimin ve iş yerimin yakınında kartın geçtiği restoran yok. Dönüşünüzü bekliyorum.
LZ-01825,2026-05-11 15:19:04,support_ticket,U-02361,,"Merhaba, Uygulama çok fazla pil tüketiyor. Saygılarımla, Ece"
LZ-01821,2026-05-11 16:37:11,support_ticket,U-01527,,"Şirketimiz geçen ay bu karta geçti. Telefonu POS cihazına yaklaştırıyorum, ödeme ekranı açılmıyor. Teşekkürler, Burak"
LZ-01832,2026-05-11 18:33:33,app_store,U-00297,5.0,Kullanımı çok basit ve hızlı. 5 yıldızı hak ediyor.
LZ-01826,2026-05-11 19:33:33,app_store,U-01329,1.0,"uygulama sürekli donuyor, kapatıp açmam gerekiyor. dönüşünüzü bekliyorum."
LZ-01831,2026-05-11 21:08:10,support_ticket,U-02436,,"Merhaba, Bakiye takibi çok kolay, teşekkürler. Başarılar! - Elif"
LZ-01823,2026-05-11 21:30:16,app_store,U-00330,1.0,Lezzo bakiye yüklendi bildirimi geldi ama uygulamada eski bakiye duruyor. Çok sinir bozucu.
LZ-01829,2026-05-11 22:49:09,app_store,U-00178,2.0,Retsoranlarin calisma saatleri yanlis yaziyor. Rezalet.
LZ-01843,2026-05-12 08:00:21,survey,U-00910,6.0,Akıllı saatle ödeme yapabilmek harika olurdu.
LZ-01837,2026-05-12 08:58:30,app_store,U-00337,2.0,"Lezzo QR ile odeme bu hafta calismiyor, kasada rezil oldum. Magdur durumdayim."
LZ-01850,2026-05-12 09:05:12,app_store,U-02286,5.0,"Ödeme saniyeler içinde bitiyor, çok memnunum."
LZ-01846,2026-05-12 10:34:37,support_ticket,U-02464,,"Yaklaşık 6 aydır kullanıcınızım. Ay sonunda kalan bakiye yanıyor mu, bir sonraki aya devretmesi lazım. Saygılarımla, Mert"
LZ-01842,2026-05-12 10:52:03,app_store,U-01544,1.0,"Yakinimdaki restoranlari listelemiyor, konumumu bulamiyor."
LZ-01841,2026-05-12 11:19:27,support_ticket,U-00055,,"Yakınımdaki restoranları listelemiyor, konumumu bulamıyor. İyi çalışmalar, Elif"
LZ-01849,2026-05-12 11:46:33,app_store,U-01515,4.0,"Kart tasimaktan kurtuldum, harika bir uygulama."
LZ-01839,2026-05-12 12:39:23,app_store,U-02271,1.0,"Dogrulama kodu cok gec geliyor, geldiginde de suresi dolmus oluyor. Lutfen acilen cozun."
LZ-01845,2026-05-12 12:57:32,app_store,U-00446,2.0,Bakiyenin son kullanma tarihi oldugunu kimse soylemedi. Rezalet.
LZ-01847,2026-05-12 15:39:00,app_store,U-02216,5.0,Yemek kartı uygulamaları arasında en iyisi. Ayrıca kartı telefonun cüzdan uygulamasına eklemek istiyorum. Emeği geçenlere teşekkürler!
LZ-01836,2026-05-12 17:08:05,support_ticket,U-01517,,"Selam, QR kodu okutunca ödeme ekranında takılı kalıyor. Saygılarımla, Ece"
LZ-01838,2026-05-12 17:47:20,app_store,U-01747,1.0,Bakiye yüklendi bildirimi geldi ama uygulamada eski bakiye duruyor. Çok sinir bozucu.
LZ-01835,2026-05-12 17:47:51,app_store,U-00667,2.0,"Kamera QR kodu okumuyor, surekli odaklanmaya calisiyor. Rezalet."
LZ-01848,2026-05-12 18:06:02,survey,U-00662,9.0,"Odeme saniyeler icinde bitiyor, cok memnunum."
LZ-01840,2026-05-12 18:14:55,app_store,U-01539,3.0,xiaomi telefonumda acilista cokuyor. lutfen acilen cozun.
LZ-01844,2026-05-12 20:04:44,support_ticket,U-00667,,"Selam, Şirketimiz geçen ay bu karta geçti. Ay sonunda kalan bakiye yanıyor mu, bir sonraki aya devretmesi lazım. Mağdur durumdayım. Saygılarımla, Ece"
LZ-01834,2026-05-12 20:27:22,support_ticket,U-00922,,"Telefon numaram 0500 000 89 01, beni arayabilirsiniz. Ödeme onaylandı diyor ama restoranın cihazına düşmüyor."
LZ-01860,2026-05-13 08:18:24,support_ticket,U-02253,,"Merhaba, Telefon numaram 0500 000 89 01, beni arayabilirsiniz. Bakiyenin son klulanma tarihi olduğunu kimse söylemedi. - Burak"
LZ-01861,2026-05-13 08:50:19,support_ticket,U-00978,,"Merhabalar, Telefon numaram 0500 000 89 01, beni arayabilirsiniz. Canlı destek hiç cevap vermiyor."
LZ-01852,2026-05-13 11:38:35,support_ticket,U-00709,,"İyi günler, Telefon numaram 0500 000 12 34, beni arayabilirsiniz. Ödeme onaylandı diyor ama restoranın cihazına düşmüyor. Rezalet."
LZ-01851,2026-05-13 12:26:43,app_store,U-00428,2.0,"lezzo kamera qr kodu okumuyor, sürekli odaklanmaya çalışıyor."
LZ-01859,2026-05-13 13:26:56,app_store,U-00303,1.0,"kullanmadığım bakiye sonraki aya aktarılmıyor, bu çok haksız. dönüşünüzü bekliyorum."
LZ-01854,2026-05-13 13:28:07,app_store,U-02204,1.0,Ana sayfanın yüklenmesi yarım dakika sürüyor. Dönüşünüzü bekliyorum.
LZ-01862,2026-05-13 13:50:59,survey,U-02353,4.0,Restoran odemeyi iptal etti ama para geri gelmedi.
LZ-01864,2026-05-13 14:00:38,app_store,U-01001,5.0,"Bakiye takibi cok kolay, tesekkurler. Basarilar!"
LZ-01853,2026-05-13 14:34:41,app_store,U-02311,5.0,"anlasmali restoran sayisi cok az, bornova tarafinda neredeyse hic yer yok."
LZ-01855,2026-05-13 14:49:27,app_store,U-01435,3.0,Ana sayfanın yüklenmesi yarım dakika sürüyor. Çok sinir bozucu.
LZ-01857,2026-05-13 17:00:50,support_ticket,U-00418,,"Merhabaalr, Şirketimiz geçen ay bu karta geçti. Gece kullanırken beyaz ekran göz yoruyor, karanlık tema lütfen."
LZ-01865,2026-05-13 17:31:34,app_store,U-01317,5.0,"lezzo ödeme saniyeler içinde bitiyor, çok memnunum. emeği geçenlere teşekkürler!"
LZ-01863,2026-05-13 19:27:52,app_store,U-01210,5.0,"Bakiye takibi çok kolay, teşekkürler. Başarılar!"
LZ-01858,2026-05-13 20:23:54,support_ticket,U-02482,,"Merhabalar, Kartı telefonun cüzdan uygulamasına eklemek istiyorum. Değerlendirirseniz sevinirim. - Elif"
LZ-01856,2026-05-13 21:59:43,support_ticket,U-00636,,"Şirketimiz geçen ay bu karta geçti. Haritada kapanmış restoranlar hala görünüyor. Ayrıca canlı destek hiç cevap vermiyor. İyi çalışmalar, Mert"
LZ-01882,2026-05-14 08:28:16,app_store,U-01400,4.0,yemek kartı uygulamaları arasında en iyisi. ayrıca giriş yaparken sürekli oturum süreniz doldu hatası alıyorum. başarılar!
LZ-01874,2026-05-14 08:53:19,survey,U-00499,2.0,Haritada restoranlar yanlis konumda gosteriliyor.
LZ-01871,2026-05-14 12:01:46,app_store,U-00865,1.0,"Lezzo temassız ödeme bazen geçiyor bazen geçmiyor, güvenemiyorum. Çok sinir bozucu."
LZ-01880,2026-05-14 12:10:13,app_store,U-00881,5.0,Yemek karti uygulamalari arasinda en iyisi. 5 yildizi hak ediyor.
LZ-01875,2026-05-14 13:53:48,app_store,U-00722,3.0,Karanlik mod secenegi yok mu?
LZ-01881,2026-05-14 14:48:34,survey,U-01836,8.0,Arayüz sade ve anlaşılır.
LZ-01879,2026-05-14 15:11:48,survey,U-00802,8.0,Yemek kartı uygualmaları arasında en iyisi.
LZ-01872,2026-05-14 15:31:17,app_store,U-02323,2.0,Sirketim yukleme yaptigini soyluyor ama bakiyem sifir gorunuyor.
LZ-01866,2026-05-14 16:16:10,support_ticket,U-02459,,"İyi günler, Ödeme onaylandı diyor ama restoranın cihazına düşmüyor."
LZ-01876,2026-05-14 16:17:45,app_store,U-01461,4.0,lezzo akilli saatle odeme yapabilmek harika olurdu. tesekkurler.
LZ-01878,2026-05-14 16:49:23,app_store,U-01527,1.0,kalan bakiyemi bir iş arkadaşıma transfer edemiyorum. lütfen acilen çözün.
LZ-01867,2026-05-14 17:12:43,app_store,U-00660,2.0,"qr odemesi iki kere cekildi, bakiyemden iki kez dustu."
LZ-01869,2026-05-14 17:29:06,app_store,U-00058,1.0,Temassız ödeme Oppo telefonumda çalışmıyor. Dönüşünüzü bekliyorum.
LZ-01870,2026-05-14 20:33:04,app_store,U-01665,2.0,"Temassız ödeme bazen geçiyor bazen geçmiyor, güvenemiyorum. Ayrıca şirketim yükleme yaptığını söylüyor ama bakiyem sıfır görünüyor. Mağdur durumdayım."
LZ-01868,2026-05-14 21:25:46,survey,U-01951,5.0,QR kodu okutunca odeme erkaninda takili kaliyor.
LZ-01873,2026-05-14 21:44:20,survey,U-00148,4.0,Şirketim yükleme yaptığını söylüyor ama bakiyem sıfır görünüyor.
LZ-01877,2026-05-14 22:00:37,app_store,U-01964,2.0,"Kullanmadığım bakiye sonraki aya aktarılmıyor, bu çok haksız. Çok sinir bozucu."
LZ-01892,2026-05-15 08:20:04,app_store,U-00528,2.0,"ıade sureci cok uzun, bir haftadir bekliyorum."
LZ-01890,2026-05-15 09:49:10,app_store,U-00075,2.0,Lezzo uygulamada destek talebi olusturma secenegi bulamadim.
LZ-01886,2026-05-15 10:13:06,app_store,U-02256,2.0,Restoranların çalışma saatleri yanlış yazıyor. Lütfen acilen çözün.
LZ-01891,2026-05-15 11:59:23,survey,U-01367,2.0,Uygulamada destek talebi olusturma secenegi bulamadim.
LZ-01894,2026-05-15 15:44:31,app_store,U-01878,5.0,Kullanımı çok bsait ve hızlı. Başarılar!
LZ-01884,2026-05-15 17:02:43,app_store,U-02387,5.0,evimin ve iş yerimin yakınında kartın geçtiği restroan yok.
LZ-01885,2026-05-15 17:03:20,support_ticket,U-00983,,"Merhaba, Şirketimiz geçen ay bu karta geçti. Restoranların çalışma saatleri yanlış yazıyor. Dönüşünüzü bekliyorum. Teşekkürler, Can"
LZ-01889,2026-05-15 17:12:24,support_ticket,U-00486,,"Merhaba, E-posta adresim mehmet.y@example.com. Uygulamada destek talebi oluşturma seçeneği bulamadım. Rezalet."
LZ-01883,2026-05-15 18:32:02,app_store,U-01077,2.0,"Kamera QR kodu okumuyor, sürekli odaklanmaya çalışıyor. Çok sinir bozucu."
LZ-01895,2026-05-15 19:28:33,app_store,U-01255,5.0,Arayüz sade ve anlaşılır. 5 yıldızı hak edyior.
LZ-01893,2026-05-15 19:47:56,survey,U-02402,10.0,Kullanimi cok basit ve hizli.
LZ-01896,2026-05-15 21:07:41,survey,U-01977,8.0,"Odeme saniyeler icinde bitioyr, cok memnunum."
LZ-01887,2026-05-15 21:38:07,app_store,U-00366,3.0,Lezzo karanlik mod eklenirse cok iyi olur.
LZ-01888,2026-05-15 21:52:56,app_store,U-00231,4.0,"Lezzo gece kullanirken beyaz ekran goz yoruyor, karanlik tema lutfen. Ayrica ana sayfanin yuklenmesi yarim dakika suruyor."
LZ-01904,2026-05-16 09:12:29,survey,U-00656,6.0,"Sevdigim kafeler anlasmali degil, lutfen daha fazla restoran ekleyin."
LZ-01907,2026-05-16 10:41:09,support_ticket,U-01855,,"SMS doğrulama kodu gelmiyor, uygulamaya giremiyorum. Lütfen acilen çözün. Teşekkürler, Zenyep"
LZ-01903,2026-05-16 11:36:58,app_store,U-00355,5.0,Yemek siparişi uygulamalarında da kullanılabilse harika olur. Değerlendirirseniz sevinirim.
LZ-01901,2026-05-16 13:25:54,app_store,U-00844,3.0,"bu ay bakiyem geç yüklendi, iki gün yemek kartsız kaldım."
LZ-01902,2026-05-16 14:04:58,app_store,U-00004,1.0,şirketim yükleme yaptığını söylüyor ama bakiyem sıfır görünüyor. ayrıca her açılışta tekrar tekrar sms kodu istiyor. çok sinir bozucu.
LZ-01898,2026-05-16 15:05:21,app_store,U-00940,1.0,Kasada QR okutuyorum ama ödeme bir türlü geçmiyor. Çok sinir bozucu.
LZ-01905,2026-05-16 17:40:59,support_ticket,U-01954,,"Merhaba, Telefon numaram 0500 000 12 34, beni arayabilirsiniz. Sevdiğim kafeler anlaşmalı değil, lütfen daha fazla restoran ekleyin. Değerlendirirseniz sevinirim. Saygılarımla, Burak"
LZ-01912,2026-05-16 17:47:18,app_store,U-00445,4.0,Lezzo sistem temasına uyan bir koyu tema eklenmeli.
LZ-01900,2026-05-16 18:44:03,support_ticket,U-01886,,"Selam, E-posta adresim zeynep.a@example.com. Bakiye yüklendi bildirimi geldi ama uygulamada eski bakiye duruyor. Ayrıca QR kodu okutunca ödeme ekranında takılı kalıyor. Lütfen acilen çözün. İyi çalışmalar, Elif"
LZ-01911,2026-05-16 19:19:52,survey,U-00165,4.0,Restoran ararken filtreler calismiyor.
LZ-01899,2026-05-16 20:36:55,app_store,U-00174,3.0,qr okuttuktan sonra uygulama beyaz ekranda kaliyor. magdur durumdayim.
LZ-01910,2026-05-16 20:38:38,app_store,U-02079,3.0,Haritada restoranlar yanlis konumda gosteriliyor. Cok sinir bozucu.
LZ-01908,2026-05-16 20:56:27,app_store,U-01145,1.0,lezzo bakiye ekranı açılana kadar kasadaki herkes bekliyor. dönüşünüzü bekliyorum.
LZ-01897,2026-05-16 21:01:18,support_ticket,U-02428,,"Selam, Telefon numaram 0500 000 12 34, beni arayabilirsiniz. QR okuttuktan sonra uygulama beyaz ekranda kalıyor. Çok sinir bozucu."
LZ-01909,2026-05-16 21:40:11,app_store,U-01717,2.0,Samsung telefonumda açılışta çöküyor. Lütfen acilen çözün.
LZ-01913,2026-05-16 22:07:00,app_store,U-02377,5.0,arayüz sade ve anlaşılır. 5 yıldızı hak ediyor.
LZ-01906,2026-05-16 22:16:11,survey,U-01747,5.0,Kahve zincirlerinde de geçerli olsa harkia olur.
LZ-01914,2026-05-17 11:03:57,app_store,U-01956,1.0,Lezzo ödeme onaylandı diyor ama restoranın cihazına düşmüyor. Ayrıca yemek siparişi uygulamalarında da kullanılabilse harika olur. Çok sinir bozucu.
LZ-01918,2026-05-17 11:06:23,app_store,U-01163,4.0,arayüz sade ve anlaşılır. başarılar!
LZ-01916,2026-05-17 11:48:10,support_ticket,U-01923,,"Merhabalar, Telefon numaram 0500 000 89 01, beni arayabilirsiniz. Akıllı saatle ödeme yapabilmek harika olurdu."
LZ-01917,2026-05-17 17:21:15,app_store,U-00865,1.0,bakiyenin son kullanma tarihi oldugunu kimse soylemedi. cok sinir bozucu.
LZ-01915,2026-05-17 19:00:04,support_ticket,U-01882,,"Merhaba, Telefon numaram 0500 000 45 67, beni arayabilirsiniz. NFC ile ödeme yapmak istiyorum ama telefonu yaklaştırınca hiçbir şey olmuyor."
LZ-01926,2026-05-18 09:10:40,survey,U-01362,1.0,Ana sayfanin yuklenmesi yarim dakkia suruyor.
LZ-01925,2026-05-18 10:05:27,app_store,U-01212,1.0,Eski Android telfeonumda açılışta çöküyor.
LZ-01929,2026-05-18 10:57:39,survey,U-01069,5.0,"Uygulama çok yavaş açılıyor, kasada sırayı bekletiyorum."
LZ-01930,2026-05-18 11:08:17,support_ticket,U-01914,,"Merhaba, Karnalık mod seçeneği yok mu? Teşekkürler. İyi çalışmalar, Elif"
LZ-01931,2026-05-18 11:35:29,app_store,U-01777,5.0,Karanlik mod secenegi yok mu? Yol haritanizda var mi?
LZ-01920,2026-05-18 12:50:04,app_store,U-01342,2.0,şirketim yükleme yaptığını söylüyor ama bakiyem sıfır görünüyor. ayrıca temassız ödeme huawei telefonumda çalışmıyor.
LZ-01923,2026-05-18 13:39:24,app_store,U-00876,5.0,market alışverişinde de kullanılabilse çok iyi olur. teşekkürler.
LZ-01924,2026-05-18 14:52:17,app_store,U-00268,4.0,Evimin ve iş yerimin yakınında kartın geçtiği restoran yok. Teşekkürler.
LZ-01919,2026-05-18 17:38:58,support_ticket,U-00471,,"Merhabalar, Telefon numaram 0500 000 45 67, beni arayabilirsiniz. QR kodu okutunca ödeme ekranında takılı kalıyor."
LZ-01928,2026-05-18 17:47:50,app_store,U-00111,2.0,Ana sayfanın yüklenmesi yarım dakika sürüyor. Mağdur durumdayım.
LZ-01933,2026-05-18 18:17:49,app_store,U-00257,5.0,"kart taşımaktan kurtuldum, harika bir uygulama. 5 yıldızı hak ediyor."
LZ-01927,2026-05-18 18:38:53,app_store,U-01239,1.0,Ana sayfanin yuklenmesi yarim dakika suruyor. Magdur durmudayim.
LZ-01932,2026-05-18 19:27:45,support_ticket,U-01854,,"Selam, Yaklaşık 6 aydır kullanıcınızım. Kalan bakiyemi bir iş arkadaşıma transfer edemiyorum. Mağdur durumdayım."
LZ-01922,2026-05-18 20:51:26,support_ticket,U-01835,,"Merhaba, Yaklaşık 8 aydır kullanıcınızım. Anlaşmalı restoran sayısı çok az, Çankaya tarafında neredeyse hiç yer yok. Teşekkürler. İyi çalışmalar, Burak"
LZ-01921,2026-05-18 21:40:20,app_store,U-00068,1.0,"Yuklenen tutar eksik gorunuyor, 250 TL eksik. Donusunuzu bekliyorum."
LZ-01940,2026-05-19 08:17:29,app_store,U-01194,2.0,"Uygulama çok fazla pil tüketiyor. Ayrıca gece kullanırken beyaz ekran göz yoruyor, karanlık tema lütfen. Mağdur durumdayım."
LZ-01939,2026-05-19 08:51:55,survey,U-00982,5.0,Ana sayfanın yüklenmesi yarım dakika sürüyor. Ayrıca karanlık mod seçeneği yok mu?.
LZ-01947,2026-05-19 09:14:14,support_ticket,U-00496,,"Selam, Müşteri hizmetlerine ulaşmak imkansız, çağrı merkezi yarım saat bekletiyor. Lütfen acilen çözün. Teşekkürler, Emre"
LZ-01935,2026-05-19 09:19:25,app_store,U-00421,2.0,"Lezzo QR ile ödeme dünden beri çalışmıyor, kasada rezil oldum. Mağdur durmudayım."
LZ-01949,2026-05-19 12:16:22,support_ticket,U-00301,,"İyi günler, Yaklaşık 18 aydır kullanıcınızım. İptal edilen siparişin iadesi hala bakiyeme yansımadı. Rezalet."
LZ-01942,2026-05-19 13:11:51,support_ticket,U-01118,,"Merhabalar, Karanlık mod seçeneği yok mu? İyi çalışmalar, Ceren"
LZ-01943,2026-05-19 13:16:15,app_store,U-01244,4.0,"Sistem temasina uyan bir koyu tema eklenmeli. Ayrica iade sureci cok uzun, bir haftadir bekliyorum. Tesekkurler."
LZ-01945,2026-05-19 15:35:57,app_store,U-02359,1.0,kalan bakiyemi bir iş arkadaşıma transfer edemiyorum.
LZ-01946,2026-05-19 15:48:09,survey,U-00311,4.0,Uygulamada destek talebi oluşturma seçeneği bulamadım. Ayrıca Apple Pay'e eklenebilse telefonu açmadan ödeme yapardım.
LZ-01944,2026-05-19 16:53:01,app_store,U-02216,3.0,Akilli saatle odeme yapabilmek harika olurdu. Ayrica kasada QR okutuyorum ama odeme bir turlu gecmiyor. Degerlendirirseniz sevinirim.
LZ-01936,2026-05-19 18:01:52,app_store,U-02216,2.0,"Telefonu POS cihazına yaklaştırıyorum, ödeme ekranı açılmıyor. Rezalet."
LZ-01937,2026-05-19 19:38:10,app_store,U-00591,1.0,"telefonu pos cihazına yaklaştırıyorum, ödeme ekranı açılmıyor."
LZ-01948,2026-05-19 20:05:09,app_store,U-02031,1.0,"iade süreci çok uzun, bir haftadır bekilyorum. dönüşünüzü bekliyorum."
LZ-01934,2026-05-19 20:22:34,app_store,U-01513,1.0,Lezzo kasada QR okutuyorum ama odeme bir turlu gecmiyor. Donusunuzu bekliyorum.
LZ-01941,2026-05-19 20:56:52,app_store,U-02354,1.0,Samsung telefonumda açılışta çöküyor. Ayrıca karanlık mod eklenirse çok iyi olur. Çok sinir bozucu.
LZ-01938,2026-05-19 21:22:58,app_store,U-00095,4.0,kahve zincirlerinde de gecerli olsa harika olur.
LZ-01962,2026-05-20 08:36:42,support_ticket,U-00174,,"İyi günler, Yaklaşık 18 aydır kullanıcınızım. Google Pay entegrasyonu olsa çok pratik olur. Ayrıca temassız ödeme eski Android telefonumda çalışmıyor. İyi çalışmalar, Mert"
LZ-01955,2026-05-20 10:29:56,support_ticket,U-00805,,"Sevdiğim kafeler anlaşmalı değil, lütfen daha fazla restoran ekleyin. Teşekkürler. - Ece"
LZ-01954,2026-05-20 12:27:32,app_store,U-02296,1.0,"Bu ay bakiyem geç yüklendi, iki gün yemek kartsız kaldım."
LZ-01952,2026-05-20 12:37:53,app_store,U-00705,2.0,"Kamera QR kodu okumuyor, surekli odaklanmaya calisiyor."
LZ-01950,2026-05-20 13:36:00,app_store,U-01621,1.0,Ödeme onaylandı diyor ama restoranın cihazına düşmüyor.
LZ-01964,2026-05-20 13:38:51,app_store,U-00184,5.0,"Ödeme saniyeler içinde btiiyor, çok memnunum."
LZ-01961,2026-05-20 13:42:56,support_ticket,U-00145,,"İyi günler, Apple Pay'e eklenebilse telefonu açmadan ödeme yapardım. Teşekkürler. Teşekkürler, Zeynep"
LZ-01960,2026-05-20 13:51:29,app_store,U-01893,4.0,"Gece kullanırken beyaz ekran göz yoruyor, karanlık tema lütfen. Ayrıca uygulama çok yavaş açılıyor, kasada sırayı bekletiyorum. Yol haritanızda var mı?"
LZ-01963,2026-05-20 14:44:57,support_ticket,U-02496,,"Selam, Yaklaşık 3 aydır kullanıcınızım. Apple Pay'e eklenebilse telefonu açmadan ödeme yapardım. Yol haritanızda var mı? İyi çalışmalar, Selin"
LZ-01965,2026-05-20 15:49:27,survey,U-01101,8.0,"Kart tasimaktan kurtuldum, harika bir uygulama."
LZ-01959,2026-05-20 16:57:01,support_ticket,U-01956,,"Merhaba, Her gün öğle yemeğinde kullanıyorum. Yakınımdaki restoranları listelemiyor, konumumu bulamıyor. Rezalet. - Ece"
LZ-01957,2026-05-20 19:43:11,app_store,U-02206,1.0,Lezzo restoran ararken filtreler calismiyor. Lutfen acilen cozun.
LZ-01958,2026-05-20 20:32:28,app_store,U-01678,1.0,"Haritada restoranlar yanlış konumda gösteriliyor. Ayrıca QR ödemesi iki kere çekildi, bakiyemden iki kez düştü. Mağdur durumdayım."
LZ-01951,2026-05-20 20:38:33,app_store,U-01150,3.0,Ödeme onaylandı diyor ama restoranın cihazına düşmüyor. Mağdur durumdayım.
LZ-01953,2026-05-20 21:56:50,survey,U-01294,5.0,Şirketim yükleme yaptığını söylüyor ama bakiyem sıfır görünüyor.
LZ-01956,2026-05-20 22:37:30,app_store,U-01155,1.0,Bakiye ekranı açılana kadar kasadaki herkes bekliyor. Lütfen acilen çözün.
LZ-01971,2026-05-21 11:21:57,app_store,U-02204,1.0,"Yakinimdaki restoranlari listelemiyor, konumumu bulamiyor. Cok sinir bozucu."
LZ-01966,2026-05-21 14:09:40,app_store,U-02324,2.0,Kasada QR okutuyorum ama ödeme bir türlü geçmiyor. Dönüşünüzü bekliyorum.
LZ-01977,2026-05-21 14:11:00,app_store,U-02306,3.0,Google Pay entegrasyonu olsa çok praitk olur.
LZ-01975,2026-05-21 15:32:51,app_store,U-00465,4.0,akıllı saatle ödeme yapabilmek harika olurdu.
LZ-01979,2026-05-21 16:21:15,survey,U-00139,9.0,Arayüz sade ve anlaşılır. Ayrıca Google Pay entegrasyonu olsa çok pratik olur.
LZ-01969,2026-05-21 16:39:29,app_store,U-00728,4.0,Restoran ağı genişlesre kartı çok daha fazla kullanırım. Teşekkürler.
LZ-01970,2026-05-21 16:54:53,app_store,U-00831,4.0,Kahve zincirlerinde de gecerli olsa harika olur. Ayrica restoranlarin calisma saatleri yanlis yaziyor. Yol haritanizda var mi?
LZ-01972,2026-05-21 17:08:04,support_ticket,U-02093,,"Merhabalar, Haritada restoranlar yanlış konumda gösteriliyor. Teşekkürler, Zeynep"
LZ-01967,2026-05-21 18:21:23,support_ticket,U-00643,,"Merhabalar, Bakiye yüklendi bildirimi geldi ama uygulamada eski bakiye duruyor. Mağdur durumdayım. Teşekkürler, Deniz"
LZ-01980,2026-05-21 19:42:41,survey,U-02233,10.0,Kullanımı çok basit ve hızlı.
LZ-01968,2026-05-21 19:52:23,app_store,U-00850,3.0,"Bu ay bakiyem geç yüklendi, iki gün yemek kartsız kaldım. Rezalet."
LZ-01976,2026-05-21 21:04:01,survey,U-01855,6.0,Kartı telefonun cüzdan uygulamasına eklemek istiyorum.
LZ-01974,2026-05-21 21:36:00,app_store,U-01953,4.0,Karanlık mod eklenirse çok iyi olur.
LZ-01973,2026-05-21 22:08:45,app_store,U-00382,1.0,Haritada restoranlar yanlış konumda gösteriliyor.
LZ-01978,2026-05-21 22:20:32,support_ticket,U-02417,,"İyi günler, Her gün öğle yemeğinde kullanıyorum. Kartı telefonun cüzdan uygulamasına eklemek istiyorum. Değerlendirirseniz sevinirim. Saygılarımla, Deniz"
LZ-02000,2026-05-22 08:24:40,survey,U-01155,9.0,Arayuz sade ve anlasilir.
LZ-01990,2026-05-22 09:27:55,app_store,U-00174,2.0,Uygulama çok fazla pil tüketiyor. Dönüşünüzü bekliyorum.
LZ-01994,2026-05-22 09:33:59,app_store,U-00382,5.0,Apple Pay'e eklenebilse telefonu açmadan ödeme yapardım. Yol haritanızda var mı?
LZ-01984,2026-05-22 11:32:45,support_ticket,U-01546,,"Merhaba, Şirketimiz geçen ay bu karta geçti. NFC ile ödeme yapmak istiyorum ama telefonu yaklaştırınca hiçbir şey olmuyor."
LZ-01988,2026-05-22 11:37:25,support_ticket,U-00776,,"Merhabalar, Restoran ağı genişlerse kartı çok daha fazla klulanırım. Teşekkürler, Ayşe"
LZ-01989,2026-05-22 12:36:26,support_ticket,U-00745,,"Merhaba, E-posta adresim ayse.k@example.com. SMS doğrulama kodu gelmiyor, uygulamaya giremiyorum."
LZ-01985,2026-05-22 13:10:43,support_ticket,U-01341,,"Selam, Yüklenen tutar eksik görünüyor, 400 TL eksik. Rezalet."
LZ-01982,2026-05-22 13:44:46,app_store,U-00737,1.0,"QR ile ödeme iki gündür çalışmıyor, kasada rezil oldum."
LZ-01993,2026-05-22 14:25:49,support_ticket,U-01990,,"Karanlık mod seçeneği yok mu? Değerlendirirseniz sevinirim. İyi çalışmalar, Deniz"
LZ-01983,2026-05-22 15:06:03,app_store,U-00919,1.0,temassız ödeme eski android telefonumda çalışmıyor. dönüşünüzü bekliyorum.
LZ-01981,2026-05-22 15:18:08,app_store,U-01178,1.0,QR kodu okutunca ödeme erkanında takılı kalıyor.
LZ-01991,2026-05-22 17:00:03,support_ticket,U-02473,,"Her gün öğle yemeğinde kullanıyorum. Yakınımdaki restoranları listelemiyor, konumumu bulamıyor. Ayrıca evimin ve iş yerimin yakınında kartın geçtiği restoran yok. Rezalet. - Emre"
LZ-01996,2026-05-22 17:19:39,app_store,U-02493,3.0,"Kullanmadigim bakiye sonrkai aya aktarilmiyor, bu cok haksiz."
LZ-01995,2026-05-22 17:26:50,app_store,U-01154,4.0,apple pay'e eklenebilse telefonu açmadan ödeme yapardım. teşekkürler.
LZ-01992,2026-05-22 17:41:00,survey,U-02059,7.0,Karanlik mod eklenirse cok iyi olur.
LZ-01987,2026-05-22 17:42:10,app_store,U-00935,4.0,"sevdigim kafeler anlasmali degil, lutfen daha fazla restoran ekleyin."
LZ-01998,2026-05-22 18:59:06,app_store,U-00229,2.0,canlı destek hiç cevap vermiyor.
LZ-01999,2026-05-22 19:10:13,app_store,U-01253,2.0,restoran odemeyi iptal etti ama para geri gelmedi. donusunuzu bekliyorum.
LZ-01986,2026-05-22 19:43:00,survey,U-02284,6.0,Maaş günü geldi ama yemek bakiyem hala yüklenmedi.
LZ-01997,2026-05-22 20:11:29,app_store,U-00606,1.0,Canlı destek hiç cevap vermiyor. Mağdur durumdayım.
LZ-02006,2026-05-23 08:15:45,app_store,U-00419,1.0,uygulama çok fazla pil tüketiyor. çok sinir bozucu.
LZ-02007,2026-05-23 10:59:27,app_store,U-01827,1.0,Restoran ararken filtreler çalışmıyor.
LZ-02005,2026-05-23 11:00:15,support_ticket,U-02217,,"Her gün öğle yemeğinde kullanıyorum. Yeni giriş ekranından sonra hesabıma erişemiyorum. Lütfen acilen çözün. İyi çalışmalar, Can"
LZ-02012,2026-05-23 12:59:02,app_store,U-00941,1.0,"restoran odemeyi iptal etti ama para geri gelmedi. ayrica kullanmadigim bakiye sonraki aya aktarilmiyor, bu cok haksiz. magdur durumdayim."
LZ-02009,2026-05-23 13:02:52,app_store,U-02258,4.0,Akıllı saatle ödeme yapabilmek harika olrudu.
LZ-02004,2026-05-23 13:04:07,survey,U-00763,6.0,Yemek siparişi uygulamalarında da kullanılabilse harika olur.
LZ-02011,2026-05-23 13:49:07,app_store,U-00671,2.0,uygulamada destek talebi oluşturma seçeneği bulamadım. mağdur durumdayım.
LZ-02002,2026-05-23 15:52:14,app_store,U-01776,2.0,"Yüklenen tutar eksik görünüyor, 50 TL eksik. Mağdur durumdayım."
LZ-02010,2026-05-23 19:22:46,support_ticket,U-02296,,"Merhaba, Google Pay entegrasyonu olsa çok pratik olur. Yol haritanızda var mı?"
LZ-02008,2026-05-23 21:04:01,app_store,U-00042,5.0,"Kartı telefonun cüzdan uygulamasına eklemek istiyorum. Ayrıca yakınımdaki restoranları listelemiyor, konumumu bulamıyor. Teşekkürler."
LZ-02001,2026-05-23 21:36:02,support_ticket,U-01498,,Yaklaşık 12 aydır kullanıcınızım. Bakiye yüklendi bildirimi geldi ama uygulamada eski bakiye duruyor. - Selin
LZ-02003,2026-05-23 22:04:08,app_store,U-01777,2.0,"Bakiye yüklendi bildirimi geldi ama uygulamada eski bakiye duruyor. Ayrıca ay sonunda kalan bakiye yanıyor mu, bir sonraki aya devretmesi lazım. Dönüşünüzü bekliyorum."
LZ-02019,2026-05-24 09:06:57,survey,U-02349,5.0,Google Pay entegrasyonu olsa çok pratik olur.
LZ-02021,2026-05-24 10:13:31,app_store,U-00298,4.0,"Odeme saniyeler icinde bitiyor, cok memnunum."
LZ-02022,2026-05-24 10:38:28,app_store,U-00332,5.0,"ödeme saniyeler içinde bitiyor, çok memnunum. ayrıca nfc ödemesi sürekli zaman aşımına uğruyor. 5 yıldızı hak ediyor."
LZ-02018,2026-05-24 12:31:46,app_store,U-02018,4.0,Sistem temasına uyan bir koyu tema eklenmeli. Ayrıca iptal edilen siparişin iadesi hala bakiyeme yansımadı. Değerlendirirseniz sevinirim.
LZ-02023,2026-05-24 13:23:20,app_store,U-00840,5.0,"Kullanımı çok basit ve hızlı. Ayrıca bu ay bakiyem geç yüklendi, iki gün yemek kartsız kaldım."
LZ-02014,2026-05-24 14:52:28,support_ticket,U-00106,,"Merhabalar, E-posta adresim zeynep.a@example.com. Şifremi doğru girmeme rağmen giriş yapamıyorum. Çok sinir bozucu. İyi çalışmalar, Deniz"
LZ-02015,2026-05-24 16:37:59,app_store,U-00690,1.0,Lezzo uygulama çok fazla pil tüketioyr. Çok sinir bozucu.
LZ-02020,2026-05-24 16:48:42,support_ticket,U-00095,,"Sleam, Bakiyenin son kullanma tarihi olduğunu kimse söylemedi. Çok sinir bozucu. Saygılarımla, Mehmet"
LZ-02016,2026-05-24 18:14:24,survey,U-00040,6.0,Uygulama çok fazla pil tüketiyor.
LZ-02017,2026-05-24 20:28:51,app_store,U-00890,1.0,Haritada restoranlar yanlis konumda gosteriliyor. Rezalet.
LZ-02013,2026-05-24 21:57:59,survey,U-00038,6.0,Evimin ve iş yerimin yakınında kartın geçtiği restoran yok.
LZ-02031,2026-05-25 08:53:26,app_store,U-00520,2.0,"Uygualma sürekli donuyor, kapatıp açmam gerekiyor."
LZ-02037,2026-05-25 10:33:52,app_store,U-01304,2.0,"Iade sureci cok uzun, bir haftadir bekliyorum. Lutfen acilen cozun."
LZ-02028,2026-05-25 13:05:32,support_ticket,U-01777,,"Selam, Maaş günü geldi ama yemek bakiyem hala yüklenmedi. Rezalet. İyi çalışmalar, Deniz"
LZ-02034,2026-05-25 13:23:10,app_store,U-00818,5.0,Karanlık mod eklenirse çok iyi olur. Değerlendirirseniz sevinirim.
LZ-02029,2026-05-25 14:59:43,app_store,U-01763,2.0,"Yüklenen tutar eksik görünüyor, 400 TL ekisk. Dönüşünüzü bekliyorum."
LZ-02036,2026-05-25 15:18:20,app_store,U-01727,1.0,Restoran odemeyi iptal etti ama para geri gelmedi. Donusunuzu bekliyorum.
LZ-02035,2026-05-25 17:18:49,app_store,U-01338,1.0,Bakiyenin son kullanma tarihi olduğunu kimse söylemedi. Lütfen acilen çözün.
LZ-02039,2026-05-25 17:18:59,app_store,U-01986,5.0,"Kart taşımaktan kurtuldum, harika bir uygulama."
LZ-02025,2026-05-25 17:27:10,support_ticket,U-01184,,"Selam, Telefon numaram 0500 000 45 67, beni arayabilirsiniz. QR kodu okutunca ödeme ekranında takılı kalıyor. Çok sinir bozucu. Saygılarımla, Emre"
LZ-02027,2026-05-25 17:38:25,support_ticket,U-01417,,"Selam, Maaş günü geldi ama yemek bakiyem hala yüklenmedi. Rezalet. Saygılarımla, Selin"
LZ-02032,2026-05-25 18:07:03,survey,U-02339,0.0,Haritada restoranlar yanlış konumda gösteriliyor.
LZ-02024,2026-05-25 18:51:21,app_store,U-00365,1.0,qr kodu okutunca odeme ekraninda takili kaliyor.
LZ-02033,2026-05-25 19:06:08,support_ticket,U-01076,,"İyi günler, Şirketimiz geçen ay bu karta geçti. Restoran ararken filtreler çalışmıyor. - Elif"
LZ-02030,2026-05-25 19:11:55,app_store,U-01496,4.0,Market alışverişinde de kullanılabilse çok iyi olur.
LZ-02026,2026-05-25 19:21:53,support_ticket,U-02277,,"Merhaba, Bu ay bakiyem geç yüklendi, iki gün yemek kartsız kaldım. İyi çalışmalar, Deniz"
LZ-02040,2026-05-25 19:27:51,survey,U-00533,9.0,"Bakiye takibi cok kolay, tesekkurler."
LZ-02038,2026-05-25 22:01:03,app_store,U-02244,4.0,kullanımı çok basit ve hızlı. ayrıca temassız ödeme samsung telefonumda çalışmıyor.
LZ-02043,2026-05-26 09:41:47,support_ticket,U-00550,,"Merhaba, Telefonu POS cihazına yaklaştırıyorum, ödeme ekranı açılmıyor. Dönüşünüzü bekliyorum."
LZ-02048,2026-05-26 10:16:50,app_store,U-01872,4.0,apple pay'e eklenebilse telefonu açmadan ödeme yapardım.
LZ-02042,2026-05-26 10:18:22,app_store,U-02231,1.0,Odeme onaylandi diyor ama restoranin cihazina dusmuyor. Rezalet.
LZ-02050,2026-05-26 10:33:05,support_ticket,U-00070,,"İyi günler, Müşteri hizmetlerine ulaşmak imkansız, çağrı merkezi yarım saat bekletiyor. Mağdur durumdayım. Saygılarımla, Ayşe"
LZ-02041,2026-05-26 10:39:10,app_store,U-02480,2.0,"kamera qr kodu okumuyor, surekli odaklanmaya calisiyor. rezalet."
LZ-02051,2026-05-26 11:00:59,app_store,U-01341,1.0,Canli destek hic cevap vermiyor. Cok sinir bozucu.
LZ-02052,2026-05-26 11:32:22,app_store,U-00283,4.0,"bakiye takibi cok kolay, tesekkurler. emegi gecenlere tesekkurler!"
LZ-02047,2026-05-26 15:55:10,support_ticket,U-00342,,"İyi günler, Uygulama çok fazla pil tükteiyor. Lütfen acilen çözün. İyi çalışmalar, Zeynep"
LZ-02044,2026-05-26 16:25:37,app_store,U-00075,4.0,"Sevdigim kafeler anlasmali degil, lutfen daha fazla restoran ekleyin."
LZ-02046,2026-05-26 18:51:38,app_store,U-01956,2.0,Uygulama çok fazla pil tükeityor. Çok sinir bozucu.
LZ-02045,2026-05-26 18:52:50,support_ticket,U-02334,,"E-posta adresim ayse.k@example.com. Anlaşmalı restoran sayısı çok az, Bornova tarafında neredeyse hiç yer yok. İyi çalışmalar, Ayşe"
LZ-02053,2026-05-26 19:34:49,survey,U-00382,8.0,Kullanımı çok basit ve hızlı.
LZ-02049,2026-05-26 21:49:50,app_store,U-00575,3.0,"Ay sonunda kalan bakiye yaniyor mu, bir sonraki aya devretmesi lazim."
LZ-02057,2026-05-27 08:51:50,app_store,U-01299,1.0,"Bu ay bakiyem geç yüklendi, iki gün ymeek kartsız kaldım. Çok sinir bozucu."
LZ-02059,2026-05-27 09:38:37,app_store,U-02498,3.0,Evimin ve iş yerimin yakınında kartın geçtiği restoran yok. Yol haritanızda var mı?
LZ-02061,2026-05-27 10:27:12,survey,U-00083,8.0,Restoran agi genislerse karti cok daha falza kullanirim.
LZ-02063,2026-05-27 10:32:26,survey,U-00055,6.0,Evimin ve iş yerimin yakınında kartın geçtiği restoran yok.
LZ-02073,2026-05-27 10:58:47,support_ticket,U-02239,,"Selam, E-posta adresim mehmet.y@example.com. Şikayet yazdım, üç gündür dönüş yapılmadı. Lütfen acilen çözün. Teşekkürler, Ece"
LZ-02076,2026-05-27 11:12:19,survey,U-01154,10.0,Kullanimi cok basit ve hizli.
LZ-02056,2026-05-27 11:55:56,support_ticket,U-01516,,"Selam, NFC ödemsei sürekli zaman aşımına uğruyor. Saygılarımla, Mehmet"
LZ-02058,2026-05-27 12:38:16,support_ticket,U-00095,,Maaş günü geldi ama yemek bakiyem hala yüklenmedi. Mağdur durumdayım.
LZ-02064,2026-05-27 12:51:31,app_store,U-01583,1.0,Uygulama cok fazla pil tuketiyor. Ayrica kalan bakieymi bir is arkadasima transfer edemiyorum. Rezalet.
LZ-02062,2026-05-27 13:16:05,app_store,U-01984,3.0,"anlaşmalı restoran sayısı çok az, kadıköy tarafında neredeyse hiç yer yok. değerlendirirseniz sevinirim."
LZ-02068,2026-05-27 15:30:32,app_store,U-02133,4.0,Sistem temasına uyan bir koyu tema eklenmeli. Yol haritanızda var mı?
LZ-02065,2026-05-27 15:38:20,app_store,U-01155,1.0,Huwaei telefonumda acilista cokuyor. Rezalet.
LZ-02060,2026-05-27 16:22:26,app_store,U-00706,5.0,Kahve zincirlerinde de geçerli olsa harika olur. Yol haritanızda var mı?
LZ-02069,2026-05-27 16:28:45,app_store,U-01388,3.0,karanlık mod seçeneği yok mu? değerlendirriseniz sevinirim.
LZ-02072,2026-05-27 16:46:36,app_store,U-00947,4.0,Google Pay entegrasyonu olsa çok pratik olur. Yol haritanızda var mı?
LZ-02071,2026-05-27 17:11:23,app_store,U-02304,5.0,apple pay'e eklenebilse telefonu acmadan odeme yapardim.
LZ-02077,2026-05-27 17:27:40,support_ticket,U-01527,,"Selam, E-posta adresim ayse.k@example.com. Kullanımı çok basit ve hızlı. Teşekkürler, Can"
LZ-02075,2026-05-27 17:53:27,app_store,U-02041,5.0,"Arayüz sade ve anlaşılır. Ayrıca temassız ödeme bazen geçiyor bazen geçmiyor, güvenemiyorum. Başarılar!"
LZ-02070,2026-05-27 17:57:29,app_store,U-01594,4.0,Sistem teamsina uyan bir koyu tema eklenmeli.
LZ-02055,2026-05-27 18:07:55,app_store,U-00582,1.0,QR okuttuktan sonra uygulama beyaz ekranda kaliyor. Lutfen acilen cozun.
LZ-02054,2026-05-27 18:15:06,app_store,U-01077,2.0,Kasada QR okutuyorum ama ödeme bir türlü geçmiyor. Dönüşünüzü bekliyorum.
LZ-02079,2026-05-27 20:02:09,survey,U-01783,9.0,Arayuz sade ve anlasilir.
LZ-02074,2026-05-27 20:09:18,support_ticket,U-01223,,"Uygulamada destek talebi oluşturma seçeneği bulamadım. İyi çalışmalar, Zeynep"
LZ-02066,2026-05-27 20:15:12,app_store,U-01557,2.0,lezzo samsung telefonumda açılışta çöküyor. dönüşünüzü bekliyorum.
LZ-02078,2026-05-27 21:16:32,survey,U-00586,9.0,"Ödeme saniyeler içinde bitiyor, çok memnunum. Ayrıca kullanmadığım bakiye sonraki aya aktarılmıyor, bu çok haksız."
LZ-02067,2026-05-27 22:39:10,app_store,U-02059,1.0,Samsung telefonumda acilista cokuyor. Magdur durumdayim.
LZ-02087,2026-05-28 09:33:54,app_store,U-00701,4.0,"Ödeme saniyeler içinde bitiyor, çok memnunum. Emeği geçenlere teşekkürler!"
LZ-02082,2026-05-28 11:20:16,app_store,U-00427,1.0,Huawei telefonumda acilista cokuyor. Cok sinir bozucu.
LZ-02083,2026-05-28 12:35:04,support_ticket,U-01251,,"Her gün öğle yemeğinde kullanıyorum. Uygulama çok yavaş açılıyor, kasada sırayı bekletiyorum. Saygılarımla, Selin"
LZ-02086,2026-05-28 13:29:14,app_store,U-02037,1.0,iptal edilen siparişin iadesi hala bakiyeme yansımadı. dönüşünüzü bekliyorum.
LZ-02084,2026-05-28 14:45:27,survey,U-02129,5.0,Haritada restoranlar yanlış konumda gösteriliyor.
LZ-02085,2026-05-28 17:41:10,app_store,U-01132,3.0,"Kullanmadığım bakiye sonraki aya aktarılmıyor, bu çok haksız. Lütfen acilen çözün."
LZ-02081,2026-05-28 17:46:31,app_store,U-01651,2.0,Uygulama çok fazla pil tüketiyor. Rezalet.
LZ-02080,2026-05-28 19:34:29,support_ticket,U-00925,,"Merhabalar, E-posta adresim mehmet.y@example.com. Evimin ve iş yerimin yakınında kartın geçtiği restoran yok. Teşekkürler. İyi çalışmalar, Selin"
LZ-02088,2026-05-29 08:41:29,app_store,U-01220,1.0,"QR ile ödeme son güncellemeden sonra çalışmıyor, kasada rezil oldum."
LZ-02096,2026-05-29 11:33:35,support_ticket,U-00326,,"İyi günler, Her gün öğle yemeğinde kullanıyorum. Bakiyenin son kullanma tarihi olduğunu kimse söylemedi. Çok sinir bozucu."
LZ-02093,2026-05-29 12:42:51,app_store,U-01618,4.0,Yemek siparişi uygulamalarında da kullanılabilse harika olur.
LZ-02095,2026-05-29 13:22:30,app_store,U-02219,4.0,"Gece kullanırken beyaz ekran göz yoruyor, karanlık tema lütfen. Yol haritanızda var mı?"
LZ-02090,2026-05-29 13:38:38,support_ticket,U-00110,,"Merhaba, Her gün öğle yemeğinde kullanıyorum. Kasada QR okutuyorum ama ödeme bir türlü geçmiyor. Mağdur durumdayım. İyi çalışmalar, Mert"
LZ-02097,2026-05-29 15:54:34,support_ticket,U-01359,,"Selam, Ay sonunda kalan bakiye yanıyor mu, bir sonraki aya devretmesi lazım. Rezalet."
LZ-02091,2026-05-29 16:42:02,app_store,U-02077,1.0,Ödeme onaylandı diyor ama restoranın cihazına düşmüyor. Ayrıca canlı destek hiç cevap vermiyor.
LZ-02089,2026-05-29 18:30:35,app_store,U-01827,1.0,QR okuttuktan sonra uygulama beyaz ekranda kalıyor.
LZ-02098,2026-05-29 19:15:29,survey,U-02119,9.0,"Kart tasimaktan kurtuldum, harika bir uygulama."
LZ-02094,2026-05-29 19:33:00,app_store,U-00155,1.0,Uygulama çok fazla pil tüketiyor.
LZ-02092,2026-05-29 21:58:01,app_store,U-01222,4.0,"Anlaşmalı restoran sayısı çok az, Ataşehir tarafında neredeyse hiç yer yok. Değerlendirirseniz sevinirim."
LZ-02101,2026-05-30 12:22:53,app_store,U-02156,1.0,"lezzo temassız ödeme bazen geçiyor bazen geçmiyor, güvenemiyorum. dönüşünüzü bekliyorum."
LZ-02104,2026-05-30 13:20:19,survey,U-01329,7.0,"Anlasmali restoran sayisi cok az, Kadikoy tarafinda neredeyse hic yer yok."
LZ-02105,2026-05-30 13:43:04,support_ticket,U-02113,,"Merhaba, Uygulama çok yavaş açılıyor, kasada sırayı bekletiyorum. Çok sinir bozucu. Saygılarımla, Burak"
LZ-02106,2026-05-30 14:20:07,support_ticket,U-01446,,"İyi günler, Telefon numaram 0500 000 12 34, beni arayabilirsiniz. Uygulama çok yavaş açılıyor, kasada sırayı bekletiyorum. Rezalet. Teşekkürler, Ayşe"
LZ-02100,2026-05-30 14:26:56,support_ticket,U-00364,,"Selam, QR okuttuktan sonra uygulama beyaz ekranda kalıyor. Çok sinir bozucu. İyi çalışmalar, Emre"
LZ-02099,2026-05-30 14:40:19,survey,U-01341,1.0,QR okuttuktan sonra uygulama beyaz ekarnda kaliyor.
LZ-02109,2026-05-30 14:53:55,app_store,U-01273,5.0,"bakiye takibi cok kolay, tesekkurler. basarilar!"
LZ-02107,2026-05-30 15:04:46,support_ticket,U-02207,,"Selam, E-posta adresim zeynep.a@example.com. Google Pay entegrasyonu olsa çok pratik olur. Yol haritanızda var mı? İyi çalışmalar, Ece"
LZ-02103,2026-05-30 16:25:12,support_ticket,U-00572,,"Maaş günü geldi ama yemek bakiyem hala yüklenmedi. Çok sinir bozucu. Teşekkürler, Ceren"
LZ-02102,2026-05-30 20:14:20,support_ticket,U-00058,,"Merhaba, Yaklaşık 3 aydır kullanıcınızım. NFC ödeemsi sürekli zaman aşımına uğruyor. Çok sinir bozucu. Saygılarımla, Elif"
LZ-02110,2026-05-30 20:44:06,survey,U-00477,8.0,"Kart taşımaktan kurtuldum, harika bir uygulama."
LZ-02108,2026-05-30 20:56:29,app_store,U-00003,5.0,"Bakiye takibi çok kolay, teşekkürler. Başarılar!"
LZ-02111,2026-05-30 22:05:51,app_store,U-00176,4.0,"Bakiye takibi çok kolay, teşekkürler."
LZ-02118,2026-05-31 10:29:45,support_ticket,U-02105,,"Merhaba, Yaklaşık 8 aydır kullanıcınızım. İade süreci çok uzun, bir haftadır bekliyorum. Mağdur durumdayım. İyi çalışmalar, Ayşe"
LZ-02116,2026-05-31 15:04:07,support_ticket,U-02119,,"Selam, Yaklaşık 12 aydır kullanıcınızım. Google Pay entegrasyonu olsa çok pratik olur. Saygılarımla, Emre"
LZ-02114,2026-05-31 16:42:04,app_store,U-00741,4.0,"anlasmali restoran sayisi cok az, atasehir tarafinda neredeyse hic yer yok. ayrica temassiz odeme samsung telefonumda calismiyor."
LZ-02113,2026-05-31 17:57:05,support_ticket,U-02211,,"Selam, Yaklaşık 6 aydır kullanıcınızım. Bu ay bakiyem geç yüklendi, iki gün yemek kartsız kaldım. Saygılarımla, Deniz"
LZ-02115,2026-05-31 18:11:42,app_store,U-01088,1.0,Bakiye ekranı açılana kadar kasadaki herkes bekliyor. Lütfen acilen çözün.
LZ-02119,2026-05-31 19:11:47,survey,U-00687,10.0,Arayüz sade ve anlaşılır.
LZ-02112,2026-05-31 21:18:22,support_ticket,U-02218,,"E-posta adresim ayse.k@example.com. Temassız ödeme bazen geçiyor bazen geçmiyor, güvenemiyorum. İyi çalışmalar, Selin"
LZ-02120,2026-05-31 21:36:59,app_store,U-01601,5.0,arayüz sade ve anlaşılır. 5 yıldızı hak ediyor.
LZ-02117,2026-05-31 22:10:44,app_store,U-00510,1.0,"Kullanmadığım bakiye sonraki aya aktarılmıyor, bu çok haksız."
LZ-02132,2026-06-01 09:13:10,app_store,U-02004,2.0,Ana sayfanın yüklnemesi yarım dakika sürüyor.
LZ-02139,2026-06-01 10:07:08,support_ticket,U-00102,,"Selam, E-posta adresim zeynep.a@example.com. İptal edilen siparişin iadesi hala bakiyeme yansımadı. İyi çalışmalar, Ece"
LZ-02130,2026-06-01 11:27:44,app_store,U-01386,2.0,Xiamoi telefonumda açılışta çöküyor. Mağdur durumdayım.
LZ-02121,2026-06-01 11:59:36,app_store,U-00755,1.0,QR okuttuktan sonra uygulmaa beyaz ekranda kalıyor. Rezalet.
LZ-02135,2026-06-01 12:40:10,app_store,U-01796,4.0,Karanlik mod secenegi yok mu?
LZ-02126,2026-06-01 15:46:27,support_ticket,U-00774,,"Merhaba, Bakiye yüklendi bildirimi geldi ama uygulamada eski bakiye duruyor. Teşekkürler, Mehmet"
LZ-02136,2026-06-01 15:55:18,app_store,U-01466,4.0,akilli saatle odeme yapabilmek harika olurdu. tesekkurler.
LZ-02140,2026-06-01 16:29:26,survey,U-02498,8.0,"Ödeme saniyeler içinde bitiyor, çok memnunum."
LZ-02133,2026-06-01 16:45:48,app_store,U-00578,1.0,Uygulama çok fazla pil tüketiyor. Dönüşünüzü bekliyorum.
LZ-02137,2026-06-01 16:53:57,survey,U-01242,6.0,Bakiyenin son kullanma tarihi olduğunu kimse söyleemdi.
LZ-02122,2026-06-01 18:05:54,support_ticket,U-00362,,"Telefon numaram 0500 000 12 34, beni arayabilirsiniz. Ödeme onaylandı diyor ama restoranın cihazına düşmüyor. Çok sinir bozucu. Saygılarımla, Ayşe"
LZ-02127,2026-06-01 18:10:35,support_ticket,U-00319,,"Merhabalar, Telefon numaram 0500 000 89 01, beni arayabilirsiniz. Bu ay bakiyem geç yüklendi, iki gün yemek kartsız kaldım. Dönüşünüzü bekliyorum. - Mert"
LZ-02131,2026-06-01 18:26:22,app_store,U-01107,1.0,Uygulama çok fazla pil tüketiyor. Çok sinir bozucu.
LZ-02138,2026-06-01 18:56:58,support_ticket,U-01354,,"Telefon numaram 0500 000 89 01, beni arayabilirsiniz. Uygualmada destek talebi oluşturma seçeneği bulamadım. Çok sinir bozucu. Saygılarımla, Ayşe"
LZ-02124,2026-06-01 19:25:35,app_store,U-01597,1.0,NFC ile ödeme yapmak istiyorum ama telefonu yaklaştırınca hiçbir şey olmuyor.
LZ-02129,2026-06-01 19:27:54,survey,U-00953,5.0,"Sevdigim kafeler anlasmali degil, lutfen daha fazla restoran ekleyin."
LZ-02125,2026-06-01 20:06:33,support_ticket,U-00209,,"Merhaba, Yaklaşık 6 aydır kullanıcınızım. Bakiye yüklendi bildirimi geldi ama uygulamada eski bakiye duruyor. Çok sinir bozucu. Saygılarımla, Can"
LZ-02123,2026-06-01 21:24:09,app_store,U-00101,1.0,QR okuttuktan sonra uygulama beyaz ekranda kalıyor. Mağdur durumdayım.
LZ-02134,2026-06-01 22:23:55,app_store,U-00090,1.0,Haritada kapanmis restoranlar hala gorunuyor.
LZ-02128,2026-06-01 22:37:44,support_ticket,U-01369,,"Merhabalar, E-posta adresim mehmet.y@example.com. Evimin ve iş yerimin yakınında kartın geçtiği restoran yok. Değerlendirirseniz sevinirim. Teşekkürler, Ayşe"
LZ-02152,2026-06-02 09:08:02,survey,U-01207,6.0,"İade süreci çok uzun, bir haftadır bekliyorum."
LZ-02150,2026-06-02 10:00:34,app_store,U-00641,1.0,Kalan bakiyemi bir iş arkadaşıma transfer edemiyorum.
LZ-02145,2026-06-02 10:59:53,app_store,U-01755,5.0,Lezzo market alışverişinde de kullanılabilse çok iyi olur. Ayrıca kartı telefonun cüzdan uygulamasına eklemek istiyorum. Yol haritanızda var mı?
LZ-02153,2026-06-02 15:15:23,app_store,U-02362,1.0,"Lezzo i̇ade sureci cok uzun, bir haftadir bekliyorum."
LZ-02151,2026-06-02 15:35:19,app_store,U-02442,1.0,Bakyienin son kullanma tarihi oldugunu kimse soylemedi. Cok sinir bozucu.
LZ-02155,2026-06-02 15:46:14,app_store,U-00508,5.0,"Ödeme saniyeelr içinde bitiyor, çok memnunum."
LZ-02141,2026-06-02 15:55:35,support_ticket,U-01208,,"Selam, Kasada QR okutuyorum ama ödeme bir türlü geçmiyor. Ayrıca ay sonunda kalan bakiye yanıyor mu, bir sonraki aya devretmesi lazım. Mağdur durumdayım."
LZ-02149,2026-06-02 17:22:31,app_store,U-01692,2.0,Ana sayfanın yüklenmesi yarım dakika sürüyor. Mağdur durumdayım.
LZ-02146,2026-06-02 17:39:07,survey,U-00649,6.0,"Anlaşmalı restoran sayısı çok az, Nilüfer tarafında neredeyse hiç yer yok."
LZ-02142,2026-06-02 18:55:31,app_store,U-00028,2.0,şirketim yükleme yaptığını söylüyor ama bakiyem sıfır görünüyor. rezalet.
LZ-02154,2026-06-02 21:09:04,survey,U-00356,10.0,"Arayüz sade ve anlaşılır. Ayrıca iade süreci çok uzun, bir haftadır bekliyorum."
LZ-02147,2026-06-02 21:52:56,survey,U-01471,4.0,Yeni giriş ekranından sonra hesabıma erişemiyorum. Ayrıca kalan bakiyemi bir iş arkadaşıma transfer edemiyorum.
LZ-02148,2026-06-02 21:54:25,app_store,U-01100,2.0,"Uygulama çok yavaş açılıyor, kasada sırayı bekletiyorum."
LZ-02144,2026-06-02 22:08:10,survey,U-02460,4.0,Maaş günü geldi ama yemek bakieym hala yüklenmedi.
LZ-02143,2026-06-02 22:08:25,support_ticket,U-00657,,"Merhabalar, Şirketimiz geçen ay bu karta geçti. Bu ay bakiyem geç yüklendi, iki gün yeemk kartsız kaldım. Rezalet."
LZ-02168,2026-06-03 08:54:20,app_store,U-01251,4.0,Apple Pay'e eklenebilse telefonu açmadan ödeme yapardım. Yol haritanızda var mı?
LZ-02165,2026-06-03 10:14:59,app_store,U-00883,1.0,Bakiye ekranı açılana kadar kasadaki herkes bekliyor. Ayrıca karanlık mod seçeneği yok mu?. Mağdur durumdayım.
LZ-02173,2026-06-03 10:18:58,support_ticket,U-02135,,"Merhaba, Telefon numaram 0500 000 89 01, beni arayabilirsiniz. Canlı destek hiç cevap vermiyor. Rezalet."
LZ-02157,2026-06-03 10:33:09,survey,U-01227,2.0,"Kamera QR kodu okumuyor, sürekli odaklanmaya çalışıyor."
LZ-02160,2026-06-03 11:36:47,app_store,U-01595,1.0,Şirketim yükleme yaptığını söylüyor ama bakiyem sıfır görünüyor. Lütfen acilen çözün.
LZ-02171,2026-06-03 14:05:53,survey,U-01773,6.0,"Kullanmadigim bakiye sonraki aya aktarilmiyor, bu cok haksiz."
LZ-02169,2026-06-03 14:39:57,survey,U-01440,2.0,Kalan bakiyemi bir iş arkadaşıma transfer edemiyorum.
LZ-02170,2026-06-03 15:41:19,app_store,U-00331,1.0,"Lezzo kullanmadığım bakiye sonraki aya aktarılmıyor, bu çok haksız. Lütfen acilen çözün."
LZ-02167,2026-06-03 15:58:36,survey,U-00231,5.0,Karanlik mod secenegi yok mu?
LZ-02164,2026-06-03 17:12:49,support_ticket,U-01303,,"Merhaba, Her gün öğle yemeğinde kullanıyorum. Uygulama çok yavaş açılıyor, kasada sırayı bekletiyorum. Mağdur durumdayım."
LZ-02159,2026-06-03 17:42:32,survey,U-00328,1.0,Maas gunu geldi ama yemek bakiyem hala yuklenmedi.
LZ-02156,2026-06-03 18:05:18,app_store,U-00410,1.0,qr kodu okutunca ödeme ekranında takılı kalıyor.
LZ-02172,2026-06-03 18:30:31,support_ticket,U-02020,,"Merhaba, Her gün öğle yemeğinde kullanıyorum. Şikayet yazdım, üç gündür dönüş yapılmadı. Rezalet. Saygılarımla, Emre"
LZ-02161,2026-06-03 19:07:34,app_store,U-01448,4.0,Restoran ağı genişlerse kartı çok daha fazla kullanırım. Yol haritanızda var mı?
LZ-02163,2026-06-03 19:58:22,app_store,U-00955,3.0,"Giris yaparken surekli oturum sureniz doldu hatasi aliyorum. Ayrica gece kullanirken beyaz ekran goz yoruyor, karanlik tema lutfen. Magdur durumdayim."
LZ-02166,2026-06-03 20:12:14,app_store,U-00965,2.0,Restoranların çalışma saatleri yanlış yazıyor. Lütfen acilen çözün.
LZ-02162,2026-06-03 21:10:33,app_store,U-02002,4.0,"Sevdiğim kafeler anlaşmalı değil, lütfen daha fazla restoran ekleyin."
LZ-02176,2026-06-03 22:12:30,app_store,U-01466,5.0,lezzo yemek kartı uygulamaları arasında en iyisi. 5 yıldızı hak ediyor.
LZ-02174,2026-06-03 22:17:55,app_store,U-02018,3.0,İptal edilen siparişin iadesi hala bakiyeme yansımadı. Mağdur durumdayım.
LZ-02158,2026-06-03 22:22:10,app_store,U-02258,2.0,"Lezzo QR ile odeme dunden beri calismiyor, kasada rezil oldum."
LZ-02175,2026-06-03 22:26:11,support_ticket,U-02382,,"Selam, Telefon numaram 0500 000 12 34, beni arayabilirsiniz. İade süreci çok uzun, bir haftadır bekliyorum. Saygılarımla, Mehmet"
LZ-02184,2026-06-04 12:49:07,survey,U-00641,8.0,Yemek kartı uygulamaları arasında en iyisi.
LZ-02177,2026-06-04 13:03:57,app_store,U-01619,2.0,Uygualma cok fazla pil tuketiyor. Magdur durumdayim.
LZ-02182,2026-06-04 15:08:41,app_store,U-01054,4.0,Karanlık mod eklenirse çok iyi olur.
LZ-02183,2026-06-04 20:00:03,support_ticket,U-00202,,"İyi günler, Şirketimiz geçen ay bu karta geçti. Şikayet yazdım, üç gündür dönüş yapılmadı. Saygılarımla, Mehmet"
LZ-02181,2026-06-04 21:30:43,app_store,U-01112,3.0,Lezzo karanlık mod seçeneği yok mu? Değerlendirirseniz sevinirim.
LZ-02178,2026-06-04 21:47:30,app_store,U-00965,2.0,"Lezzo uygulama surekli donuyor, kapatip acmam gerekiyor. Magdur durumdayim."
LZ-02179,2026-06-04 22:19:48,app_store,U-00455,1.0,uygulama çok fazla pil tüketiyor. çok sinir bozucu.
LZ-02180,2026-06-04 22:20:15,app_store,U-01329,1.0,lezzo hraitada restoranlar yanlış konumda gösteriliyor. çok sinir bozucu.
LZ-02193,2026-06-05 08:57:04,app_store,U-02381,1.0,uygulama çok fazla pil tüketiyor.
LZ-02199,2026-06-05 09:25:55,survey,U-01500,2.0,Bakiyenin son kullanma tarihi olduğunu kimse söylemedi.
LZ-02192,2026-06-05 10:28:31,support_ticket,U-00805,,"Selam, Evimin ve iş yerimin yakınında kartın geçtiği restoran yok. - Ece"
LZ-02198,2026-06-05 10:58:10,support_ticket,U-00046,,"İyi günler, Yaklaşık 18 aydır kullanıcınızım. Gece kullanırken beyaz ekran göz yoruyor, karanlık tema lütfen. Yol haritanızda var mı? Teşekkürler, Zeynep"
LZ-02197,2026-06-05 12:03:48,survey,U-01696,0.0,Restoran ararken filtreler çalışmıyor.
LZ-02189,2026-06-05 12:12:55,survey,U-00553,4.0,"Bu ay bakiyem geç yüklendi, iki gün yemek kartsız kaldım."
LZ-02202,2026-06-05 13:21:46,survey,U-01519,10.0,Arayüz sade ve anlaşılır.
LZ-02190,2026-06-05 14:11:03,app_store,U-01812,4.0,"anlasmali restoran sayisi cok az, konak tarafinda neredeyse hic yer yok. degerlendirirseniz sevinirim."
LZ-02200,2026-06-05 15:43:22,support_ticket,U-01557,,"Merhabalar, Yaklaşık 3 aydır kullanıcınızım. İade süreci çok uzun, bir haftadır bekliyorum. Saygılarımla, Can"
LZ-02187,2026-06-05 18:09:48,app_store,U-01533,1.0,"telefonu pos cihazina yaklastiriyorum, odeme ekrani acilmiyor."
LZ-02203,2026-06-05 18:25:19,app_store,U-00267,5.0,"lezzo odeme saniyeler icinde bitiyor, cok memnunum."
LZ-02186,2026-06-05 18:32:01,app_store,U-00373,2.0,QR kodu okutunca odeme ekraninda takili kaliyor. Rezalet.
LZ-02185,2026-06-05 18:47:24,app_store,U-01010,1.0,"Lezzo kamera QR kodu okumuyor, sürekli odaklanmaya çalışıyor."
LZ-02191,2026-06-05 18:56:55,support_ticket,U-01562,,"Selam, Anlaşmalı restoran sayısı çok az, Çankaya tarafında neredeyse hiç yer yok. Ayrıca Google Pay entegrasyonu olsa çok pratik olur. Teşekkürler. Saygılarımla, Ece"
LZ-02195,2026-06-05 19:50:03,app_store,U-02145,2.0,Lezzo restoran ararken filtreelr calismiyor. Rezalet.
LZ-02201,2026-06-05 20:49:31,app_store,U-00130,5.0,Kullanımı çok bsait ve hızlı.
LZ-02188,2026-06-05 20:51:11,support_ticket,U-00275,,"Yüklenen tutar eksik görünüyor, 250 TL eksik. Dönüşünüzü bekliyorum. Teşekkürler, Ayşe"
LZ-02194,2026-06-05 21:38:23,support_ticket,U-02363,,"Uygulama çok yavaş açılıyor, kasada sırayı bekletiyorum. Mağdur durumdayım."
LZ-02196,2026-06-05 22:56:52,app_store,U-01419,1.0,Lezzo haritada restoranlar yanlış konumda gösteriliyor.
LZ-02212,2026-06-06 09:22:24,app_store,U-00826,1.0,Haritada kapanmis restoralnar hala gorunuyor. Rezalet.
LZ-02204,2026-06-06 09:23:06,support_ticket,U-01051,,"Telefon numaram 0500 000 45 67, beni arayabilirsiniz. Ödeme onaylandı diyor ama restoranın cihazına düşmüyor. Mağdur durumdayım."
LZ-02206,2026-06-06 10:30:45,support_ticket,U-00864,,"Merhabalar, Şirketimiz geçen ay bu karta geçti. Yüklenen tutar eksik görünüyor, 50 TL eksik. Ayrıca Apple Pay'e eklenebilse telefonu açmadan ödeme yapardım. Saygılarımla, Can"
LZ-02209,2026-06-06 11:27:21,support_ticket,U-01500,,"Şirketimiz geçen ay bu karta geçti. Uygulama çok yavaş açılıyor, kasada sırayı bekletiyorum. - Zeynep"
LZ-02208,2026-06-06 12:50:54,survey,U-00314,3.0,Giris yaparken surekli oturum sureniz doldu hatasi aliyorum.
LZ-02215,2026-06-06 12:55:33,survey,U-00559,1.0,Canlı desetk hiç cevap vermiyor.
LZ-02211,2026-06-06 14:42:50,app_store,U-00193,2.0,Lezzo haritada kapanmış rsetoranlar hala görünüyor. Çok sinir bozucu.
LZ-02205,2026-06-06 15:13:24,app_store,U-00945,1.0,qr okuttuktan sonra uygulama beyaz ekranda kalıyor. mağdur durumdayım.
LZ-02207,2026-06-06 16:31:12,app_store,U-02472,3.0,her açılışta terkar tekrar sms kodu istiyor.
LZ-02213,2026-06-06 18:14:14,app_store,U-01741,3.0,Akıllı saatle ödeme yapabilmek harika olurdu. Değerlendirirseniz sevinirim.
LZ-02216,2026-06-06 18:54:51,app_store,U-01896,2.0,Canli destek hic cevap vermiyor.
LZ-02210,2026-06-06 19:44:16,app_store,U-00217,1.0,Ana sayfanın yüklenmesi yarım dakika sürüyor. Çok sinir bozucu.
LZ-02214,2026-06-06 21:31:15,support_ticket,U-01451,,"Selam, Yaklaşık 12 aydır kullanıcınızım. Kartı telefonun cüzdan uygulamasına eklemek istiyorum. Yol haritanızda var mı? Saygılarımla, Mehmet"
LZ-02223,2026-06-07 08:08:13,app_store,U-01674,4.0,Akilli saatle odeme yapabilmek harika olurdu.
LZ-02227,2026-06-07 09:15:58,app_store,U-01407,1.0,"İade süreci çok uzun, bir haftadır bekliyorum. Lütfen acilen çözün."
LZ-02228,2026-06-07 09:52:15,support_ticket,U-00558,,"Selam, Her gün öğle yemeğinde kullanıyorum. Bakiye takibi çok kolay, teşekkürler. 5 yıldızı hak ediyor. İyi çalışmalar, Elif"
LZ-02225,2026-06-07 11:57:06,app_store,U-02000,3.0,"şikayet yazdım, üç gündür dönüş yapılmadı. çok sinir bozucu."
LZ-02226,2026-06-07 12:48:13,app_store,U-00107,1.0,"İade süreci çok uzun, bir haftadır bekliyorum. Ayrıca NFC ödemesi sürekli zaman aşımına uğruyor. Lütfen acilen çözün."
LZ-02219,2026-06-07 13:29:20,app_store,U-02375,1.0,Ana sayfanın yüklenmesi yarım dakika sürüyor.
LZ-02222,2026-06-07 14:12:02,app_store,U-02105,1.0,Haritada kapanmış restoranlar hala görünüyor. Dönüşünüzü bekliyorum.
LZ-02218,2026-06-07 15:19:38,survey,U-01715,2.0,Giriş yaparken sürekli oturum süreniz doldu hatası alıyorum.
LZ-02224,2026-06-07 15:27:04,support_ticket,U-00572,,"Kullanmadığım bakiye sonraki aya aktarılmıyor, bu çok haksız. Rezalet. - Ece"
LZ-02229,2026-06-07 16:31:44,app_store,U-00441,5.0,Yemek karti uygulamalari arasinda en iyisi. 5 yildizi hak ediyor.
LZ-02221,2026-06-07 17:17:16,app_store,U-01859,2.0,"Yakınımdaki restoranları listelemiyor, konumumu bulamıyor. Mağdur durumdayım."
LZ-02220,2026-06-07 20:27:07,app_store,U-01428,3.0,eski android telefonumda açılışta çöküyor.
LZ-02217,2026-06-07 21:24:23,survey,U-01618,5.0,Kasada QR oktuuyorum ama ödeme bir türlü geçmiyor.
LZ-02230,2026-06-07 22:47:22,app_store,U-01455,4.0,Lezzo arayüz sade ve anlaşılır. Başarılar!
LZ-02234,2026-06-08 12:05:26,app_store,U-00783,1.0,Restoran ararken fitlreler çalışmıyor.
LZ-02235,2026-06-08 13:44:17,app_store,U-00332,5.0,akıllı saatle ödeme yapabilmek hairka olurdu.
LZ-02237,2026-06-08 15:55:49,app_store,U-00999,4.0,lezzo yemek kartı uygulamaları arasında en iyisi. 5 yıldızı hak ediyor.
LZ-02238,2026-06-08 16:19:34,app_store,U-00442,4.0,"Lezzo kart tasimaktan kurtuldum, harkia bir uygulama."
LZ-02232,2026-06-08 19:09:30,app_store,U-01566,1.0,bakiye yüklendi bildirimi geldi ama uygulamada eski bakiye duruyor. çok sinir bozucu.
LZ-02236,2026-06-08 19:39:05,app_store,U-01528,1.0,"Kullanmadigim bakiye sonraki aya aktarilmiyor, bu cok haksiz. Cok sinir bozucu."
LZ-02231,2026-06-08 19:40:44,survey,U-00450,6.0,QR okuttuktan sonra uygulama beyaz ekranda kalıyor.
LZ-02233,2026-06-08 22:51:06,app_store,U-00512,4.0,lezzo kahve zincirlerinde de geçerli olsa harika olur.
LZ-02241,2026-06-09 08:08:49,app_store,U-00890,2.0,NFC odemesi surekli zaman asimina ugruyor.
LZ-02251,2026-06-09 08:12:31,survey,U-02496,6.0,Karanlık mod eklenirse çok iyi olur.
LZ-02246,2026-06-09 08:50:29,support_ticket,U-02476,,"Merhabalar, Şirketimiz geçen ay bu karta geçti. Eski Android telefonumda açılışta çöküyor. Dönüşünüzü bekliyorum."
LZ-02247,2026-06-09 08:52:52,support_ticket,U-00006,,"Merhaba, Yaklaşık 12 aydır kullanıcınızım. Uygulama çok fzala pil tüketiyor. Dönüşünüzü bekliyorum. Saygılarımla, Ece"
LZ-02239,2026-06-09 12:23:02,app_store,U-02142,1.0,"Kamera QR kodu okumuyor, sürelki odaklanmaya çalışıyor. Rezalet."
LZ-02245,2026-06-09 13:01:24,app_store,U-01170,1.0,Lezzo bakiye ekranı açılana kadar kasadaki herkes bekliyor. Rezalet.
LZ-02244,2026-06-09 13:35:01,support_ticket,U-00641,,"Merhaba, E-posta adresim mehmet.y@example.com. Yeni giriş ekranından sonra hesabıma erişemiyorum. Dönüşünüzü bekliyorum. Saygılarımla, Mehmet"
LZ-02240,2026-06-09 16:39:09,support_ticket,U-00182,,"İyi günler, E-posta adresim mehmet.y@example.com. Temassız ödeme Xiaomi telefonumda çalışmıyor. Rezalet. - Deniz"
LZ-02248,2026-06-09 17:04:08,app_store,U-00532,2.0,ana sayfanın yükelnmesi yarım dakika sürüyor. çok sinir bozucu.
LZ-02243,2026-06-09 17:35:51,app_store,U-02364,2.0,"SMS dogrulama kodu gelmiyor, uygulamaya giremiyorum. Rezalet."
LZ-02242,2026-06-09 20:02:32,support_ticket,U-01338,,Yaklaşık 12 aydır kullanıcınızım. Kahve zincirlerinde de geçerli olsa harika olur. - Elif
LZ-02249,2026-06-09 21:40:49,app_store,U-00646,3.0,"Yakınımdaki restoranları listelemiyor, konumumu bulamıyor."
LZ-02250,2026-06-09 22:36:02,app_store,U-00998,4.0,Sistem temasına uyan bir koyu tema eklenmeli.
LZ-02265,2026-06-10 08:52:06,app_store,U-01056,5.0,"Odeme saniyeler icinde bitiyor, cok memnunum. Basarilar!"
LZ-02254,2026-06-10 10:09:57,support_ticket,U-00627,,"Şirketimiz geçen ay bu karta geçti. Telefonu POS cihazına yaklaştırıyorum, ödeme ekranı açılmıyor."
LZ-02258,2026-06-10 11:05:36,app_store,U-01493,1.0,Resotran ararken filtreler calismiyor.
LZ-02256,2026-06-10 12:21:18,app_store,U-00278,2.0,"uygulama surekli donuyor, kapatip acmam gerekiyor. magdur durumdayim."
LZ-02257,2026-06-10 13:05:11,survey,U-00240,5.0,"Yakınımdaki restoranları listelemiyor, konumumu bulamıyor."
LZ-02263,2026-06-10 13:12:54,app_store,U-01919,1.0,Lzezo canli destek hic cevap vermiyor. Magdur durumdayim.
LZ-02260,2026-06-10 14:58:53,app_store,U-00955,3.0,"gece kullanırken beyaz erkan göz yoruyor, karanlık tema lütfen. yol haritanızda var mı?"
LZ-02262,2026-06-10 15:17:53,support_ticket,U-00667,,"Merhabalar, Her gün öğle yemeğinde kullanıyorum. Kalan bakiyemi bir iş arkadaşıma trasnfer edemiyorum. Çok sinir bozucu. İyi çalışmalar, Mehmet"
LZ-02259,2026-06-10 16:47:21,app_store,U-01092,4.0,"Gece kullanırken beyaz ekran göz yoruyor, karanlık tema lütfen. Değerlendirirseniz sevinirim."
LZ-02267,2026-06-10 17:47:03,app_store,U-02384,4.0,Arayüz sade ve anlaşılır.
LZ-02255,2026-06-10 20:37:54,app_store,U-02184,4.0,market alisverisinde de kullanilabilse cok iyi olur. yol haritanizda var mi?
LZ-02264,2026-06-10 20:51:29,support_ticket,U-00146,,"Telefon numaram 0500 000 45 67, beni arayabilirsiniz. İade süreci çok uzun, bir haftadır bekliyorum. Mağdur durumdayım. - Deniz"
LZ-02253,2026-06-10 21:15:57,app_store,U-00181,2.0,Temassiz odeme iPhone telefonumda calismiyor. Magdur durumdayim.
LZ-02261,2026-06-10 21:29:09,app_store,U-02099,4.0,Apple Pay'e eklneebilse telefonu açmadan ödeme yapardım. Ayrıca karanlık mod eklenirse çok iyi olur. Teşekkürler.
LZ-02252,2026-06-10 22:28:51,app_store,U-01387,2.0,"qr ödemesi iki kere çekildi, bakiyemden iki kez düştü. ayrıca uygulama çok fazla pil tüketiyor. dönüşünüzü bekliyorum."
LZ-02266,2026-06-10 22:33:53,app_store,U-00931,5.0,"Kart taşımaktan kurtuldum, harika bir uygulama."
LZ-02280,2026-06-11 09:07:31,app_store,U-01762,5.0,Kullanımı çok basit ve hızlı. Başarılar!
LZ-02275,2026-06-11 09:26:49,app_store,U-00811,1.0,"kullanmadığım bakiye sonraki aya aktarılmıyor, bu çok haksız. dönüşünüzü bekliyorum."
LZ-02274,2026-06-11 10:01:51,support_ticket,U-00810,,"Merhaba, Gece kullanırken beyaz ekran göz yoruyor, karanlık tema lütfen. Ayrıca sevdiğim kafeler anlaşmalı değil, lütfen daha fazla restoran ekleyin. Yol haritanızda var mı? Saygılarımla, Selin"
LZ-02281,2026-06-11 10:02:13,app_store,U-02377,4.0,"bakiye takibi cok kolay, tesekkurler."
LZ-02278,2026-06-11 12:58:14,app_store,U-00338,3.0,Restoran odemeyi iptal etti ama para geri gelmedi. Ayrica canli destek hic cevap vermiyor. Magdur durumdayim.
LZ-02270,2026-06-11 13:02:32,app_store,U-02336,3.0,Restoran ağı genişlerse kartı çok daha fazla kullanırım.
LZ-02269,2026-06-11 14:00:40,survey,U-00489,4.0,Şirketim yükleme yaptığını söylüyor ama bakiyem sıfır görünüyor.
LZ-02273,2026-06-11 14:07:31,support_ticket,U-00853,,"Yakınımdaki restoranları listelemiyor, konumumu bulamıyor. Mağdur durumdayım. İyi çalışmalar, Mehmet"
LZ-02277,2026-06-11 16:51:55,app_store,U-00872,3.0,"Lezzo şikayet yazdım, üç gündür dönüş yapılmadı. Çok sinir bozucu."
LZ-02271,2026-06-11 18:58:04,survey,U-01630,7.0,"Anlaşmalı restoran sayısı çok az, Konak tarafında neredeyse hiç yer yok."
LZ-02268,2026-06-11 19:07:57,app_store,U-01146,1.0,"qr ile odeme sabahtan beri calismiyor, kasada rezil oldum."
LZ-02276,2026-06-11 20:18:39,survey,U-02085,6.0,Kalan bakiyemi bir iş arkadaşıma transfer edemiyorum.
LZ-02272,2026-06-11 21:32:45,survey,U-01656,6.0,Yemek siparisi uygulamalarinda da kullanilabilse harika olur.
LZ-02279,2026-06-11 22:05:37,app_store,U-00900,1.0,Iptal edilen siparisin iadesi hala bakiyeme yansimadi. Rezalet.
LZ-02289,2026-06-12 08:05:02,app_store,U-02257,1.0,"Bu ay bakiyem gec yuklendi, iki gun yeemk kartsiz kaldim. Donusunuzu bekliyorum."
LZ-02292,2026-06-12 10:01:07,app_store,U-01776,1.0,huawei telefonumda açılışta çöküyor. rezalet.
LZ-02288,2026-06-12 10:56:15,app_store,U-02034,2.0,"yüklenen tutar eksik görünüyor, 250 tl eksik."
LZ-02298,2026-06-12 11:02:25,app_store,U-02258,1.0,Restoran odemeyi iptal etti ama para geri gelmedi. Donusunuzu bekliyorum.
LZ-02296,2026-06-12 11:14:54,app_store,U-00712,2.0,Canlı destek hiç cevap vermiyor. Lütfen acilen çözün.
LZ-02297,2026-06-12 14:27:27,app_store,U-02353,2.0,iptal edilen siparişin iadesi hala bakiyeme yansımadı. lütfen acilen çözün.
LZ-02282,2026-06-12 14:46:48,survey,U-01689,5.0,"QR ödemesi iki kere çekildi, bakiyemden iki kez düştü."
LZ-02294,2026-06-12 14:59:06,support_ticket,U-02359,,"Merhaba, Kartı telefonun cüzdan uygulamasına eklemek istiyorum. Teşekkürler. - Burak"
LZ-02284,2026-06-12 15:05:08,app_store,U-00614,1.0,"Lezzo QR ile ödeme bu hafta çalışmıyor, kasada rezil oldum. Mağdur durumdayım."
LZ-02299,2026-06-12 15:53:22,support_ticket,U-01817,,Yaklaşık 18 aydır kullanıcınızım. Kullanımı çok basit ve hızlı. Ayrıca akıllı saatle ödeme yapabilmek harika olurdu. Emeği geçenlere teşekkürler!
LZ-02295,2026-06-12 16:34:48,app_store,U-00735,1.0,Bakiyenin son kullanma tarihi olduğunu kimse söylemedi. Rezalet.
LZ-02286,2026-06-12 17:22:05,survey,U-02397,3.0,"Temassiz odeme bazen geciyor bazen gecmiyor, guvenemiyorum."
LZ-02291,2026-06-12 17:37:04,app_store,U-00350,4.0,"lezzo sevdiğim kafeler anlaşmalı değil, lütfen daha fazla restoran ekleyin. yol haritanızda var mı?"
LZ-02287,2026-06-12 19:37:00,support_ticket,U-01418,,"Şirketim yükleme yaptığını söylüyor ama bakiyem sıfır görünüyor. Teşekkürler, Ece"
LZ-02293,2026-06-12 21:50:40,survey,U-00976,2.0,Bakiye ekranı açılana kadar kasadaki herkes bekliyor.
LZ-02285,2026-06-12 22:03:51,app_store,U-00417,2.0,"Lezzo telefonu POS cihazına yaklaştırıyorum, ödeme ekranı açılmıyor. Çok sinir bozucu."
LZ-02283,2026-06-12 22:34:54,app_store,U-01919,2.0,Kasada QR okutuoyrum ama ödeme bir türlü geçmiyor.
LZ-02290,2026-06-12 22:42:22,survey,U-00115,2.0,Şirketim yükleme yaptığını söylüyor ama bakiyem sıfır görünüyor.
LZ-02304,2026-06-13 09:53:22,support_ticket,U-01214,,"Merhaba, Her gün öğle yemeğinde kullanıyorum. Canlı destek hiç cevap vermiyor. Lütfen acilen çözün."
LZ-02303,2026-06-13 12:19:41,app_store,U-00563,1.0,Bakiye ekranı açılana kadar kasadaki herkes bekliyor. Ayrıca giriş yaparken sürekli oturum süreniz doldu hatası alıyorum. Rezalet.
LZ-02301,2026-06-13 15:37:00,support_ticket,U-01567,,"İyi günler, QR okuttuktan sonra uygulama beyaz ekranda kalıyor. İyi çalışmalar, Selin"
LZ-02305,2026-06-13 16:17:31,app_store,U-01702,1.0,Restoran ödemeyi iptal etti ama para geri gelmedi. Dönüşünüzü bekliyorum.
LZ-02302,2026-06-13 18:31:51,support_ticket,U-00722,,"İyi günler, QR kodu okutunca ödeme ekranında takılı kalıyor. Teşekkürler, Ceren"
LZ-02300,2026-06-13 20:33:25,app_store,U-00091,2.0,"qr ile ödeme yeni güncellemeden beri çalışmıyor, kasada rezil oldum. ayrıca gece kullanırken beyaz ekran göz yoruyor, karanlık tema lütfen. mağdur durumdayım."
LZ-02306,2026-06-13 22:01:56,support_ticket,U-00211,,Arayüz sade ve anlaşılır.
LZ-02307,2026-06-14 09:09:36,support_ticket,U-01471,,"Merhaba, Her gün öğle yemeğinde kullanıyorum. Kamera QR kodu okumuyor, sürekli odaklanmaya çalışıyor. İyi çalışmalar, Can"
LZ-02312,2026-06-14 09:09:59,survey,U-01566,2.0,"QR ile ödeme iki gündür çalışmıyor, kasada rezil oldum. Ayrıca bakiyenin son kullanma tarihi olduğunu kimse söylemedi."
LZ-02320,2026-06-14 10:28:26,survey,U-01360,8.0,Yemek karti uygulamalari arasinda en iyisi. Ayrica NFC ile odeme yapmak istiyorum ama telefonu yaklastirinca hicbir sey olmuyor.
LZ-02311,2026-06-14 11:44:09,survey,U-00586,3.0,"QR ödemesi iki kere çekildi, bakiyemden iki kez düştü."
LZ-02319,2026-06-14 12:02:50,app_store,U-00272,3.0,Restoran odemeyi iptal etti ama para geri gelmedi.
LZ-02314,2026-06-14 12:19:53,app_store,U-00026,1.0,"lezzo uygulama sürekli donuyor, kapatıp açmam gerekiyor. mağdur durumdayım."
LZ-02308,2026-06-14 14:13:21,app_store,U-02134,2.0,QR kodu okutunca ödeme ekranında takılı kalıyor. Lütfen acilen çözün.
LZ-02310,2026-06-14 14:16:46,app_store,U-00110,2.0,QR okuttuktan sonra uygulama beyaz ekranda kaliyor. Magdur durumdayim.
LZ-02321,2026-06-14 14:19:24,survey,U-01848,9.0,"Kart taşımaktan kurtuldum, harika bir uygulama."
LZ-02316,2026-06-14 16:20:21,app_store,U-02087,3.0,Sistem tmeasına uyan bir koyu tema eklenmeli.
LZ-02318,2026-06-14 17:22:21,support_ticket,U-01717,,"İyi günler, Uygulamada destek talebi oluşturma seçeneği bulamadım. Dönüşünüzü bekliyorum. - Mert"
LZ-02315,2026-06-14 17:40:41,support_ticket,U-00983,,"İyi günler, Şirketimiz geçen ay bu karta geçti. Ana sayfanın yüklenmesi yarım dakika sürüyor. Çok sinir bozucu. Saygılarımla, Zeynep"
LZ-02313,2026-06-14 19:38:59,support_ticket,U-02087,,"İyi günler, Bu ay bakiyem geç yüklendi, iki gün yemek kartsız kaldım. Mağdur durumdayım. - Selin"
LZ-02317,2026-06-14 19:44:56,app_store,U-01253,4.0,Google Pay entegrasyonu olsa çok pratik olur. Değerlendirirseniz sevinirim.
LZ-02309,2026-06-14 22:36:21,app_store,U-01027,1.0,qr okuttuktan sonra uygulama beyaz ekranda kalıyor. rezalet.
LZ-02329,2026-06-15 08:30:41,app_store,U-00222,2.0,Lezzo QR okuttuktan sonra uygulama beyaz ekranda kalıyor.
LZ-02331,2026-06-15 08:38:27,app_store,U-01479,2.0,Kasada QR okutuyorum ama ödeme bir türlü geçmiyor.
LZ-02332,2026-06-15 09:41:20,survey,U-00750,1.0,"Telefonu POS cihazına yaklaştırıyorum, ödeme ekranı açılmıyor."
LZ-02339,2026-06-15 11:03:38,survey,U-01668,6.0,Kalan bakiyemi bir is arkadasima transfer eedmiyorum.
LZ-02326,2026-06-15 11:06:39,support_ticket,U-02359,,"İyi günler, Kamera QR kodu okumuyor, sürekli odaklanmaya çalışıyor. Lütfen acilen çözün. Teşekkürler, Selin"
LZ-02330,2026-06-15 11:53:45,app_store,U-01481,1.0,"Kamera QR kodu okumuyor, sürekli odaklanmaya çalışıyor. Lütfen acilen çözün."
LZ-02325,2026-06-15 12:25:40,support_ticket,U-01602,,"Merhaba, Her gün öğle yemeğinde kullanıyorum. Kasada QR okutuyorum ama ödeme bir türlü geçmiyor. Rezalet. - Can"
LZ-02328,2026-06-15 13:06:43,survey,U-01747,1.0,"QR ile ödeme iki gündür çalışmıyor, kasada rezil oldum."
LZ-02327,2026-06-15 13:09:31,support_ticket,U-01224,,"Selam, Telefon numaram 0500 000 45 67, beni arayabilirsiniz. QR okuttuktan sonra uygulama beyaz ekranda kalıyor. Ayrıca şikayet yazdım, üç gündür dönüş yapılmadı. Lütfen acilen çözün. Teşekkürler, Ayşe"
LZ-02337,2026-06-15 13:12:39,app_store,U-01704,2.0,Bakiye ekranı açılana kadar kasadaki herkes bekliyor. Ayrıca her açılışta tekrar tekrar SMS kodu istiyor. Çok sinir bozucu.
LZ-02338,2026-06-15 14:26:16,survey,U-02145,6.0,Karanlık mod eklenirse çok iyi olur.
LZ-02333,2026-06-15 14:59:13,app_store,U-02203,2.0,"Bu ay bakiyem geç yüklendi, iki gün yemek kartsız kaldım. Rezalet."
LZ-02340,2026-06-15 16:50:58,app_store,U-00018,4.0,Arayüz sade ve anlaşılır.
LZ-02335,2026-06-15 17:16:31,app_store,U-01801,1.0,Şifremi doğru girmeme rağmen giriş yapamıyorum.
LZ-02322,2026-06-15 17:22:44,support_ticket,U-00118,,"E-posta adresim mehmet.y@example.com. Kasada QR okutuyorum ama ödeme bir türlü geçmiyor. Lütfen acilen çözün. Teşekkürler, Mehmet"
LZ-02324,2026-06-15 17:52:14,app_store,U-00931,2.0,Odeme onaylandi diyor ama restoranin cihazina dusmuyor.
LZ-02336,2026-06-15 19:14:40,app_store,U-01727,3.0,uygulama çok fazla pil tüketiyor. dönüşünüzü bekliyorum.
LZ-02334,2026-06-15 19:17:25,support_ticket,U-01252,,"Şirketimiz geçen ay bu karta geçti. Bu ay bakiyem geç yüklendi, iki gün yemek kartsız kaldım. Dönüşünüzü bekliyorum. İyi çalışmalar, Deniz"
LZ-02323,2026-06-15 22:09:10,support_ticket,U-02382,,"Merhaba, QR okuttuktan sonra uygulama beyaz ekranda kalıyor. Rezalet. İyi çalışmalar, Emre"
LZ-02356,2026-06-16 08:02:37,app_store,U-02332,4.0,kahve zincirlerinde de gecerli olsa harika olur. ayrica sirketim yukleme yaptigini soyluyor ama bakiyem sifir gorunuyor.
LZ-02371,2026-06-16 08:50:38,survey,U-00385,10.0,Arayüz sade ve anlaşılır.
LZ-02342,2026-06-16 08:56:26,app_store,U-02272,1.0,lezzo ödeme onaylandı diyor ama restoranın cihazına düşmüyor.
LZ-02365,2026-06-16 09:07:24,support_ticket,U-02466,,"Restoran ararken filtreler çalışmıyor. Ayrıca market alışverişinde de kullanılabilse çok iyi olur. Çok sinir bozucu. Saygılarımla, Ceren"
LZ-02364,2026-06-16 09:39:51,app_store,U-01400,1.0,Haritada restoranlar yanlış konumda gösteriliyor.
LZ-02366,2026-06-16 10:49:05,support_ticket,U-01414,,"Yaklaşık 8 aydır kullanıcınızım. Google Pay entegrasyonu olsa çok pratik olur. İyi çalışmalar, Elif"
LZ-02344,2026-06-16 11:14:25,app_store,U-01869,1.0,"QR odemesi iki kere cekildi, bakiyemden iki kez dustu. Ayrica giris yaparken surekli oturum sureniz doldu hatasi aliyorum."
LZ-02355,2026-06-16 11:29:02,app_store,U-00940,2.0,Bakiye yüklendi bildirimi geldi ama uygulamada eski bakiye duruyor. Mağdur durumdayım.
LZ-02360,2026-06-16 11:30:49,app_store,U-00033,1.0,Uygulama çok fazla pil tüketiyor.
LZ-02348,2026-06-16 12:57:45,survey,U-01538,1.0,QR kodu okutunca ödeme ekranında takılı kalıyor.
LZ-02354,2026-06-16 13:01:51,support_ticket,U-01750,,"Her gün öğle yemeğinde kullanıyorum. Maaş günü geldi ama yemek bakiyem hala yüklenmedi. Ayrıca kartı telefonun cüzdan uygulamasına eklemek istiyorum. İyi çalışmalar, Mert"
LZ-02351,2026-06-16 13:05:17,support_ticket,U-01516,,"Merhabalar, Temassız ödeme Oppo telefonumda çalışmıyor. Dönüşünüzü bekliyorum. Saygılarımla, Ece"
LZ-02357,2026-06-16 14:39:35,support_ticket,U-01500,,"Merhabalar, Her gün öğle yemeğinde kullanıyorum. Evimin ve iş yerimin yakınında kartın geçtiği restoran yok. Yol hariatnızda var mı? - Emre"
LZ-02359,2026-06-16 15:12:00,app_store,U-00249,1.0,Bakiye ekranı açılana kadar kasadaki herkes bekliyor. Mağdur durumdayım.
LZ-02341,2026-06-16 15:41:43,app_store,U-01796,2.0,kasada qr okutuyorum ama ödeme bir türlü geçmiyor. mağdur durumdayım.
LZ-02367,2026-06-16 15:44:37,survey,U-01165,0.0,Kalan bakiyemi bir iş arkadaşıma transfer edemiyorum.
LZ-02349,2026-06-16 15:46:58,app_store,U-01480,1.0,"QR ile ödeme bu hafta çalışmıyor, kasada rezil oldum. Çok sinir bozucu."
LZ-02350,2026-06-16 16:01:48,survey,U-00699,5.0,Kasada QR okutuyorum ama ödeme bir türlü geçmiyor.
LZ-02352,2026-06-16 16:16:33,support_ticket,U-00955,,"İyi günler, Temassız ödeme bazen geçiyor bazen geçmiyor, güvenemiyorum. Mağdur durumdayım. İyi çalışmalar, Ece"
LZ-02358,2026-06-16 16:16:50,app_store,U-00131,1.0,Lezzo her açılışta tekrar tekrar SMS kodu istiyor. Çok sinir bozucu.
LZ-02369,2026-06-16 16:39:59,support_ticket,U-01410,,"İyi günler, Her gün öğle yemeğinde kullanıyorum. Müşteri hizmetlerine ulaşmak imkansız, çağrı merkezi yarım saat bekletiyor. Lütfen acilen çözün. İyi çalışmalar, Deniz"
LZ-02346,2026-06-16 17:20:15,support_ticket,U-01689,,"Şirketimiz geçen ay bu karta geçti. Ödeme onaylandı diyor ama restoranın cihazına düşmüyor. İyi çalışmalar, Mehmet"
LZ-02361,2026-06-16 17:21:15,support_ticket,U-02264,,"Merhaba, E-posta adresim ayse.k@example.com. Uygulama çok fazla pil tükteiyor. İyi çalışmalar, Can"
LZ-02345,2026-06-16 17:29:42,app_store,U-01100,2.0,QR kodu okutunca ödeme ekranında takılı kalıyor.
LZ-02347,2026-06-16 18:46:13,support_ticket,U-01866,,QR okuttuktan sonra uygulama beyaz ekranda kalıyor. - Mehmet
LZ-02353,2026-06-16 19:56:12,support_ticket,U-01750,,"Telefon numaram 0500 000 89 01, beni arayabilirsiniz. Şirketim yükleme yaptığını söylüyor ama bakiyem sıfır görünüyor. Rezalet. - Selin"
LZ-02362,2026-06-16 20:20:41,app_store,U-01454,1.0,Ana sayfanın yüklenmesi yarım dakika sürüyor. Rezalet.
LZ-02343,2026-06-16 20:29:44,app_store,U-00018,3.0,qr kodu okutunca odeme ekraninda takili kaliyor. magdur durumdayim.
LZ-02370,2026-06-16 20:33:06,survey,U-02349,9.0,Arayüz sade ve anlaşılır.
LZ-02368,2026-06-16 21:08:34,support_ticket,U-01367,,"İyi günler, Şirketimiz geçen ay bu karta geçti. Müşteri hizmetlerine ulaşmak imkansız, çağrı merkezi yarım saat bekletiyor. Lütfen acilen çözün. İyi çalışmalar, Ayşe"
LZ-02363,2026-06-16 21:49:30,support_ticket,U-01347,,"Selam, Bakiye erkanı açılana kadar kasadaki herkes bekliyor. - Burak"
LZ-02378,2026-06-17 09:24:44,app_store,U-00561,1.0,QR okuttuktan sonra uygulama beyaz ekranda kaliyor. Lutfen acilen cozun.
LZ-02373,2026-06-17 09:51:28,app_store,U-00881,3.0,kasada qr okutuyorum ama ödeme bir türlü geçmiyor.
LZ-02390,2026-06-17 10:52:39,support_ticket,U-00889,,"Merhabalar, E-posta adresim ayse.k@example.com. Ay sonunda kalan bakiye yanıyor mu, bir sonraki aya devretmesi lazım. Teşekkürler, Selin"
LZ-02385,2026-06-17 10:53:12,survey,U-01443,1.0,"Doğrulama kodu çok geç geliyor, geldiğinde de süresi dolmuş oluyor."
LZ-02381,2026-06-17 11:14:56,survey,U-00943,2.0,"QR ödemesi iki kere çekildi, bakiyemden iki kez düştü."
LZ-02377,2026-06-17 11:29:00,support_ticket,U-00984,,"Merhabalar, E-posta adresim mehmet.y@example.com. Kasada QR okutuyorum ama ödeme bir türlü geçmiyor. Ayrıca anlaşmalı restoran sayısı çok az, Bornova tarafında neredeyse hiç yer yok. Çok sinir bozucu. Saygılarımla, Ceren"
LZ-02388,2026-06-17 13:27:36,survey,U-01396,4.0,Haritada restoranlar yanlış konumda gösteriliyor.
LZ-02372,2026-06-17 13:37:16,app_store,U-02059,2.0,"Lezzo kamera QR kodu okumuyor, surekli odaklanmaya calisiyor."
LZ-02383,2026-06-17 13:38:10,app_store,U-00187,5.0,Yemek siparişi uygulamalarında da kullanılabilse harika olur. Değerlendirirseniz sevinirim.
LZ-02391,2026-06-17 15:27:32,support_ticket,U-00833,,"Merhaba, Telefon numaram 0500 000 12 34, beni arayabilirsiniz. Uygulamada destek talebi oluşturma seçeneği bulamadım. Çok sinir bozucu."
LZ-02389,2026-06-17 16:20:10,support_ticket,U-00959,,"İyi günler, Restroanların çalışma saatleri yanlış yazıyor. Dönüşünüzü bekliyorum. - Mert"
LZ-02379,2026-06-17 16:20:23,app_store,U-02187,2.0,"qr ödemesi iki kere çekildi, bakiyemden iki kez düştü. mağdur durumdayım."
LZ-02382,2026-06-17 17:17:16,survey,U-00570,6.0,Yemek siparişi uygulamalarında da kullanılabilse harika olur.
LZ-02376,2026-06-17 17:53:17,app_store,U-01582,1.0,"Kamera QR kodu okumuyor, sürekli odaklanmaya çalışıyor. Dönüşünüzü bekliyorum."
LZ-02384,2026-06-17 18:49:57,survey,U-00802,7.0,"Anlaşmalı restoran sayısı çok az, Kadıköy tarafında neredeyse hiç yer yok."
LZ-02375,2026-06-17 19:57:54,app_store,U-01596,2.0,"kamera qr kodu okumuyor, sürekli odaklanmaya çalışıyor."
LZ-02386,2026-06-17 20:03:50,app_store,U-01675,2.0,"Uygulama çok yavaş açılıyor, kasada sırayı bekletiyorum. Lütfen acilen çözün."
LZ-02374,2026-06-17 21:24:01,survey,U-00858,1.0,QR okuttuktan sonra uygulama beyaz ekranda kaliyor.
LZ-02387,2026-06-17 22:13:59,app_store,U-01881,1.0,Lezzo haritada kapanmış restoranlar hala görünüyor. Çok sinir bozucu.
LZ-02380,2026-06-17 22:45:29,support_ticket,U-00136,,"Telefon numaram 0500 000 45 67, beni arayabilirsiniz. Ödeme onaylandı diyor ama restoranın cihazına düşmüyor. Rezalet. Saygılarımla, Emre"
LZ-02395,2026-06-18 08:16:47,app_store,U-01932,3.0,"kamera qr kodu okumuyor, surekli odaklanmaya calisiyor. cok sinir bozucu."
LZ-02403,2026-06-18 09:26:56,support_ticket,U-01024,,"Merhaba, Restoranların çalışma saatleri yanlış yazıyor. Rezalet. Teşekkürler, Mehmet"
LZ-02400,2026-06-18 09:41:13,app_store,U-01951,5.0,"Anlaşmalı restoran sayısı çok az, Maslak tarafında neredeyse hiç yer yok."
LZ-02401,2026-06-18 10:33:40,app_store,U-00419,3.0,Evimin ve is yerimin yakininda kartin gectigi restoran yok. Tesekkurler.
LZ-02406,2026-06-18 10:49:32,support_ticket,U-01364,,"İyi günler, Apple Pay'e eklenebilse telefonu açmdaan ödeme yapardım."
LZ-02394,2026-06-18 11:26:49,support_ticket,U-01583,,"E-posta adresim ayse.k@example.com. QR ödemesi iki kere çekildi, bakiyemden iki kez düştü. Saygılarımla, Burak"
LZ-02405,2026-06-18 11:31:02,support_ticket,U-02365,,"İyi günler, E-posta adresim ayse.k@example.com. Kartı telefonun cüzdan uygulamasına eklemek istiyorum. Teşekkürler."
LZ-02392,2026-06-18 11:52:10,app_store,U-00684,2.0,Kasada QR okutuyorum ama ödeme bir türlü geçmiyor. Lütfen acilen çözün.
LZ-02404,2026-06-18 12:24:52,app_store,U-02149,4.0,karnalik mod secenegi yok mu? degerlendirirseniz sevinirim.
LZ-02398,2026-06-18 13:20:50,support_ticket,U-01962,,"Merhabalar, Her gün öğle yemeğinde kullanıyorum. Maaş günü geldi ama yemek bakiyem hala yüklenmedi. İyi çalışmalar, Elif"
LZ-02396,2026-06-18 15:13:25,app_store,U-02127,1.0,"Kmaera QR kodu okumuyor, sürekli odaklanmaya çalışıyor. Lütfen acilen çözün."
LZ-02402,2026-06-18 16:39:51,app_store,U-01729,1.0,"Uygulama sürekli donuyor, kapatıp açmam gerekiyor. Rezalet."
LZ-02397,2026-06-18 17:37:19,survey,U-00725,4.0,Maas gunu geldi ama yemek bakiyem hala yuklenmedi.
LZ-02407,2026-06-18 19:36:25,app_store,U-02118,1.0,"İade süreci çok uzun, bir haftadır bekliyorum."
LZ-02399,2026-06-18 19:51:29,support_ticket,U-01841,,"İyi günler, Sevdiğim kafeler anlaşmalı değil, lütfen daha fazla restoran ekleyin. Yol haritanızda var mı? İyi çalışmalar, Elif"
LZ-02393,2026-06-18 20:10:20,app_store,U-00131,3.0,"Kamera QR kodu okumuyor, sürekli odaklanmaya çalışıyor. Çok sinir bozucu."
LZ-02417,2026-06-19 08:10:54,survey,U-01027,5.0,Uygulama çok fazla pil tüketiyor.
LZ-02410,2026-06-19 08:24:04,support_ticket,U-02131,,"Merhaba, Yaklaşık 3 aydır kullanıcınızım. Kamera QR kodu okumuyor, sürekli odaklanmaya çalışıyor. Lütfen acilen çözün. - Burak"
LZ-02423,2026-06-19 09:06:05,app_store,U-02286,3.0,restoran odemeyi iptal etti ama para geri gelmedi. magdur durumdayim.
LZ-02416,2026-06-19 09:06:20,app_store,U-00327,2.0,"Yuklenen tutar eksik gorunuyor, 50 TL eksik. Cok sinir bozucu."
LZ-02412,2026-06-19 09:27:44,app_store,U-02185,1.0,qr kodu okutunca ödeme ekranında takılı kalıyor.
LZ-02421,2026-06-19 11:34:56,app_store,U-00897,1.0,Kalan bakiyemi bir is arkadasima transfer edemiyorum. Lutfen acilen cozun.
LZ-02418,2026-06-19 12:34:04,survey,U-00576,2.0,Ana sayfanın yüklenmesi yarım dakika sürüyor.
LZ-02408,2026-06-19 12:47:37,app_store,U-02249,2.0,Kasada QR okutuyorum ama ödeme bir türlü geçmiyor. Rezalet.
LZ-02425,2026-06-19 14:00:29,survey,U-00226,9.0,"Ödeme saniyeler içinde bitiyor, çok memnunum."
LZ-02415,2026-06-19 15:03:47,support_ticket,U-02165,,"İyi günler, E-posta adresim ayse.k@example.com. Temassız ödeme iPhone telefonumda çalışmıyor. İyi çalışmalar, Can"
LZ-02420,2026-06-19 15:36:09,app_store,U-01751,5.0,"Karanlık mod eklenirse çok iyi olur. Ayrıca iade süreci çok uzun, bir haftadır bekliyorum. Değerlendirirseniz sevinirim."
LZ-02409,2026-06-19 16:40:00,app_store,U-01927,2.0,"kamera qr kodu okumuyor, sürekli odaklanmaya çalışıyor. mağdur durumdayım."
LZ-02414,2026-06-19 17:31:53,app_store,U-01237,2.0,"Kamera QR kodu okumuyor, surekli odaklanmaya calisiyor."
LZ-02411,2026-06-19 19:17:16,app_store,U-01924,2.0,"Lezzo QR ile odeme dunden beri calismiyor, kasada rezil oldum. Cok sinir bozucu."
LZ-02413,2026-06-19 19:21:15,app_store,U-00160,3.0,Lezzo QR kodu okutunca ödeme ekranında takılı kalıyor. Rezlaet.
LZ-02424,2026-06-19 19:26:36,support_ticket,U-01747,,İptal edilen siparişin iadsei hala bakiyeme yansımadı. - Elif
LZ-02422,2026-06-19 21:34:56,app_store,U-00582,3.0,"Lezzo şikayet yazdım, üç gündür dönüş yapılmadı. Çok sinir bozucu."
LZ-02419,2026-06-19 22:05:17,support_ticket,U-01442,,"Restoran ararken filtreler çalışmıyor. İyi çalışmalar, Ceren"
LZ-02439,2026-06-20 08:08:30,survey,U-02336,3.0,"Yakinimdaki restoranlari listelemiyor, konumumu bulamiyor."
LZ-02440,2026-06-20 09:38:35,survey,U-02012,3.0,Haritada kapanmış restoranlar hala görünüyor.
LZ-02426,2026-06-20 13:18:05,survey,U-01899,3.0,"QR ödemesi iki kere çekildi, bakiyemden iki kez düştü."
LZ-02444,2026-06-20 14:18:58,survey,U-01988,2.0,Canlı destek hiç cevap vermiyor.
LZ-02441,2026-06-20 15:03:44,survey,U-01043,6.0,Restoran ararken filtreler çalışmıyor.
LZ-02432,2026-06-20 15:05:56,survey,U-02157,2.0,Kasada QR okutuyorum ama ödeme bir türlü geçmiyor.
LZ-02436,2026-06-20 15:17:18,support_ticket,U-02369,,"İyi günler, Şirketimiz geçen ay bu karta geçti. Temassız ödeme bazen geçiyor bazen geçmiyor, güvenemiyorum. Rezalet. Saygılarımla, Deniz"
LZ-02437,2026-06-20 15:45:54,support_ticket,U-01904,,"Selam, Şirketimiz geçen ay bu karta geçti. Temassız ödeme bazen geçiyor bazen geçmiyor, güvenemiyorum. Rezalet. Teşekkürler, Ceren"
LZ-02427,2026-06-20 16:17:24,app_store,U-00710,2.0,"Kamera QR kodu okumuyor, sürekli odaklanmaya çalışıyor."
LZ-02433,2026-06-20 16:30:45,support_ticket,U-01626,,"İyi günler, QR kodu okutunca ödeme ekranında takılı kalıyor. Dönüşünüzü bekliyorum. Saygılarımla, Deniz"
LZ-02442,2026-06-20 17:09:21,support_ticket,U-00101,,"Merhaba, Telefon numaram 0500 000 45 67, beni arayabilirsiniz. Kartı telefonun cüzdan uygulamasına eklemek istiyorum. Teşekkürler, Emre"
LZ-02438,2026-06-20 18:13:22,app_store,U-00735,1.0,Bakiye ekrani acilana kadar kasadaki herkes bekliyor. Magdur durumdayim.
LZ-02443,2026-06-20 18:16:33,app_store,U-00258,2.0,"Lezzo ay sonunda kalan bakiye yanıyor mu, bir sonraki aya devretmesi lazım. Mağdur durumdayım."
LZ-02429,2026-06-20 20:04:54,survey,U-00121,1.0,Kasada QR okutuyorum ama odeme bir turlu gecmiyor.
LZ-02435,2026-06-20 20:06:59,app_store,U-00581,1.0,qr kodu okutnuca odeme ekraninda takili kaliyor. lutfen acilen cozun.
LZ-02428,2026-06-20 21:15:13,app_store,U-00688,3.0,qr okuttuktan sonra uygulama beyaz ekranda kalıyor. mağdur durumdayım.
LZ-02430,2026-06-20 21:34:53,app_store,U-01476,2.0,Kasada QR okutuyorum ama odeme bir turlu gecmiyor. Rezalet.
LZ-02434,2026-06-20 22:29:24,app_store,U-01019,1.0,"QR ile ödeme iki gündür çalışmıyor, kasada rezil oldum. Lütfen acilen çözün."
LZ-02431,2026-06-20 22:37:48,app_store,U-02424,1.0,"kamera qr kodu okumuyor, sürekli odaklanmaya çalışıyor."
LZ-02452,2026-06-21 09:53:46,app_store,U-02108,4.0,"Kart tasimaktan kurtuldum, harika bir uygulama."
LZ-02447,2026-06-21 10:40:01,app_store,U-00352,3.0,"qr ile odeme sabahtan beri calismiyor, kasada rezil oldum. magdur durumdayim."
LZ-02445,2026-06-21 11:38:44,app_store,U-01549,1.0,"qr ödemesi iki kere çekildi, bakiyemden iki kez düştü. rezalet."
LZ-02446,2026-06-21 16:35:54,survey,U-01378,0.0,"QR ödemesi iki kere çekidli, bakiyemden iki kez düştü."
LZ-02449,2026-06-21 17:52:10,support_ticket,U-01429,,"E-posta adresim mehmet.y@example.com. QR okuttuktan sonra uygulama beyaz ekranda kalıyor. Lütfen acilen çözün. İyi çalışmalar, Mehmet"
LZ-02448,2026-06-21 21:09:29,app_store,U-01462,1.0,QR kodu okutunca ödeme ekranında takılı kalıyor. Mağdur durumdayım.
LZ-02451,2026-06-21 22:08:31,survey,U-00247,0.0,Uygulamada destek talebi oluşturma seçeneği bulamadım. Ayrıca haritada kapanmış restoranlar hala görünüyor.
LZ-02450,2026-06-21 22:50:39,app_store,U-02240,3.0,qr kodu okutunca odeme erkaninda takili kaliyor. donusunuzu bekliyorum.
LZ-02473,2026-06-22 08:04:56,support_ticket,U-02425,,"İyi günler, İptal edilen siparişin iadesi hala bakiyeme yansımadı. Çok sinir bozucu. Teşekkürler, Ece"
LZ-02458,2026-06-22 09:02:45,app_store,U-01779,1.0,Ödeme onaylandı diyor ama restoranın cihazına düşmüyor. Mağdur durumdayım.
LZ-02465,2026-06-22 09:06:27,app_store,U-02266,4.0,Yemek siparişi uygulamalarında da kullanılabilse harika olur.
LZ-02460,2026-06-22 10:46:52,survey,U-01267,5.0,"QR ödemesi iki kere çekildi, bakiyemden iki kez düştü."
LZ-02477,2026-06-22 10:48:25,app_store,U-01231,5.0,Arayüz sade ve anlaşılır.
LZ-02467,2026-06-22 10:51:20,support_ticket,U-01491,,"Selam, Şirketimiz geçen ay bu karta geçti. Bakiye ekranı açılana kadar kasadaki herkes bekliyor. Teşekkürler, Deniz"
LZ-02472,2026-06-22 11:23:08,support_ticket,U-02261,,"Merhabalar, E-posta adresim zeynep.a@example.com. Şikayet yazdım, üç gündür dönüş yapılmadı. Lütfen acilen çözün."
LZ-02469,2026-06-22 12:31:23,app_store,U-01904,3.0,google pay entegrasyonu olsa çok pratik olur. değerlendirirseniz sevinirim.
LZ-02459,2026-06-22 12:39:23,app_store,U-00253,1.0,"Kamera QR kodu okumuyor, sürekli odaklanmaya çalışıyor. Mağdur durumdayım."
LZ-02462,2026-06-22 13:01:40,survey,U-01775,6.0,"Yuklenen tutar eksik gorunuyor, 400 TL eksik."
LZ-02470,2026-06-22 13:17:36,app_store,U-01413,5.0,"Apple Pay'e ekleneblise telefonu açmadan ödeme yapardım. Ayrıca iade süreci çok uzun, bir haftadır bekliyorum. Yol haritanızda var mı?"
LZ-02456,2026-06-22 14:38:11,app_store,U-01777,3.0,Ödeme onaylandı diyor ama restoranın cihazına düşmüyor. Rezalet.
LZ-02466,2026-06-22 15:07:46,app_store,U-00590,2.0,her acilista tekrar tekrar sms kodu istiyor. cok sinir bozucu.
LZ-02454,2026-06-22 15:09:34,support_ticket,U-02097,,"Merhabalar, Kasada QR okutuyorum ama ödeme bir türlü geçmiyor. Mağdur durumdayım. - Emre"
LZ-02453,2026-06-22 18:10:37,app_store,U-00282,2.0,Ksaada QR okutuyorum ama ödeme bir türlü geçmiyor. Dönüşünüzü bekliyorum.
LZ-02475,2026-06-22 18:31:49,support_ticket,U-00441,,"Merhabalar, Şirketimiz geçen ay bu karta geçti. İptal edilen siparişin iadesi hala bakiyeme yansımadı. Lütfen acilen çözün. Saygılarımla, Emre"
LZ-02476,2026-06-22 18:51:36,support_ticket,U-00836,,"Tleefon numaram 0500 000 45 67, beni arayabilirsiniz. İade süreci çok uzun, bir haftadır bekliyorum. Mağdur durumdayım. İyi çalışmalar, Elif"
LZ-02464,2026-06-22 19:38:17,support_ticket,U-01302,,"Merhabalar, Telefon numaram 0500 000 12 34, beni arayabilirsiniz. Kahve zincirlerinde de geçerli olsa harika olur. Ayrıca şikayet yazdım, üç gündür dönüş yapılmadı. - Ece"
LZ-02461,2026-06-22 19:54:34,support_ticket,U-00367,,"Selam, E-posta adresim mehmet.y@example.com. QR ödemesi iki kere çekildi, bakiyemden iki kez düştü. Rezalet. İyi çalışmalar, Ceren"
LZ-02463,2026-06-22 20:54:58,app_store,U-02189,1.0,"Bu ay bakiyem geç yüklendi, iki gün yemek kartsız kaldım. Ayrıca karanlık mod eklenirse çok iyi olur. Lütfen acilen çözün."
LZ-02471,2026-06-22 21:00:42,support_ticket,U-01298,,"Merhabalar, Şikayet yazdım, üç gündür dönüş yapılmadı. Çok sinir bozucu. İyi çalışmalar, Ece"
LZ-02457,2026-06-22 21:34:16,app_store,U-01103,1.0,"Odeme onaylandi diyor ama restoranin cihazina dusmuyor. Ayrica musteri hizmetlerine ulasmak imkansiz, cagri merkezi yarim saat bekletiyor. Donusunuzu bekliyorum."
LZ-02468,2026-06-22 22:05:46,support_ticket,U-00367,,"Selam, Şirketimiz geçen ay bu karta geçti. Restoran ararken filtreler çalışmıyor. İyi çalışmalar, Can"
LZ-02474,2026-06-22 22:57:21,app_store,U-00779,3.0,"İade süreci çok uzun, bir haftadır bekliyorum. Lütfen acilen çözün."
LZ-02455,2026-06-22 22:59:57,support_ticket,U-01812,,"Merhabalar, QR ile ödeme bu hafta çalışmıyor, kasada rezil oldum. Dönüşünüzü bekliyorum. İyi çalışmalar, Can"
LZ-02494,2026-06-23 09:52:53,app_store,U-02088,3.0,Uygulama cok fazla pil tuketiyor. Lutfen acilen cozun.
LZ-02492,2026-06-23 10:06:37,support_ticket,U-02112,,"Telefon numaram 0500 000 89 01, beni arayabilirsiniz. Yeni giriş ekranından sonra hesabıma erişemiyorum. Lütfen acilen çözün. Saygılarımla, Mert"
LZ-02497,2026-06-23 10:48:23,app_store,U-01251,5.0,Kullanımı çok basit ve hızlı.
LZ-02484,2026-06-23 10:50:33,survey,U-01743,6.0,"QR ile ödeme iki gündür çalışmıyor, kasada rezil oldum. Ayrıca gece kullanırken beyaz ekran göz yoruyor, karanlık tema lütfen."
LZ-02496,2026-06-23 10:54:16,support_ticket,U-02251,,"Şirketimiz geçen ay bu karta geçti. Restoran ödemeyi iptal etti ama para geri gelmedi. Saygılarımla, Can"
LZ-02499,2026-06-23 11:30:58,app_store,U-01245,5.0,Kullanimi cok basit ve hizli.
LZ-02495,2026-06-23 12:29:27,survey,U-01654,1.0,Kalan bakieymi bir iş arkadaşıma transfer edemiyorum.
LZ-02483,2026-06-23 12:57:55,support_ticket,U-00120,,"İyi günler, E-posta adresim zeynep.a@example.com. QR ile ödeme son güncellemeden sonra çalışmıyor, kasada rezil oldum."
LZ-02490,2026-06-23 14:17:25,app_store,U-00431,2.0,"Telefonu POS cihazına yaklaştırıyorum, ödeme ekranı açılmıyor. Mağdur durmudayım."
LZ-02486,2026-06-23 14:34:20,app_store,U-00055,1.0,Odeme onaylandi diyor ama restoranin cihazina dusmuyor. Magdur durumdayim.
LZ-02487,2026-06-23 14:47:47,app_store,U-00865,1.0,QR okuttuktan sonra uygulama beyaz ekranda kalıyor. Çok sinir bozucu.
LZ-02498,2026-06-23 16:44:08,survey,U-01187,8.0,"Bakiye takibi çok kolay, teşekkürler."
LZ-02478,2026-06-23 16:50:06,app_store,U-00330,2.0,ödeme onaylandı diyor ama restoranın cihazına düşmüyor. lütfen acilen çözün.
LZ-02488,2026-06-23 17:31:52,support_ticket,U-00147,,"Merhabalar, Şirketimiz geçen ay bu karta geçti. QR ile ödeme dünden beri çalışmıyor, kasada rezil oldum. - Ceren"
LZ-02493,2026-06-23 18:14:11,support_ticket,U-02378,,"Merhabalar, Şirketimiz geçen ay bu karta geçti. Doğrulama kodu çok geç geliyor, geldiğinde de süresi dolmuş oluyor. Dönüşünüzü bekliyorum. - Mert"
LZ-02480,2026-06-23 19:41:33,app_store,U-00799,3.0,QR kodu okutunca ödeme ekranında takılı kalıyor. Mağdur durumdayım.
LZ-02491,2026-06-23 20:48:41,survey,U-00853,5.0,Evimin ve iş yerimin yakınında kartın geçtiği restoran yok.
LZ-02482,2026-06-23 20:51:21,app_store,U-02077,1.0,QR kodu okutunca odeme erkaninda takili kaliyor. Donusunuzu bekliyorum.
LZ-02489,2026-06-23 21:07:42,app_store,U-02164,3.0,"Temassız ödeme bazen geçiyor bazen geçmiyor, güvenemiyorum. Mağdur durumdayım."
LZ-02485,2026-06-23 21:37:42,survey,U-00277,3.0,QR kodu okutunca ödeme ekranında takılı kalıyor.
LZ-02481,2026-06-23 21:40:23,app_store,U-00510,1.0,QR okuttuktan sonra uygulama beyaz ekranda kalıyor.
LZ-02479,2026-06-23 22:31:37,survey,U-01282,1.0,QR kodu okutunca ödeme ekranında takılı kalıyor.
LZ-02511,2026-06-24 08:13:37,app_store,U-00503,2.0,ödeme onaylandı diyor ama restoranın cihazına düşmüyor. çok sinir bozucu.
LZ-02507,2026-06-24 08:59:47,survey,U-01151,6.0,Kasada QR okutuyorum ama odeme bir turlu gecmiyor.
LZ-02509,2026-06-24 09:40:01,survey,U-02031,3.0,"QR ile ödeme sabahtan beri çalışmıyor, kasada rezil oldum."
LZ-02519,2026-06-24 10:26:28,survey,U-00699,5.0,"Uygulama çok yavaş açılıyor, kasada sırayı bekletiyorum."
LZ-02512,2026-06-24 11:11:34,app_store,U-02181,2.0,"Kamera QR kodu okumuyor, sürekli odaklanmaya çalışıyor."
LZ-02521,2026-06-24 11:27:41,app_store,U-01249,2.0,"müşteri hizmetlerine ulaşmak imkansız, çağrı merkezi yarım saat bekletiyor. rezalet."
LZ-02516,2026-06-24 12:48:35,app_store,U-00785,2.0,Ana sayfanın yüklenmesi yarım dakika sürüyor. Ayrıca sistem temasına uyan bir koyu tema eklenmeli.
LZ-02514,2026-06-24 13:27:37,app_store,U-00297,3.0,"Yuklenen tutar eksik gorunuyor, 250 TL eksik."
LZ-02502,2026-06-24 14:31:06,app_store,U-00637,1.0,"QR odemesi iki kere cekildi, bakiyemden iki kez dustu. Ayrica iade sureci cok uzun, bir haftadir bekliyorum."
LZ-02500,2026-06-24 14:52:24,app_store,U-00695,1.0,Kasada QR okutuyorum ama odeme bir turlu gecmiyor. Donusunuzu bekliyorum.
LZ-02510,2026-06-24 14:55:47,app_store,U-02073,2.0,"QR odemesi iki kere cekildi, bakiyemden iki kez dustu. Lutfen acilen cozun."
LZ-02503,2026-06-24 15:10:12,app_store,U-01544,3.0,QR kodu okutunca odeme ekraninda takili kaliyor. Ayrica restoran odmeeyi iptal etti ama para geri gelmedi.
LZ-02517,2026-06-24 15:19:03,app_store,U-01579,1.0,Uygulama çok fazla pil tüketiyor. Mağdur durumdayım.
LZ-02513,2026-06-24 15:36:04,app_store,U-01069,2.0,"QR odemesi iki kere cekildi, bakiyemden iki kez dustu. Ayrica iptal edilen siparisin iadesi hala bakiyeme yansimadi. Cok sinir bozucu."
LZ-02520,2026-06-24 15:38:01,app_store,U-00983,4.0,karanlık mod seçeneği yok mu?
LZ-02522,2026-06-24 16:27:23,app_store,U-00717,5.0,Yemek kartı uygulamaları arasında en iiysi.
LZ-02515,2026-06-24 16:43:25,app_store,U-01266,1.0,lezzo maaş günü geldi ama yemek bakiyem hala yüklenmedi.
LZ-02501,2026-06-24 19:52:59,support_ticket,U-00991,,"İyi günler, E-posta adresim ayse.k@example.com. QR ile ödeme sabahtan beri çalışmıyor, kasada rezil oldum. Çok sinir bozucu."
LZ-02506,2026-06-24 20:18:04,support_ticket,U-01932,,"Merhaba, Ödeme onaylandı dioyr ama restoranın cihazına düşmüyor. İyi çalışmalar, Selin"
LZ-02508,2026-06-24 21:34:35,app_store,U-02133,1.0,"qr ile ödeme son güncellemeden sonra çalışmıyor, kasada rezil oldum."
LZ-02518,2026-06-24 21:53:21,survey,U-01796,4.0,Ana sayfanın yüklenemsi yarım dakika sürüyor.
LZ-02505,2026-06-24 22:18:32,support_ticket,U-01425,,"Selam, QR okuttuktan sorna uygulama beyaz ekranda kalıyor. Çok sinir bozucu. Saygılarımla, Burak"
LZ-02504,2026-06-24 22:45:15,app_store,U-02458,1.0,QR kodu okutunca ödeme erkanında takılı kalıyor.
LZ-02530,2026-06-25 08:30:47,support_ticket,U-01622,,"Merhabalar, Anlaşmalı restoran sayısı çok az, Bornova tarafında neredeyse hiç yer yok. Değerlendirirseniz sevinirim. Teşekkürler, Emre"
LZ-02538,2026-06-25 08:35:28,app_store,U-00981,4.0,Kullanımı çok basit ve hızlı. Başarılar!
LZ-02531,2026-06-25 08:51:59,support_ticket,U-00781,,"Yaklaşık 3 aydır kullanıcınızım. Ana syafanın yüklenmesi yarım dakika sürüyor. Ayrıca sevdiğim kafeler anlaşmalı değil, lütfen daha fazla restoran ekleyin. Çok sinir bozucu. - Elif"
LZ-02526,2026-06-25 10:16:23,support_ticket,U-01670,,"Merhabalar, E-posta adresim mehmet.y@example.com. QR kodu okutunca ödeme ekranında takılı kalıyor. İyi çalışmalar, Elif"
LZ-02524,2026-06-25 10:43:04,app_store,U-00804,1.0,lezzo qr okuttuktan sonra uygulama beyaz ekranda kalıyor. çok sinir bozucu.
LZ-02534,2026-06-25 13:59:03,app_store,U-00974,3.0,Apple Pay'e eklenebilse telefonu açmadan ödeme yapardım.
LZ-02537,2026-06-25 16:12:35,survey,U-00425,2.0,Bakiyenin son kullanma tarihi olduğunu kimse söylemedi.
LZ-02539,2026-06-25 16:38:58,survey,U-00322,8.0,Yemek kartı uygulamaları arasında en iyisi.
LZ-02533,2026-06-25 17:02:16,app_store,U-01272,4.0,Sistem temasina uyan bir koyu tema eklenmeli.
LZ-02528,2026-06-25 17:33:28,support_ticket,U-01741,,"Merhabalar, Telefon numaram 0500 000 45 67, beni arayabilirsiniz. QR ile ödeme son güncellemeden sonra çalışmıyor, kasada rezil oldum. Mağdur durumdayım. Saygılarımla, Burak"
LZ-02523,2026-06-25 18:14:40,app_store,U-02322,3.0,"QR ile odeme iki gundur calismiyor, kasada rezil oldum. Magdur durumdayim."
LZ-02525,2026-06-25 18:21:29,app_store,U-00138,2.0,ödeme onaylandı diyor ama restoranın cihazına düşmüyor. rezalet.
LZ-02529,2026-06-25 18:24:31,support_ticket,U-01636,,"İyi günler, Maaş günü geldi ama yemek bakiyem hala yüklenmedi. Çok sinir bozucu. İyi çalışmalar, Emre"
LZ-02527,2026-06-25 18:27:18,survey,U-01096,0.0,Ödeme onaylandı diyor ama restoranın cihazına düşmüyor.
LZ-02532,2026-06-25 18:29:23,app_store,U-00578,5.0,Lezzo sistem temasına uyan bir koyu tema eklenmeli. Değerlendirirseniz sevinirim.
LZ-02536,2026-06-25 20:22:03,app_store,U-00391,4.0,apple pay'e eklenebilse telefonu açmadan ödeme yapardım. değerlendirirseniz sevinirim.
LZ-02535,2026-06-25 20:37:46,app_store,U-02413,4.0,apple pay'e eklenebilse telefonu acmadan odeme yapardim. degerlendirirseniz sevinirim.
LZ-02544,2026-06-26 08:52:10,survey,U-02355,1.0,QR okuttuktan sonra uygulama beyaz ekranda kaliyor. Ayrica giris yaparken surekli oturum sureniz doldu hatasi aliyorum.
LZ-02550,2026-06-26 08:56:23,app_store,U-02374,2.0,"Doğrulama kodu çok geç geliyor, geldiğinde de süresi dolmuş oluyor."
LZ-02557,2026-06-26 09:47:23,app_store,U-02075,1.0,"Iade sureci cok uzun, bir haftadir bekliyorum."
LZ-02545,2026-06-26 10:00:47,app_store,U-00808,2.0,Lezzo QR kodu okutunca odeme ekraninda takili kaliyor.
LZ-02552,2026-06-26 10:20:29,survey,U-00636,3.0,Bakiye ekranı açılana kadar kasadaki herkes bekliyor.
LZ-02547,2026-06-26 12:33:26,support_ticket,U-00928,,Her gün öğle yemeğinde kullanıyorum. Restoran ağı genişlerse kartı çok daha fazla kullanırım. Teşekkürler. - Ceren
LZ-02541,2026-06-26 12:58:16,app_store,U-01000,3.0,"QR ödemesi iki kere çekildi, bakiyemden iki kez düştü. Dönüşünüzü bekliyorum."
LZ-02546,2026-06-26 12:59:37,app_store,U-00991,2.0,nfc ödemesi sürekli zaman aşımına uğruyor. mağdur durumdayım.
LZ-02558,2026-06-26 13:33:32,app_store,U-02471,5.0,"Kullanimi cok basit ve hizli. Ayrica SMS dogrulama kodu gelmiyor, uygulamaya giremiyorum."
LZ-02554,2026-06-26 13:42:38,app_store,U-00759,2.0,Bakiye ekrani acilana kadar kasadaki herkes bekliyor.
LZ-02543,2026-06-26 14:27:10,survey,U-00888,6.0,"QR ödemesi iki kere çekildi, bakiyemden iki kez düştü."
LZ-02549,2026-06-26 16:29:01,app_store,U-02087,1.0,sifremi dogru girmeme ragmen giris yapamiyorum.
LZ-02555,2026-06-26 19:33:50,app_store,U-01901,1.0,"şikayet yazdım, üç gündür dönüş yapılmadı. lütfen acilen çözün."
LZ-02540,2026-06-26 19:52:35,app_store,U-01838,3.0,"QR ile ödeme bu hafta çalışmıyor, kasada rezil oldum. Rezalet."
LZ-02548,2026-06-26 19:56:21,survey,U-00917,0.0,"Dogrulama kodu cok gec geliyor, geldiginde de suresi dolmus oluyor. Ayrica Apple Pay'e eklenebilse telefonu acmadan odeme yapardim."
LZ-02556,2026-06-26 20:18:55,app_store,U-01930,3.0,canlı destek hiç cevap vermiyor. mağdur durumdayım.
LZ-02553,2026-06-26 21:21:20,survey,U-00804,5.0,Uygulama çok fazla pil tüketyior.
LZ-02551,2026-06-26 21:52:41,support_ticket,U-02322,,"Merhaba, Her gün öğle yemeğinde kullanıyorum. Doğrulama kodu çok geç geliyor, geldiğinde de süresi dolmuş oluyor. Çok sinir bozucu. - Selin"
LZ-02542,2026-06-26 21:56:35,app_store,U-00860,2.0,Kasada QR okutuyorum ama ödeme bir türlü geçmiyor. Dönüşünüzü bekliyorum.
LZ-02562,2026-06-27 09:56:37,support_ticket,U-01746,,"Merhabalar, Her gün öğle yemeğinde kullanıyorum. Kasada QR okutuyorum ama ödeme bir türlü geçmiyor. Dönüşünüzü bekliyorum. Saygılarımla, Elif"
LZ-02566,2026-06-27 11:27:46,app_store,U-00545,1.0,Haritada kapanmış restoranlar hala görünüyor.
LZ-02565,2026-06-27 13:29:20,support_ticket,U-02482,,"Merhabalar, Her gün öğle yemeğinde kullanıyorum. Her açılışta tekrar tekrar SMS kodu istiyor. Lütfen acilen çözün. İyi çalışmalar, Selin"
LZ-02564,2026-06-27 14:58:34,app_store,U-00940,3.0,NFC odemesi surekli zaman asimina ugruyor. Rezalet.
LZ-02567,2026-06-27 15:41:03,app_store,U-00286,4.0,Google Pay entegrasyonu olsa çok pratik olur.
LZ-02561,2026-06-27 18:51:09,app_store,U-02201,1.0,QR okuttuktan sonra uygulama beyaz ekranda kalıyor. Rezalet.
LZ-02563,2026-06-27 20:13:37,survey,U-02384,0.0,"Kamera QR kodu okumuyor, surekli odaklanmaya calisiyor."
LZ-02559,2026-06-27 20:18:11,support_ticket,U-00391,,"Selam, QR ile ödeme sabahtan beri çalışmıyor, kasada rezil oldum. Lütfen acilen çözün. Teşekkürler, Elif"
LZ-02560,2026-06-27 21:08:21,app_store,U-02411,3.0,"Kamera QR kodu okumuyor, sürekli odaklanmaya çalışıyor."
LZ-02571,2026-06-28 08:05:44,app_store,U-00441,2.0,NFC ödemesi sürekli zaman aşımına uğruyor. Mağdur durumdayım.
LZ-02569,2026-06-28 08:21:13,app_store,U-01468,1.0,QR okuttuktan sonra uygulama beyaz ekranda kalıyor. Dönüşünüzü bekliyorum.
LZ-02568,2026-06-28 08:42:43,app_store,U-00759,3.0,qr kodu okutunca ödeme ekranında takılı kalıyor. rezalet.
LZ-02570,2026-06-28 08:49:29,support_ticket,U-01654,,"İyi günler, QR ile ödeme bu hafta çalışmıyor, kasada rezil oldum."
LZ-02582,2026-06-28 09:05:28,app_store,U-01602,5.0,"Bakiye takibi çok kolay, teşekkürler. Emeği geçenlere teşekkürler!"
LZ-02581,2026-06-28 10:16:15,survey,U-00283,9.0,"Arayuz sade ve anlasilir. Ayrica uygulama surekli donuyor, kapatip acmam gerekiyor."
LZ-02576,2026-06-28 12:01:32,support_ticket,U-00555,,"İyi günler, Yaklaşık 12 aydır kullanıcınızım. Restoranların çalışma saatleri yanlış yazıyor. Dönüşünüzü bekliyorum. Teşekkürler, Burak"
LZ-02572,2026-06-28 12:13:15,app_store,U-01478,2.0,"Yuklenen tutar eksik gorunuyor, 50 TL eksik. Lutfen acilen cozun."
LZ-02574,2026-06-28 15:01:09,app_store,U-00229,2.0,Uygulama çok fazla pil tüketiyor. Ayrıca Apple Pay'e eklenebilse telefonu açmadan ödeme yapardım. Mağdur durumdayım.
LZ-02579,2026-06-28 16:51:22,app_store,U-01195,1.0,"Sikayet yazdim, uc gundur donus yapilmadi. Rezalet."
LZ-02577,2026-06-28 19:05:50,support_ticket,U-02061,,"Merhabalar, Bakiyenin son kullanma tarihi olduğunu kimse söylemedi. Dönüşünüzü bekliyorum. İyi çalışmalar, Mert"
LZ-02580,2026-06-28 19:15:42,support_ticket,U-00765,,"İyi günler, Restoran ödemeyi iptal etti ama para geri gelmedi. Dönüşünüzü bekliyorum. Teşekkürler, Ceren"
LZ-02573,2026-06-28 19:31:08,support_ticket,U-00431,,"Merhabalar, Her gün öğle yemeğinde kullanıyorum. Market alışverişinde de kullanılabilse çok iyi olur. Teşekkürler. Saygılarımla, Selin"
LZ-02575,2026-06-28 20:35:18,support_ticket,U-00244,,"Selam, Her gün öğle yemeğinde kullanıyorum. Restoran ararken filtreler çalışmıyor. Mağdur durumdayım. - Emre"
LZ-02578,2026-06-28 21:20:02,support_ticket,U-01262,,"Merhaba, Her gün öğle yemeğinde kullanıyorum. Şikayet yazdım, üç gündür dönüş yapılmadı. İyi çalışmalar, Selin"
LZ-02605,2026-06-29 08:14:53,survey,U-00181,8.0,Arayüz sade ve anlaşılır.
LZ-02584,2026-06-29 08:31:22,support_ticket,U-01846,,"E-posta adresim mehmet.y@example.com. QR kodu okutunca ödeme ekranında takılı kalıyor. İyi çalışmalar, Mert"
LZ-02595,2026-06-29 08:56:17,app_store,U-01096,1.0,"Ana sayfanin yuklenmesi yarim dakika suruyor. Ayrica kullanmadigim bakiye sonraki aya aktarilmiyor, bu cok haksiz. Lutfen acilen cozun."
LZ-02593,2026-06-29 09:47:15,app_store,U-01511,1.0,"Lezzo temassız ödeme bazen geçiyor bazen geçmiyor, güvenemiyorum."
LZ-02583,2026-06-29 10:56:00,app_store,U-01982,2.0,QR kodu okutunca ödeme ekranında takılı kalıyor. Mağdur durumdayım.
LZ-02594,2026-06-29 11:30:28,survey,U-00307,6.0,"Uygulama çok yavaş açılıyor, kasada sırayı bekletiyorum."
LZ-02603,2026-06-29 11:50:38,app_store,U-01072,4.0,"Kart tasimaktan kurtuldum, harika bir uygulama. Basarilar!"
LZ-02589,2026-06-29 11:53:00,app_store,U-01765,1.0,Ödeme onaylandı diyor ama restoranın cihazına düşmüyor. Çok sinir bozucu.
LZ-02598,2026-06-29 12:58:11,app_store,U-00429,5.0,karanlik mod secenegi yok mu? degerlendirirseniz sevinirim.
LZ-02597,2026-06-29 13:29:55,support_ticket,U-00717,,"Merhaba, Şirketimiz geçen ay bu karta geçti. Bakiye ekranı açılana kadar kasadaki herkes bekliyor."
LZ-02588,2026-06-29 14:13:47,app_store,U-02253,3.0,"Kamera QR kodu okumuyor, surekli odaklanmaya calisiyor."
LZ-02602,2026-06-29 14:45:56,app_store,U-01924,3.0,Canlı destek hiç cevap vermiyor. Çok sinir bozucu.
LZ-02590,2026-06-29 15:08:53,app_store,U-00419,2.0,QR kodu okutunca ödeme ekranında takılı kalıyor.
LZ-02606,2026-06-29 15:26:55,survey,U-00976,9.0,"Bakiye taikbi çok kolay, teşekkürler."
LZ-02601,2026-06-29 15:39:30,app_store,U-01376,4.0,Kartı telefonun cüzdan uygulamasına eklemek istiyorum. Ayrıca karnalık mod eklenirse çok iyi olur. Yol haritanızda var mı?
LZ-02592,2026-06-29 16:34:49,app_store,U-01360,3.0,"QR ile ödeme son güncellemeden sonra çalışmıyor, kasada rezil oldum. Rezalet."
LZ-02587,2026-06-29 16:59:19,app_store,U-00193,1.0,"Lezzo QR ile ödeme son güncellemeden sonra çalışmıyor, kasada rezil oldum. Lütfen acilen çözün."
LZ-02596,2026-06-29 17:44:02,app_store,U-00442,1.0,bakiye ekranı açılana kadar kasadaki herkes bekliyor.
LZ-02591,2026-06-29 18:28:59,support_ticket,U-01100,,"Merhaba, Telefon numaram 0500 000 45 67, beni arayabilirsiniz. Kasada QR okutuyorum ama ödeme bir türlü geçmiyor. Rezalet."
LZ-02585,2026-06-29 19:47:26,survey,U-01752,5.0,Ödeme onaylandı diyor ama restoranın cihazına düşmüyor.
LZ-02599,2026-06-29 20:10:06,support_ticket,U-00521,,"İyi günler, E-posta adresim zeynep.a@example.com. Google Pay entegrasyonu olsa çok pratik olur."
LZ-02586,2026-06-29 20:44:48,app_store,U-01190,1.0,Kasada QR okutuyorum ama ödeme bir türlü geçmiyor. Mağdur durumdayım.
LZ-02604,2026-06-29 22:40:29,survey,U-01267,10.0,Yemek kartı uygulamaları arasında en iyisi.
LZ-02600,2026-06-29 22:55:50,app_store,U-00543,4.0,akilli saatle odeme yapabilmek harika olurdu.
LZ-02625,2026-06-30 10:22:53,support_ticket,U-00215,,"Selam, Her gün öğle yemeğinde kullanıyorum. Kartı telefonun cüzdan uygulamasına eklemek istiyorum. Teşekkürler. Saygılarımla, Ayşe"
LZ-02624,2026-06-30 10:34:36,app_store,U-01627,4.0,Kartı telefonun cüzdan uygulamasına eklemek istiyorum.
LZ-02623,2026-06-30 10:38:17,support_ticket,U-00021,,"Selam, Yaklaşık 18 aydır kullanıcınızım. Uygulama çok yavaş açılıyor, kaasda sırayı bekletiyorum. Teşekkürler, Selin"
LZ-02619,2026-06-30 11:17:56,survey,U-00643,8.0,Restoran agi genislerse karti cok daha fazla kullanirim. Ayrica bakiye ekrani acilana kadar kasadaki herkes bekliyor.
LZ-02616,2026-06-30 11:52:42,app_store,U-00955,3.0,Maaş günü geldi ama yemek bakiyem hala yüklenmedi.
LZ-02607,2026-06-30 12:06:28,app_store,U-01205,2.0,Ödeme onyalandı diyor ama restoranın cihazına düşmüyor. Çok sinir bozucu.
LZ-02614,2026-06-30 12:34:08,app_store,U-01857,1.0,"Lezzo kamera QR kodu okumuyor, surekli odaklanmaya calisiyor."
LZ-02622,2026-06-30 12:50:09,support_ticket,U-00764,,"Telefon numaram 0500 000 12 34, beni arayabilirsiniz. Giriş yaparken sürekli oturum süreniz doldu hatası alıyorum. Lütfen acilen çözün. - Can"
LZ-02618,2026-06-30 13:01:33,survey,U-00889,6.0,Evimin ve is yerimin yakininda kartin gectigi restoran yok.
LZ-02626,2026-06-30 13:44:10,support_ticket,U-01034,,Uygulamada destek tlaebi oluşturma seçeneği bulamadım.
LZ-02610,2026-06-30 15:23:00,app_store,U-01137,2.0,"Kamera QR kodu okumuyor, sürekli odaklanmaya çalışıyor. Rezalet."
LZ-02608,2026-06-30 17:04:36,support_ticket,U-01667,,"Selam, Şirketimiz geçen ay bu karta geçti. Kasada QR okutuyorum ama ödeme bir türlü geçmiyor. Lütfen acilen çözün. Saygılarımla, Selin"
LZ-02609,2026-06-30 18:42:32,app_store,U-01117,1.0,"Lezzo kamera QR kodu okumuyor, sürekli odaklanmaya çalışıyor. Mağdur durumdayım."
LZ-02627,2026-06-30 19:55:52,support_ticket,U-00606,,"Merhaba, E-posta adresim ayse.k@example.com. Müşteri hizmetlerine ulaşmak imkansız, çağrı merkezi yarım saat bekletiyor. Ayrıca ana sayfanın yüklenmesi yarım dakika sürüyor. Rezalet. Teşekkürler, Can"
LZ-02615,2026-06-30 20:58:39,app_store,U-00880,3.0,Odeme onaylandi diyor ama restoranin cihazina dusmuyor. Ayrica Oppo telefonumda acilista cokuyor.
LZ-02617,2026-06-30 21:39:22,app_store,U-00194,1.0,Lezzo bakiye yuklendi bildirimi geldi ama uygulamada eski bakiye duruyor. Donusunuzu bekliyorum.
LZ-02613,2026-06-30 21:43:51,app_store,U-01055,3.0,"QR ödemesi iki kere çekildi, bakiyemden iki kez düştü. Lütfen acilen çözün."
LZ-02611,2026-06-30 22:24:19,support_ticket,U-02288,,"Selam, QR ile ödeme son güncellemeden sonra çalışmıyor, kasada rezil oldum. - Deniz"
LZ-02612,2026-06-30 22:36:22,survey,U-00439,1.0,QR okuttuktan sonra uygulama beyaz ekranda kalıyor.
LZ-02620,2026-06-30 22:50:15,app_store,U-00429,2.0,Her açılışta tekrar tekrar SMS kodu istiyor.
LZ-02621,2026-06-30 22:52:17,support_ticket,U-01898,,"İyi günler, Her gün öğle yemeğinde kullanıyorum. Giriş yaparken sürekli oturum süreniz doldu hatası alıyorum. Rezalet. Saygılarımla, Elif"
LZ-02640,2026-07-01 08:28:56,survey,U-00677,7.0,"Anlasmali restoran sayisi cok az, Bornova tarafinda neredeyse hic yer yok."
LZ-02644,2026-07-01 10:25:48,app_store,U-01717,1.0,"uygulama çok yavaş açılıyor, kasada sırayı bekletiyorum. çok sinir bozucu."
LZ-02636,2026-07-01 10:31:11,app_store,U-00003,1.0,Lezzo maaş günü geldi ama yemek bakiyem hala yüklenmedi. Lütfen acilen çözün.
LZ-02628,2026-07-01 13:23:53,survey,U-00764,5.0,Kasada QR okutuyorum ama ödeme bir türlü geçmiyor.
LZ-02631,2026-07-01 14:13:31,app_store,U-00427,2.0,Lezzo ödeme onaylandı diyor ama restoranın cihazına düşmüyor. Dönüşünüzü bekliyorum.
LZ-02646,2026-07-01 14:17:24,support_ticket,U-02413,,"Merhaba, Restoranların çalışma saatleri yanlış yazıyor. Ayrıca ana sayfanın yüklenmesi yarım dakika sürüyor. Mağdur durudmayım. Teşekkürler, Elif"
LZ-02630,2026-07-01 14:27:29,app_store,U-00202,1.0,Odeme onaylandi diyor ama restoranin cihazina dusmuyor. Reazlet.
LZ-02635,2026-07-01 14:36:34,support_ticket,U-00610,,"Merhaba, Bakiye yüklendi bildirimi geldi ama uygulamada eski bakiye duruyor. Lütfen acilen çözün. Teşekkürler, Elif"
LZ-02648,2026-07-01 16:14:51,app_store,U-01853,1.0,"şikyaet yazdım, üç gündür dönüş yapılmadı. rezalet."
LZ-02645,2026-07-01 16:56:36,app_store,U-01698,2.0,"Uygulmaa sürekli donuyor, kapatıp açmam gerekiyor. Lütfen acilen çözün."
LZ-02642,2026-07-01 17:58:03,app_store,U-01217,1.0,"Doğrulama kodu çok geç geliyor, geldiğinde de süresi dolmuş oluyor. Ayrıca uygulamada destek talebi oluşturma seçeneği bulamadım."
LZ-02634,2026-07-01 17:58:33,support_ticket,U-00847,,"Merhaba, Bu ay bakiyem geç yüklendi, iki gün yemek kartsız kaldım. Dönüşünüzü bekliyorum."
LZ-02632,2026-07-01 18:24:51,survey,U-00599,0.0,QR kodu okutunca odeme ekraninda takili kaliyor.
LZ-02629,2026-07-01 18:40:12,app_store,U-01794,2.0,QR okuttuktan sonra uygulama beyaz ekranda kalıyor. Mağdur durumdayım.
LZ-02643,2026-07-01 19:16:01,support_ticket,U-01382,,"İyi günler, Yaklaşık 6 aydır kullanıcınızım. Ana sayfanın yüklenemsi yarım dakika sürüyor. Rezalet. Saygılarımla, Ayşe"
LZ-02633,2026-07-01 19:47:41,app_store,U-02152,3.0,"QR ile odeme bu hafta calismiyor, kasada rezil oldum. Donusunuzu bekliyorum."
LZ-02638,2026-07-01 20:36:05,support_ticket,U-00952,,"Telefon numaram 0500 000 45 67, beni arayabilirsiniz. Yüklenen tutar eksik görünüyor, 50 TL eksik. Dönüşünüzü bekliyorum. Teşekkürler, Mert"
LZ-02641,2026-07-01 20:58:44,support_ticket,U-00844,,"Merhaba, E-posta adresim ayse.k@example.com. Yeni giriş erkanından sonra hesabıma erişemiyorum. Çok sinir bozucu. İyi çalışmalar, Ceren"
LZ-02637,2026-07-01 21:05:49,app_store,U-02422,2.0,"Yuklenen tutar eksik gorunuyor, 250 TL eksik. Cok sinir bozucu."
LZ-02647,2026-07-01 21:09:12,support_ticket,U-02315,,"Merhaba, Yaklaşık 18 aydır kullanıcınızım. Kalan bakiyemi bir iş arkadaşıma transfer edemiyorum. Saygılarımla, Selin"
LZ-02639,2026-07-01 21:20:25,support_ticket,U-01802,,"Merhabalar, Bu ay bakiyem geç yüklendi, iki gün yemek kartsız kaldım. Dönüşünüzü bekliyorum. İyi çalışmalar, Ceren"
LZ-02649,2026-07-01 22:47:00,app_store,U-00312,5.0,Kullanımı çok basit ve hızlı. Ayrıca ödeme onaylandı diyor ama restoranın cihazına düşmüyor. Emeği geçenlere teşekkürler!
LZ-02661,2026-07-02 08:23:08,app_store,U-01693,1.0,kasada qr okutuyorum ama ödeme bir türlü geçmiyor. çok sinir bozucu.
LZ-02657,2026-07-02 09:11:32,app_store,U-01619,2.0,Ödeme onaylandı diyor ama restoranın cihazına düşmüyor.
LZ-02654,2026-07-02 09:36:07,support_ticket,U-01016,,"İyi günler, QR ödemesi iki kere çekildi, bakiyemden iki kez düştü."
LZ-02651,2026-07-02 09:41:01,app_store,U-02479,2.0,Lezzo kasada QR okutuyorum ama ödeme bir türlü geçmiyor. Mağdur durumdayım.
LZ-02673,2026-07-02 10:07:33,support_ticket,U-02432,,"Merhaba, Her gün öğle yemeğinde kullanıyorum. Şikayet yazdım, üç gündür dönüş yapılmadı. Dönüşünüzü bekliyorum. Teşekkürler, Ceren"
LZ-02662,2026-07-02 10:33:53,survey,U-01556,5.0,"Temassız ödeme bazen geçiyor bazen geçmiyor, güvenemiyorum."
LZ-02672,2026-07-02 13:05:08,app_store,U-00614,2.0,Lezzo kalan bakiyemi bir iş arkadaşıma transfer edemiyorum. Çok sinir bozucu.
LZ-02660,2026-07-02 13:16:54,app_store,U-01059,3.0,Lezzo QR kodu okutunca odeme ekraninda takili kaliyor. Magdur durumdayim.
LZ-02653,2026-07-02 14:55:48,app_store,U-02188,1.0,Ödeme onaylandı diyor ama restoranın cihazına düşmüyor. Rezalet.
LZ-02675,2026-07-02 15:26:23,app_store,U-01748,4.0,"bakiye takibi çok kolay, teşekkürler. 5 yıldızı hak ediyor."
LZ-02665,2026-07-02 16:41:06,app_store,U-01017,2.0,"Bakiye yüklendi bildirimi geldi ama uygulamada eski bakiye duruyor. Ayrıca sevdiğim kafeler anlaşmalı değil, lütfen daha fazla restoran ekleyin. Dönüşünüzü bekliyorum."
LZ-02652,2026-07-02 17:22:54,app_store,U-02323,2.0,Kasada QR okutuyorum ama odeme bir turlu gecmioyr. Rezalet.
LZ-02663,2026-07-02 17:39:51,support_ticket,U-02166,,"Selam, Şirketimiz geçen ay bu karta geçti. Bu ay bakiyem geç yüklendi, iki gün yemek kartsız kaldım. Saygılarımla, Deniz"
LZ-02659,2026-07-02 18:09:35,support_ticket,U-00813,,"Merhabalar, QR ödemesi iki kere çekildi, bakiyemden iki kez düştü. Rezalet."
LZ-02671,2026-07-02 18:45:15,support_ticket,U-02000,,"Selam, E-posta adresim ayse.k@example.com. Kulalnmadığım bakiye sonraki aya aktarılmıyor, bu çok haksız."
LZ-02666,2026-07-02 18:56:32,survey,U-01491,6.0,Maas gunu gedli ama yemek bakiyem hala yuklenmedi.
LZ-02670,2026-07-02 19:46:07,app_store,U-01627,5.0,Google Pay entegrasyonu olsa çok pratik olur. Yol haritanızda var mı?
LZ-02656,2026-07-02 19:58:24,app_store,U-02075,1.0,"QR ile ödeme sabahtan beri çalışmıyor, kasada rezil oldum. Çok sinir bozucu."
LZ-02669,2026-07-02 20:36:27,app_store,U-01944,4.0,sistem temasına uyan bir koyu tema eklenmeli. yol haritanızda var mı?
LZ-02667,2026-07-02 20:40:23,app_store,U-01572,3.0,Evimin ve iş yerimin yakınında kartın geçtiği restoran yok. Yol haritanızda var mı?
LZ-02650,2026-07-02 20:53:59,app_store,U-00289,3.0,ödeme onaylandı diyor ama restoranın cihazına düşmüyor. rezalet.
LZ-02668,2026-07-02 20:56:34,support_ticket,U-02420,,"İyi günler, Sevdiğim kafeler anlaşmalı değil, lütfen daha fazla restoran ekleyin. Ayrıca restoran ödemeyi iptal etti ama para geri gelmedi. Değerlendirirseniz sevinirim. Saygılarımla, Ceren"
LZ-02674,2026-07-02 21:04:25,survey,U-00047,2.0,İptal edilen siparişin iadesi hala bakiyeme yansımadı.
LZ-02658,2026-07-02 21:11:53,support_ticket,U-02296,,"Merhaba, Her gün öğle yemeğinde kullanıyourm. QR okuttuktan sonra uygulama beyaz ekranda kalıyor. Dönüşünüzü bekliyorum. - Ayşe"
LZ-02664,2026-07-02 21:17:48,support_ticket,U-02021,,"Merhabalar, Şirketim yükleme yaptığını söylüyor ama bakiyem sıfır görünüyor. Dönüşünüzü bekliyorum. - Mert"
LZ-02655,2026-07-02 22:11:35,app_store,U-00519,1.0,Ödeme onaylandı diyor ama restoranın cihazına düşmüyor.
LZ-02700,2026-07-03 08:09:28,app_store,U-00031,4.0,Karanlik mod secenegi yok mu? Tesekkurler.
LZ-02681,2026-07-03 08:16:20,support_ticket,U-01827,,"Telefon numaram 0500 000 89 01, beni arayabilirsiniz. Kamera QR kodu okumuyor, sürekli odaklanmaya çalışıyor. İyi çalışmalar, Zeynep"
LZ-02693,2026-07-03 08:23:10,support_ticket,U-02444,,Yemek siparişi uygulamalarında da kullanılabilse harika olur. Yol haritanızda var mı? - Mehmet
LZ-02691,2026-07-03 08:30:01,app_store,U-00300,2.0,"yüklenen tutar eksik görünüyor, 120 tl eksik. lütfen acilen çözün."
LZ-02683,2026-07-03 09:01:48,app_store,U-01948,1.0,Odeme onaylandi diyor ama restoranin ciahzina dusmuyor. Magdur durumdayim.
LZ-02676,2026-07-03 09:46:10,support_ticket,U-01426,,QR okuttuktan sonra uygulama beyaz ekranda kalıyor.
LZ-02690,2026-07-03 09:51:42,app_store,U-00263,2.0,"Lezzo yuklenen tutar eksik gorunuyor, 400 TL eksik. Ayrica karanlik mod secenegi yok mu?. Cok sinir bozucu."
LZ-02688,2026-07-03 09:57:35,support_ticket,U-01016,,"Bakiye yüklendi bildirimi geldi ama uygulamada eski bakiye duruyor. Dönüşünüzü bekliyorum. Teşekkürler, Burak"
LZ-02698,2026-07-03 10:01:04,support_ticket,U-01409,,"Merhabalar, Şirketimiz geçen ay bu karta geçti. Restoran ararken filtreler çalışmıyor. Teşekkürler, Elif"
LZ-02695,2026-07-03 10:15:05,app_store,U-01621,1.0,Lezzo eski Android telefonumda acilista cokuyor. Cok sinir bozcuu.
LZ-02686,2026-07-03 10:21:32,support_ticket,U-02098,,"Merhaba, Telefon numaram 0500 000 89 01, beni arayabilirsiniz. NFC ile ödeme yapmak istiyorum ama telefonu yaklaştırınca hiçbir şey olmuyor. Çok sinir bozucu. Teşekkürler, Deniz"
LZ-02697,2026-07-03 11:30:32,app_store,U-00600,3.0,Bakiye ekarni acilana kadar kasadaki herkes bekliyor.
LZ-02689,2026-07-03 15:05:13,app_store,U-02248,3.0,"Bu ay bakiyem gec yuklendi, iki gun yemek kartsiz kaldim. Cok sniir bozucu."
LZ-02685,2026-07-03 15:27:55,app_store,U-00667,1.0,"telefonu pos cihazına yaklaştırıyorum, ödeme ekranı açılmıyor. mağdur durumdayım."
LZ-02694,2026-07-03 15:53:29,app_store,U-02093,1.0,Her acilista tekrar tekarr SMS kodu istiyor.
LZ-02682,2026-07-03 16:21:01,survey,U-00528,2.0,QR okuttuktan sonra uygulama beyaz ekranda kaliyor.
LZ-02696,2026-07-03 17:36:22,app_store,U-00952,2.0,"Uygulama çok yavaş açılıyor, kasada sırayı bekletiyorum. Rezalet."
LZ-02678,2026-07-03 19:36:58,app_store,U-00691,1.0,"Lezzo QR odemesi iki kere cekildi, bakiyemden iki kez dustu. Cok sinir bozucu."
LZ-02680,2026-07-03 19:56:56,survey,U-00986,0.0,Kasada QR oktuuyorum ama odeme bir turlu gecmiyor.
LZ-02699,2026-07-03 20:43:27,app_store,U-02181,4.0,Karanlık mod seçeneği yok mu?
LZ-02702,2026-07-03 21:25:30,support_ticket,U-01383,,"Yaklaşık 6 aydır kullanıcınızım. Müşteri hizmetlerine ulaşmak imkansız, çağrı merkezi yarım saat bekletiyor. Lütfen acilen çözün. Teşekkürler, Can"
LZ-02679,2026-07-03 21:32:58,app_store,U-00574,1.0,Odeme onaylandi diyor ama restoranin cihazina dusmuyor. Ayrica NFC odemesi surekli zaman asimina ugruyor. Donusunuzu bekliyorum.
LZ-02703,2026-07-03 21:50:49,support_ticket,U-00669,,"İyi günler, E-posta adresim mehmet.y@example.com. Arayüz sade ve anlaşılır. Ayrıca Apple Pay'e eklenebilse telefonu açmadan ödeme yapardım. Başarılar! Teşekkürler, Mert"
LZ-02684,2026-07-03 21:55:12,support_ticket,U-02476,,"QR okuttuktan sonra uygulama beyaz ekranda kalıyor. Dönüşünüzü beklyiorum. Saygılarımla, Ceren"
LZ-02687,2026-07-03 22:22:57,app_store,U-01155,1.0,NFC ile ödeme yampak istiyorum ama telefonu yaklaştırınca hiçbir şey olmuyor. Dönüşünüzü bekliyorum.
LZ-02701,2026-07-03 22:35:54,app_store,U-02062,3.0,"gece kullanırken beyaz ekran göz yoruyor, karanlık tema lütfen. yol haritanızda var mı?"
LZ-02692,2026-07-03 22:42:50,app_store,U-00955,1.0,Bakiye yüklendi bildirimi geldi ama uygulamada eski bakiye duruyor. Çok sinir bozucu.
LZ-02677,2026-07-03 22:48:44,app_store,U-00091,3.0,qr kodu okutunca odeme ekraninda takili kaliyor.
LZ-02715,2026-07-04 08:31:37,support_ticket,U-00870,,"Merhabalar, Telefon numaram 0500 000 89 01, beni arayabilirsiniz. Sevdiğim kafeler anlaşmalı değil, lütfen daha fazla restoran ekleyin. Teşekkürler. Saygılarımla, Burak"
LZ-02718,2026-07-04 08:31:49,app_store,U-00662,3.0,Lezzo sistem teamsına uyan bir koyu tema eklenmeli.
LZ-02721,2026-07-04 08:55:58,support_ticket,U-00512,,"Merhabalar, Bakiye takibi çok kolay, teşekkürler. 5 yıldızı hak ediyor. Saygılarımla, Ceren"
LZ-02714,2026-07-04 09:31:15,app_store,U-01704,4.0,Kahve zincirlerinde de geçerli olsa harika olur. Teşekkürler.
LZ-02722,2026-07-04 09:40:05,support_ticket,U-02051,,"İyi günler, Her gün öğle yemeğinde kullanıyorum. Ödeme saniyeler içinde bitiyor, çok memnunum. 5 yıldızı hak ediyor. - Can"
LZ-02705,2026-07-04 10:01:32,support_ticket,U-00976,,"Merhaba, Telefon numaram 0500 000 45 67, beni arayabilirsiniz. Kamera QR kodu okumuoyr, sürekli odaklanmaya çalışıyor. Çok sinir bozucu. Teşekkürler, Ece"
LZ-02713,2026-07-04 11:29:58,app_store,U-01790,3.0,Evimin ve is yerimin yakininda kartin gectigi restoran yok. Tesekkurler.
LZ-02712,2026-07-04 12:33:14,survey,U-01830,5.0,"Bu ay bakiyem gec yuklendi, iki gun yemek kartsiz kaldim."
LZ-02720,2026-07-04 12:59:13,app_store,U-01779,2.0,Kalan bakiyemi bir iş arkadaşıma transfer edemiyorum.
LZ-02716,2026-07-04 13:06:34,support_ticket,U-01781,,"Merhabalar, SMS doğrulama kodu gelmiyor, uygulamaya giremiyorum. Ayrıca haritada restoranlar yanlış konumda gösteriliyor. Mağdur durumdayım. İyi çalışmalar, Zeynep"
LZ-02717,2026-07-04 13:25:54,survey,U-00955,0.0,Uygulama cok fazla pil tuketiyor.
LZ-02707,2026-07-04 15:34:44,app_store,U-02286,1.0,Lezzo QR okuttuktan sonra uygulama beyaz ekranda kalıyor. Mağdur durumdayım.
LZ-02706,2026-07-04 15:53:23,support_ticket,U-00133,,"İyi günler, Her gün öğle yemeğinde kullanıyorum. QR kodu okutunca ödeme ekranında takılı kalıyor. Dönüşünüzü bekliyorum. Saygılarımla, Ayşe"
LZ-02708,2026-07-04 16:15:40,support_ticket,U-02272,,"QR ile ödeme son güncellemeden sonra çalışmıyor, kasada rezil oldum. Saygılarımla, Mert"
LZ-02709,2026-07-04 16:43:42,survey,U-02105,2.0,Kasada QR okutuyorum ama ödeme bir türlü geçmiyor.
LZ-02704,2026-07-04 17:28:15,support_ticket,U-01288,,"Merhabalar, Yaklaşık 6 aydır kulalnıcınızım. QR kodu okutunca ödeme ekranında takılı kalıyor. Rezalet. Teşekkürler, Burak"
LZ-02711,2026-07-04 19:27:22,app_store,U-00641,3.0,temassız ödeme iphone telefonumda çalışmıyor. ayrıca giriş yaparken sürekli oturum süreniz doldu hatası alıyorum. lütfen acilen çözün.
LZ-02710,2026-07-04 20:28:47,app_store,U-02166,1.0,Lezzo QR okuttuktan sorna uygulama beyaz ekranda kalıyor. Dönüşünüzü bekliyorum.
LZ-02719,2026-07-04 20:55:51,survey,U-01425,8.0,Karanlık mod eklenirse çok iyi olur.
LZ-02725,2026-07-05 08:24:16,support_ticket,U-01482,,"Merhaba, Her gün öğle yemeğinde kullanıyorum. Kasada QR okuutyorum ama ödeme bir türlü geçmiyor. - Ceren"
LZ-02735,2026-07-05 08:52:40,app_store,U-01637,4.0,yemek siparişi uygulamalarında da kullanılabilse harkia olur. değerlendirirseniz sevinirim.
LZ-02724,2026-07-05 09:32:57,support_ticket,U-00641,,"Merhaba, QR okuttuktan sonra uygulama beyaz ekranda kalıyor. Mağdur durumdayım. Saygılarımla, Ece"
LZ-02723,2026-07-05 10:10:02,survey,U-02286,0.0,"Kamera QR kodu okumuyor, sürekli odaklanmaya çalışıyor."
LZ-02728,2026-07-05 12:08:35,app_store,U-00641,1.0,Kasada QR okutuyorum ama ödeme bir türlü geçmiyor. Rezalet.
LZ-02730,2026-07-05 14:14:44,app_store,U-01112,1.0,Ödeme onaylandı diyor ama restoranın cihazına düşmüyor. Mağdur durumdayım.
LZ-02737,2026-07-05 15:24:56,app_store,U-02264,4.0,Karanlık mod seçeneği yok mu? Ayrıca NFC ödemesi sürekli zaman aşımına uğruyor.
LZ-02731,2026-07-05 16:05:21,app_store,U-01710,2.0,"Kamera QR kodu okumuyor, sürekli odaklanmaya çalışıyor. Dönüşünüzü bekliyorum."
LZ-02734,2026-07-05 16:22:21,support_ticket,U-00496,,"Merhabalar, Her gün öğle yemeğinde kullanıyorum. Kahve zincirlerinde de geçerli olsa harika olur. Değerlendirirseniz sevinirim. Saygılarımla, Mert"
LZ-02738,2026-07-05 16:56:52,survey,U-00951,5.0,"Ay sonunda kalan bakiye yanıyor mu, bir sonraki aya devretmesi lazım."
LZ-02726,2026-07-05 17:34:47,survey,U-00626,2.0,"Kamera QR kodu okumuyor, sürekli odaklanmaya çalışıyor."
LZ-02729,2026-07-05 18:13:54,app_store,U-02339,1.0,"QR odemesi iki kere cekildi, bakiyemden iki kez dustu. Donusunuzu bekliyorum."
LZ-02732,2026-07-05 19:28:24,support_ticket,U-02354,,"E-posta adresim mehmet.y@example.com. Anlaşmalı restoran sayısı çok az, Konak tarafında neredeyse hiç yer yok. Teşekkürler."
LZ-02736,2026-07-05 20:04:07,support_ticket,U-02335,,"Selam, E-posta adresim mehmet.y@example.com. Sistem temasına uyan bir koyu tema eklenmeli. Değerlendirirseniz sevinirim. - Selin"
LZ-02733,2026-07-05 20:41:53,app_store,U-01927,3.0,"Anlaşmalı restoran sayısı çok az, Bornova tarafında neredeyse hiç yer yok. Teşekkürler."
LZ-02727,2026-07-05 21:44:12,app_store,U-02473,2.0,QR okuttuktan sonra uygulama beyaz ekranda kalıyor.
