feedback_id,created_at,channel,account_id,rating,text
FB-00009,2026-01-05 08:05:31,community,ACC-0464,,"setting up the workspace was confusing. also, it wants to manage access through google workspace, is sso on the roadmap."
FB-00003,2026-01-05 08:55:23,sales_call,ACC-0137,,"Call notes (Green Works 44): the office manager said ""Offboarding users by hand is a compliance risk, we need SCIM."" Otherwise very happy with the product."
FB-00001,2026-01-05 10:25:30,app_store,ACC-0436,4.0,"Dark mode please, the white screen hurts my eyes. Is this on the roadmap?"
FB-00008,2026-01-05 10:36:03,community,ACC-0241,,feedback: please let me mute notifications for specific calendars.
FB-00005,2026-01-05 15:08:50,community,ACC-0417,,+1 for this: An integration with Slack is the main thing missing for our team. Is this on the roadmap?
FB-00011,2026-01-05 15:50:17,nps_survey,ACC-0292,3.0,"No guidance during setup, I did not know where to start."
FB-00004,2026-01-05 18:13:38,support_ticket,ACC-0122,,"Tempo is central to how we plan our week. A Microsoft Teams bot that posts the daily agenda would be amazing. Also, performance on my odler Android phone is terrible compared to the web version. Thanks!"
FB-00002,2026-01-05 19:04:08,nps_survey,ACC-0127,7.0,Please add a dark mode.
FB-00007,2026-01-05 20:31:10,support_ticket,ACC-0329,,"Hi team, Our team of 40 people relies on Tempo. I cannot turn off the daily digest emails."
FB-00006,2026-01-05 20:42:38,community,ACC-0098,,"Small thing, but Way too many email notifications, I am drowning in reminders."
FB-00010,2026-01-05 20:53:59,support_ticket,ACC-0580,,"Hi Tempo support, The onboarding never explains the difference between workspaces and teams. This is really frustrating. - Priya"
FB-00021,2026-01-06 07:47:53,sales_call,ACC-0156,,"Call notes (Lucky Media 84): the office manager said ""We need SAML single sign-on before we can roll out to more teams."" Expansion to 150 more seats depends on this."
FB-00017,2026-01-06 12:09:45,support_ticket,ACC-0301,,"Hi team, Our team of 40 people relies on Tempo. Please add a dark mode. Thanks in advance. - Omar"
FB-00020,2026-01-06 12:32:30,sales_call,ACC-0321,,"Call notes (Lucky Works 81): the security lead said ""Our security team requires SSO with Google Workspace."" They mentioned evaluating competitors."
FB-00015,2026-01-06 13:06:38,support_ticket,ACC-0497,,"Hi team, Performance on my tablet is terrible compared to the web version. Not happy about this. Thanks, Kate"
FB-00013,2026-01-06 14:14:33,app_store,ACC-0340,2.0,the mobile app is so slow it is unusable on older phones. this is really frustrating.
FB-00012,2026-01-06 15:11:49,community,ACC-0586,,Bug report: Every event from Google now shows up twice. Very annoying.
FB-00025,2026-01-06 17:15:49,app_store,ACC-0120,4.0,The team availability view is fantastic.
FB-00018,2026-01-06 18:57:11,app_store,ACC-0119,5.0,Dark mode is the only thing missing for me. Thanks!
FB-00022,2026-01-06 19:10:22,support_ticket,ACC-0316,,"Hey there, Can you connect Tempo with Slack for meeting links. - Jonas"
FB-00023,2026-01-06 19:14:26,app_store,ACC-0499,2.0,I cannot turn off the daily digest emails. Very annyoing.
FB-00014,2026-01-06 19:24:14,community,ACC-0441,,Anyone else seeing this? The app hangs for ten seconds before showing my schedule.
FB-00016,2026-01-06 19:43:20,community,ACC-0533,,Feature request: Add a night mode option to the Android app. Thanks!
FB-00024,2026-01-06 20:10:32,nps_survey,ACC-0474,6.0,"We need to export meeting data to CSV. Also, exceptions to recurring eevnts are lost when I save."
FB-00019,2026-01-06 20:47:57,nps_survey,ACC-0590,5.0,"The bright interface is painful at night, we need a dark mode."
FB-00030,2026-01-07 07:15:27,nps_survey,ACC-0267,6.0,"Missing SSO support is a blocker in our procurement review. Also, we need to export meeting data to CSV."
FB-00042,2026-01-07 07:19:49,community,ACC-0558,,Love how easy it is to find a time that works for everyone.
FB-00028,2026-01-07 07:43:10,app_store,ACC-0029,3.0,Please add a dark mode. Would really appreciate it.
FB-00043,2026-01-07 09:19:57,app_store,ACC-0247,5.0,The team availability view is fantastic. Thank you!
FB-00031,2026-01-07 11:08:52,support_ticket,ACC-0387,,"Hello, Paying per seat makes no sense for occasional users. Hope this gets fixed soon. - Kate"
FB-00038,2026-01-07 11:16:44,nps_survey,ACC-0211,4.0,Onboarding is confusing for anyone who is not technical.
FB-00040,2026-01-07 11:32:46,support_ticket,ACC-0437,,"Hello, No guidance during setup, I did not know where to start. Not happy about this. Best, Deniz"
FB-00034,2026-01-07 11:50:50,support_ticket,ACC-0052,,"Please let me mute notifications for sepcific calendars. Please fix this asap. Thanks, Chen"
FB-00026,2026-01-07 11:52:12,support_ticket,ACC-0435,,"Hello, Our team of 80 people relies on Tempo. The sync status is stuck on syncing forever. Please fix this asap. Best, Amara"
FB-00032,2026-01-07 12:20:07,support_ticket,ACC-0438,,"Hi Tempo support, I have been a cutsomer for 18 months. The price increase does not feel justified. Not happy about this."
FB-00036,2026-01-07 15:06:44,nps_survey,ACC-0144,8.0,Export to Excel would save me hours every month.
FB-00037,2026-01-07 16:16:05,app_store,ACC-0215,4.0,please add an api endpoint for exporting events. would really appreciate it.
FB-00035,2026-01-07 17:05:15,nps_survey,ACC-0105,8.0,We need to export meeting data to CSV.
FB-00039,2026-01-07 17:14:35,support_ticket,ACC-0369,,"Hello, Setting up the workspace was confusing. Very annoying. Best, Maria"
FB-00029,2026-01-07 17:37:08,app_store,ACC-0506,4.0,I wuold honestly pay extra for a dark mode.
FB-00041,2026-01-07 17:59:55,support_ticket,ACC-0223,,"Hi team, I have been a customer for 6 months. The setup wizard skipped steps and left my workspace half configured. Not happy about this. - Omar"
FB-00027,2026-01-07 18:00:16,community,ACC-0256,,[Bug] The app hangs for ten seconds before showing my schedule. Please fix this asap.
FB-00033,2026-01-07 18:58:32,support_ticket,ACC-0467,,"Hello, Hard to justify the cost to my manager after the price incerase. Very annoying. Thanks, Lukas"
FB-00052,2026-01-08 09:01:42,app_store,ACC-0257,3.0,Our new hires get lost in the onboarding flow. Hope this gets fixed soon.
FB-00053,2026-01-08 12:44:24,nps_survey,ACC-0596,9.0,Great product and the support team is very responsive.
FB-00049,2026-01-08 13:34:39,nps_survey,ACC-0579,7.0,"The bright interface is painful at night, we need a dark mode."
FB-00048,2026-01-08 14:26:21,app_store,ACC-0195,5.0,Please follow the system dark theme on mobile. Would really appreciate it.
FB-00050,2026-01-08 15:39:54,app_store,ACC-0259,1.0,My time zone setting resets every time I tarvel. This is really frustrating.
FB-00047,2026-01-08 16:03:08,app_store,ACC-0053,3.0,The iOS app takes forever to load. Not happy abuot this.
FB-00045,2026-01-08 16:09:15,app_store,ACC-0248,3.0,Meetings I create in Tempo never make it to Google.
FB-00046,2026-01-08 19:01:51,support_ticket,ACC-0484,,Tempo is central to how we plan our week. Half of my iCloud events disappeared from Tempo. Hope this gets fixed soon.
FB-00051,2026-01-08 19:09:00,community,ACC-0084,,"Small thing, but The onboarding never explains the difference between workspaces and teams. Please fix this asap."
FB-00044,2026-01-08 20:49:42,support_ticket,ACC-0426,,"Hi Tempo support, I have been a customer for 18 months. Reconnecting Office 365 does not fix the sync problem. Thanks, Maria"
FB-00058,2026-01-09 08:08:02,support_ticket,ACC-0042,,"Hey there, We would love to schedule meetings directly from Microsoft Teams. Thanks! Best, Priya"
FB-00055,2026-01-09 08:28:46,community,ACC-0111,,Feature request: Please add a dark mode. Thanks!
FB-00059,2026-01-09 08:36:57,sales_call,ACC-0582,,"Call notes (Rapid Digital 97): their CTO said ""Our finance team needs a monthly utilization report."" Expansion to 40 more seats depends on this."
FB-00054,2026-01-09 08:43:30,support_ticket,ACC-0368,,"It keeps crashing on startup after the last Android update. Hope this gets fixed soon. Best, Omar"
FB-00057,2026-01-09 10:00:14,sales_call,ACC-0017,,"Call notes (Nova Works): the office manager said ""Meeting times are wrong when attendees are in different time zones."" Otherwise very happy with the product."
FB-00061,2026-01-09 11:56:21,sales_call,ACC-0325,,"Call notes (Green Labs 45): the office manager said ""Changing one recurring meeting creates extra copies of the whole series."" Otherwise very happy with the product."
FB-00060,2026-01-09 13:33:12,app_store,ACC-0458,1.0,The first-time setup does not explain how anything works.
FB-00056,2026-01-09 19:58:02,community,ACC-0368,,We are considering switching because Tempo got too pricey. Very annoying.
FB-00064,2026-01-10 11:10:12,support_ticket,ACC-0413,,"It is confusing which time zone the booking link uses. Please fix this asap. Best, Lukas"
FB-00062,2026-01-10 11:52:16,nps_survey,ACC-0050,3.0,The sync sattus is stuck on syncing forever.
FB-00065,2026-01-10 14:41:24,support_ticket,ACC-0332,,"Hi Tempo support, We use Tempo every day. It is confusing which time zone the booking link uses. Best, Chen"
FB-00067,2026-01-10 17:59:57,app_store,ACC-0251,5.0,The team availability view is fantastic.
FB-00063,2026-01-10 20:48:37,app_store,ACC-0118,2.0,It keeps crashing on startup after the last Android update. This is really frustrating.
FB-00066,2026-01-10 21:04:37,support_ticket,ACC-0215,,"Hey there, Please add a Slack integration so reminders show up in our channels. Thanks in advance. Best, Chen"
FB-00070,2026-01-11 09:28:44,app_store,ACC-0352,1.0,Hard to justify the cost to my manager after the price increase. Hope this gets fixed soon.
FB-00068,2026-01-11 10:08:12,community,ACC-0138,,Sync keeps creating duplicate events on my calnedar.
FB-00071,2026-01-11 10:15:39,community,ACC-0248,,Idea: Can we get analytics on meeting load per person. Thanks!
FB-00074,2026-01-11 12:31:35,app_store,ACC-0183,4.0,Love how easy it is to find a time that works for everyone. Keep up the gerat work!
FB-00073,2026-01-11 12:46:50,support_ticket,ACC-0169,,"Hey there, The onboarding never explains the difference between workspaces and teams. - Maria"
FB-00069,2026-01-11 14:51:16,support_ticket,ACC-0512,,"We use Tempo every day. Scrolling the calendar on mobile is laggy and slow. Please fix this asap. Best, Priya"
FB-00072,2026-01-11 20:36:39,support_ticket,ACC-0002,,"Hi Tempo support, Our team of 12 people relies on Tempo. Our finance team needs a monthly utilization report. Also, tapping an event freezes the Android app. Would really appreciate it. Best, Omar"
FB-00085,2026-01-12 07:05:00,support_ticket,ACC-0102,,An integration with Microsoft Teams is the main thing missing for our team. Is this on the roadmap? - Jonas
FB-00081,2026-01-12 07:59:04,nps_survey,ACC-0078,5.0,Hard to justify the cost to my manager after the price increase.
FB-00077,2026-01-12 08:05:10,nps_survey,ACC-0305,5.0,The iOS app is so slow it is unusalbe on older phones.
FB-00084,2026-01-12 10:02:32,nps_survey,ACC-0321,5.0,The scheduler keeps showing UTC instead of my local time.
FB-00078,2026-01-12 10:19:33,community,ACC-0294,,[Bug] Performance on my tablet is terrible compared to the web version. Very annoying.
FB-00082,2026-01-12 10:29:44,app_store,ACC-0004,2.0,It is confusing which time zone the booking link uses. Not happy about this.
FB-00089,2026-01-12 10:48:06,nps_survey,ACC-0461,8.0,The booking links alone are worth it.
FB-00075,2026-01-12 12:28:42,support_ticket,ACC-0321,,"We use Tempo every day. The mobile app drains my battery. Not happy about this. Best, Priya"
FB-00088,2026-01-12 12:29:01,app_store,ACC-0060,5.0,Tempo saves me hours every week. Keep up the great work!
FB-00079,2026-01-12 14:01:31,app_store,ACC-0516,2.0,Scrolling the calendar on Android is laggy and slow. Hope this gets fixed soon.
FB-00090,2026-01-12 14:03:53,nps_survey,ACC-0125,8.0,Best scheduling tool we have used.
FB-00086,2026-01-12 15:59:12,nps_survey,ACC-0028,5.0,Can we get analytics on meeting load per person.
FB-00076,2026-01-12 17:03:05,nps_survey,ACC-0138,5.0,The mobile app drains my battery.
FB-00087,2026-01-12 17:40:51,community,ACC-0140,,"Shoutout: Love how easy it is to find a time that works for everyone. Also, the reminder spam is making people ignore Tempo entirely."
FB-00080,2026-01-12 18:34:55,app_store,ACC-0501,3.0,Dark mode is the only thing missing for me. Is this on the roadmap?
FB-00083,2026-01-12 19:33:03,sales_call,ACC-0557,,"Call notes (Harbor Foods 44): their CTO said ""The scheduler keeps showing GMT instead of my local time."" Otherwise very happy with the product."
FB-00104,2026-01-13 07:39:52,nps_survey,ACC-0523,8.0,Tempo saves me hours every week.
FB-00093,2026-01-13 07:48:37,community,ACC-0091,,[Bug] Performance on my older Android phone is terrible compared to the web version. Please fix this asap.
FB-00092,2026-01-13 10:29:39,support_ticket,ACC-0264,,"Hey there, We use Tempo every day. Performance on my iPhone is terrible compared to the web version. Hope this gets fixed soon. Thanks, Maria"
FB-00101,2026-01-13 11:59:44,support_ticket,ACC-0233,,"Hi Tempo support, Exceptions to recurring events are lost when I save. Hope this gets fixed soon. - Jonas"
FB-00100,2026-01-13 12:47:44,community,ACC-0450,,"[bug] weekly recurring meetings disappear after the third week. also, icloud sync fails with an error every morning. please fix this asap."
FB-00099,2026-01-13 12:58:17,nps_survey,ACC-0385,2.0,Our new hires get lost in the onboarding flow.
FB-00094,2026-01-13 14:14:17,support_ticket,ACC-0434,,"Tempo is central to how we plan our week. The app freezes every time I switch calendars on my iPhone. Please fix this asap. Best, Chen"
FB-00096,2026-01-13 14:34:45,sales_call,ACC-0017,,"Call notes (Nova Works): the head of RevOps said ""Single sign-on with OneLogin is a hard requirement for us."""
FB-00097,2026-01-13 14:48:51,community,ACC-0384,,"Small thing, but Our new hires get lost in the onboarding flow."
FB-00102,2026-01-13 15:10:03,app_store,ACC-0282,5.0,Best scheduling tool we have used. Five stars.
FB-00098,2026-01-13 15:35:01,app_store,ACC-0375,3.0,the setup wizard skipped steps and left my workspace half configured. hope this gets fixed soon.
FB-00091,2026-01-13 16:07:52,support_ticket,ACC-0133,,"Hi team, Tempo is central to how we plan our week. Meetings I create in Tempo never make it to Office 365. Best, Maria"
FB-00095,2026-01-13 18:57:14,app_store,ACC-0448,5.0,Please add a dark mode.
FB-00103,2026-01-13 21:49:47,app_store,ACC-0003,4.0,Great product and the support team is very responsive.
FB-00105,2026-01-14 08:02:56,support_ticket,ACC-0587,,"The sync stauts is stuck on syncing forever. Also, the onboarding never explains the difference between workspaces and teams. Thanks, Lukas"
FB-00122,2026-01-14 09:37:05,nps_survey,ACC-0290,9.0,The team availability view is fantastic.
FB-00114,2026-01-14 10:09:02,sales_call,ACC-0586,,"Call notes (Iron Capital 45): the head of RevOps said ""It is confusing which time zone the booking link uses."" Expansion to 150 more seats depends on this."
FB-00119,2026-01-14 11:30:41,sales_call,ACC-0240,,"Call notes (Harbor Labs 36): the IT director said ""Can you connect Tempo with Slack for meeting links."" Expansion to 40 more seats depends on this."
FB-00120,2026-01-14 11:34:40,support_ticket,ACC-0144,,"Hello, We use Tempo every day. Please add an API endpoint for exporting events."
FB-00118,2026-01-14 11:42:43,community,ACC-0431,,"idea: we live in microsoft teams, getting alerts three would help a lot. thanks!"
FB-00113,2026-01-14 13:17:07,support_ticket,ACC-0489,,"Our team of 25 people relies on Tempo. There is no way to see two time zones side by side when scheduling. This is really frustrating. Best, Sofia"
FB-00121,2026-01-14 14:24:36,sales_call,ACC-0489,,"Call notes (Quiet Labs 3): the security lead said ""The first-time setup does not explain how anything works."""
FB-00124,2026-01-14 14:38:46,nps_survey,ACC-0557,8.0,Love how easy it is to find a time that works for everyone.
FB-00111,2026-01-14 14:52:57,support_ticket,ACC-0208,,"Hi team, We use Tempo every day. Single sign-on with Entra ID is a hard requirement for us. Thanks in advance. - Lukas"
FB-00107,2026-01-14 15:19:28,nps_survey,ACC-0201,5.0,Tapping an event freezes the Android app.
FB-00112,2026-01-14 16:22:52,support_ticket,ACC-0389,,"Hi team, Tempo is central to how we plan our week. The new per-seat price is too expensive for a small team. Best, Chen"
FB-00115,2026-01-14 16:52:06,nps_survey,ACC-0463,0.0,The scheduler keeps showing GMT instead of my local time.
FB-00108,2026-01-14 17:02:14,app_store,ACC-0108,1.0,the android app is so slow it is unusable on older phones. this is really frustrating.
FB-00106,2026-01-14 18:24:53,support_ticket,ACC-0227,,"Hi Tempo support, We use Tempo every day. Tapping an event freezes the Android app. Best, Omar"
FB-00116,2026-01-14 19:26:37,app_store,ACC-0429,2.0,invites to our new york office arrive with the wrong time.
FB-00123,2026-01-14 19:59:59,app_store,ACC-0133,5.0,The booking links aolne are worth it.
FB-00117,2026-01-14 20:31:11,app_store,ACC-0483,1.0,invites to our new york office arrive with the wrong time.
FB-00110,2026-01-14 20:33:49,app_store,ACC-0543,3.0,Please add a dark mode.
FB-00109,2026-01-14 21:52:00,app_store,ACC-0159,3.0,please add a dark mode.
FB-00125,2026-01-15 07:41:32,community,ACC-0381,,Anyone else seeing this? Scrolling the calendar on Android is laggy and slow.
FB-00135,2026-01-15 08:57:38,app_store,ACC-0420,4.0,Would love a dark theme for late night planning. Would really appreciate it.
FB-00126,2026-01-15 09:30:19,app_store,ACC-0425,2.0,The moblie app takes forever to load. Please fix this asap.
FB-00133,2026-01-15 09:37:52,app_store,ACC-0549,4.0,Add a night mode option to the mobile app. Thanks!
FB-00127,2026-01-15 09:58:53,support_ticket,ACC-0214,,"Performance on my tablet is terrible compared to the web version. Not happy about this. Thanks, Chen"
FB-00146,2026-01-15 11:04:49,sales_call,ACC-0131,,"Call notes (Maple Robotics): the security lead said ""Our whole company switched and nobody looked back."" They mentioned evaluating competitors."
FB-00128,2026-01-15 12:45:22,app_store,ACC-0231,2.0,It keeps crashing on startup after the last mobile update. Hope this gets fixed soon.
FB-00130,2026-01-15 13:40:33,nps_survey,ACC-0252,7.0,Would love a dark theme for late night planning.
FB-00145,2026-01-15 14:45:45,app_store,ACC-0419,4.0,Best scheduling tool we have used.
FB-00141,2026-01-15 16:15:37,support_ticket,ACC-0082,,Our new hires get lost in the onboarding flow. This is really frustrating. - Kate
FB-00140,2026-01-15 16:25:02,app_store,ACC-0357,4.0,We need to exprot meeting data to CSV.
FB-00144,2026-01-15 17:59:09,support_ticket,ACC-0077,,"Hi team, Love how easy it is to find a time that works for everyone. Thank you! Thanks, Priya"
FB-00132,2026-01-15 18:29:14,community,ACC-0363,,"the bright interface is painful at night, we need a dark mode. also, sync keeps creating duplicate events on my calendar. would really appreciate it."
FB-00137,2026-01-15 18:35:56,support_ticket,ACC-0192,,"Hi team, We use Tempo every day. We live in Slack, getting alerts there would help a lot. Best, Maria"
FB-00142,2026-01-15 19:21:00,community,ACC-0313,,feedback: the first-time setup does not explain how anything works. please fix this asap.
FB-00138,2026-01-15 19:41:20,community,ACC-0279,,+1 for this: Please add a Teams integration so reminders show up in our channels. Would really appreciate it.
FB-00131,2026-01-15 20:23:40,support_ticket,ACC-0177,,"Hey there, We use Tempo every day. Would love a dark theme for late night planning. Would really appreciate it."
FB-00136,2026-01-15 20:30:26,app_store,ACC-0449,1.0,my time zone setting resets every time i travel. not happy about this.
FB-00134,2026-01-15 20:38:58,app_store,ACC-0580,3.0,Any plans for a dark theme? every other app has one. Thanks in advance.
FB-00139,2026-01-15 20:46:12,sales_call,ACC-0435,,"Call notes (North Logistics 63): the IT director said ""I would like a reprot of how much time the team spends in meetings."" Renewal is in 8 weeks."
FB-00129,2026-01-15 21:21:04,community,ACC-0068,,the android app takes forever to load. this is really frustrating.
FB-00143,2026-01-15 21:34:05,app_store,ACC-0459,5.0,Our whole company switched and nobody looked back. Five stars.
FB-00148,2026-01-16 07:28:19,community,ACC-0517,,feature request: any plans for a dark theme? every other app has one.
FB-00157,2026-01-16 09:15:10,app_store,ACC-0414,1.0,"No guidance during setup, I did not know where to start. Please fix this asap."
FB-00149,2026-01-16 11:04:59,sales_call,ACC-0406,,"Call notes (Iron Labs 92): the IT director said ""Can you connect Tempo with Teams for meeting links."" Renewal is in 2 weeks."
FB-00160,2026-01-16 12:48:44,community,ACC-0580,,the team availability view is fantastic. five stars.
FB-00151,2026-01-16 13:34:24,support_ticket,ACC-0462,,"Hi team, Tempo is central to how we plan our week. A Slack bot that posts the daily agenda would be amazing. Thanks, Deniz"
FB-00158,2026-01-16 13:38:40,sales_call,ACC-0346,,"Call notes (Iron Analytics 5): the ofifce manager said ""Setting up the workspace was confusing."" They mentioned evaluating competitors."
FB-00153,2026-01-16 14:59:20,support_ticket,ACC-0502,,"Hi team, Please let me mute notifications for specific calendars. Very annoying. Thanks, Deniz"
FB-00147,2026-01-16 16:13:29,nps_survey,ACC-0296,6.0,The sync status is stuck on syncing forever.
FB-00150,2026-01-16 16:48:54,app_store,ACC-0439,3.0,set my slack status automatically when i am in a meeting. would really appreciate it.
FB-00156,2026-01-16 16:51:04,community,ACC-0040,,Feedback: The onboarding never explains the difference between workspaces and teams. Not happy about this.
FB-00154,2026-01-16 17:09:47,support_ticket,ACC-0331,,"Hey there, Our team of 40 people relies on Tempo. Way too many email notifications, I am drowning in reminders. Not happy about this. - Amara"
FB-00152,2026-01-16 17:53:24,support_ticket,ACC-0438,,"Hi Tempo spuport, We use Tempo every day. An integration with Microsoft Teams is the main thing missing for our team. Thanks! Best, Sofia"
FB-00159,2026-01-16 17:54:20,app_store,ACC-0192,5.0,The booking links alone are worth it.
FB-00155,2026-01-16 20:56:53,sales_call,ACC-0059,,"Call notes (Urban Robotics): the IT director said ""Our finance team needs a monthly utilization report."" Expansion to 80 more seats depends on this."
FB-00164,2026-01-17 07:57:04,support_ticket,ACC-0044,,"Hello, Would love a dark theme for late ngiht planning. Thanks in advance. Best, Amara"
FB-00167,2026-01-17 08:38:13,community,ACC-0589,,The scheduler keeps showing GMT instead of my local time. Very annoying.
FB-00170,2026-01-17 09:18:48,community,ACC-0380,,feedback: onboarding is confusing for anyone who is not technical. very annoying.
FB-00162,2026-01-17 10:13:42,support_ticket,ACC-0589,,"Tempo is central to how we plan our week. Scrolling the calendar on Android is laggy and slow. This is really frustrating. Best, Deniz"
FB-00169,2026-01-17 11:36:52,app_store,ACC-0105,4.0,Please add an API endpoint for exporting events.
FB-00166,2026-01-17 15:16:26,support_ticket,ACC-0208,,"Hello, We need SAML single sign-on before we can roll out to more teams. Best, Maria"
FB-00163,2026-01-17 17:02:53,support_ticket,ACC-0574,,"Hi Tempo support, I have been a customer for 18 months. Any plans for a dark theme? every other app has one. Thanks, Lukas"
FB-00161,2026-01-17 17:40:01,support_ticket,ACC-0402,,"Hello, We use Tempo every day. Every event from Google Calendar now shows up twice. Not happy about this. Best, Omar"
FB-00168,2026-01-17 19:33:27,support_ticket,ACC-0328,,"Hey there, Our team of 150 people relies on Tempo. Events shift by an hour after daylight saving time. Best, Jonas"
FB-00171,2026-01-17 20:02:05,app_store,ACC-0327,1.0,The setup wizard skipped steps and left my workspace half configured.
FB-00165,2026-01-17 21:33:48,nps_survey,ACC-0152,5.0,"Dark mode is the only thing missing for me. Also, can you connect Tempo with Slack for meeting links."
FB-00174,2026-01-18 07:50:08,nps_survey,ACC-0231,2.0,The iOS app crashes when I open the week view.
FB-00182,2026-01-18 08:45:18,nps_survey,ACC-0179,2.0,"Notification settings are too coarse, it is all or nothing."
FB-00176,2026-01-18 09:43:48,app_store,ACC-0553,5.0,would love a dark theme for late night planning. would really appreciate it.
FB-00186,2026-01-18 09:47:12,app_store,ACC-0123,4.0,The booking links alone are worth it.
FB-00175,2026-01-18 12:42:34,nps_survey,ACC-0279,7.0,Any plans for a dark theme? every other app has one.
FB-00173,2026-01-18 13:04:49,app_store,ACC-0505,2.0,Performance on my Samsung phone is terrible compared to the web version.
FB-00172,2026-01-18 13:56:24,community,ACC-0531,,Anyone else seeing this? My Office 365 calendar stopped syncing since Tuesday. Not happy about this.
FB-00179,2026-01-18 14:27:47,community,ACC-0499,,Invites to our Berlin office arrive with the wrong time. This is really frustrating.
FB-00183,2026-01-18 15:10:23,app_store,ACC-0478,4.0,A dahsboard showing meeting hours by team would be great.
FB-00181,2026-01-18 15:29:56,nps_survey,ACC-0560,7.0,"We would love to schedule meetings directly from Teams. Also, push notifications arrive late or twice."
FB-00187,2026-01-18 15:42:16,app_store,ACC-0459,4.0,The booking links alone are worth it.
FB-00185,2026-01-18 17:10:50,nps_survey,ACC-0095,5.0,Our new hires get lost in the obnoarding flow.
FB-00180,2026-01-18 17:22:49,nps_survey,ACC-0561,5.0,It is confusing which time zone the booking link uses.
FB-00189,2026-01-18 17:32:04,community,ACC-0456,,Shoutout: Love how easy it is to find a time that works for everyone.
FB-00184,2026-01-18 17:38:59,support_ticket,ACC-0298,,"Hi Tempo support, We use Tempo every day. A dashboard showing meeting hours by team would be great. Would really appreciate it. Best, Maria"
FB-00178,2026-01-18 17:56:57,sales_call,ACC-0101,,"Call notes (Blue Capital 93): their CTO said ""The new per-seat price is too expensive for a small team."" Expansion to 80 more seats depends on this."
FB-00188,2026-01-18 20:53:21,nps_survey,ACC-0170,10.0,Super clean interface and very intuitive.
FB-00177,2026-01-18 21:16:26,community,ACC-0555,,"Idea: The bright interface is painful at night, we need a dark mode. Would really appreciate it."
FB-00217,2026-01-19 07:05:24,nps_survey,ACC-0113,8.0,The booking links alone are worth it.
FB-00212,2026-01-19 08:55:15,support_ticket,ACC-0181,,"Hey there, Our finance team needs a monthly utilization report. Best, Chen"
FB-00203,2026-01-19 09:14:33,nps_survey,ACC-0505,4.0,Paying per seat makes no sense for occasional users.
FB-00197,2026-01-19 09:17:59,app_store,ACC-0013,4.0,"Dark mode please, the white screen hurts my eyes. Would really appreciate it."
FB-00192,2026-01-19 09:24:02,app_store,ACC-0068,3.0,The app freezes every time I switch calendars on my Samsung phone. Plesae fix this asap.
FB-00210,2026-01-19 10:05:27,support_ticket,ACC-0453,,"Hey there, We use Tempo every day. Please let me mute notifications for specific calendars. This is really frustrating. Thanks, Sofia"
FB-00200,2026-01-19 10:09:40,app_store,ACC-0129,5.0,"Dark mode please, the white screen hurts my eyes. Is this on the roadmap?"
FB-00204,2026-01-19 10:42:26,support_ticket,ACC-0233,,Meeting times are wrong when attendees are in different time zones. - Maria
FB-00198,2026-01-19 10:44:02,app_store,ACC-0031,5.0,Please follow the system dark theme on mobile. Thanks in advance.
FB-00199,2026-01-19 11:04:24,app_store,ACC-0284,4.0,please add a dark mode.
FB-00218,2026-01-19 11:11:51,app_store,ACC-0575,5.0,super clean interface and very intuitive. keep up the great work!
FB-00191,2026-01-19 11:13:25,support_ticket,ACC-0530,,"Hey there, I have been a customer for 9 months. Half of my Google events disappeared from Tempo. Very annoying. Thanks, Jonas"
FB-00214,2026-01-19 11:14:46,community,ACC-0220,,The setup wizard skipped steps and left my workspace half configured. Not happy about this.
FB-00215,2026-01-19 11:48:41,app_store,ACC-0568,1.0,Setting up the workspace was confusing. Please fix this asap.
FB-00208,2026-01-19 11:56:48,app_store,ACC-0105,4.0,please add a teams integration so reminders show up in our channels.
FB-00201,2026-01-19 12:26:27,community,ACC-0127,,idea: would love a dark theme for late night planning. would really appreciate it.
FB-00209,2026-01-19 13:48:27,community,ACC-0511,,"+1 for this: A Slack bot that posts the daily agenda would be amazing. Also, two-way sync with Outlook is broken and changes take hours to appear. Would really appreciate it."
FB-00206,2026-01-19 13:59:15,support_ticket,ACC-0575,,"Hi Tempo support, Tempo is central to how we plan our week. We live in Slack, getting alerts there would help a lot. Is this on the roadmap? Thanks, Jonas"
FB-00213,2026-01-19 14:56:49,app_store,ACC-0055,2.0,our new hries get lost in the onboarding flow. this is really frustrating.
FB-00196,2026-01-19 14:57:35,app_store,ACC-0055,4.0,any plans for a dark theme? every other app has one. would really appreciate it.
FB-00202,2026-01-19 15:23:54,community,ACC-0288,,Pricing feedback: The Pro plan now costs more than tools that do much more. This is really frustrating.
FB-00211,2026-01-19 16:17:22,app_store,ACC-0388,3.0,Push notifications arrive late or twice. Not happy about this.
FB-00216,2026-01-19 16:30:58,app_store,ACC-0571,2.0,The new recurring event editor will not let me set custom repeats.
FB-00205,2026-01-19 17:05:11,sales_call,ACC-0406,,"Call notes (Iron Labs 92): the head of RevOps said ""An integration with Microsoft Teams is the main thing missing for our team."" They mentioned evaluating competitors."
FB-00207,2026-01-19 17:08:46,nps_survey,ACC-0147,8.0,Please add a Slack integration so reminders show up in our channels.
FB-00193,2026-01-19 18:19:06,nps_survey,ACC-0030,2.0,The app hangs for ten seconds before showing my schedule.
FB-00190,2026-01-19 18:43:22,nps_survey,ACC-0465,6.0,Sync keeps creating duplicate events on my calendar.
FB-00194,2026-01-19 19:17:55,community,ACC-0325,,bug report: the android app takes forever to load. very annoying.
FB-00195,2026-01-19 19:43:04,app_store,ACC-0211,2.0,The app freezes every time I switch calendars on my Samsung phone.
FB-00237,2026-01-20 07:03:34,app_store,ACC-0492,5.0,Great product and the support team is very responsive. Thank you!
FB-00239,2026-01-20 07:17:12,nps_survey,ACC-0529,10.0,"The team availability view is fantastic. Also, dark mode is the only thing missing for me."
FB-00220,2026-01-20 08:10:18,app_store,ACC-0241,2.0,the android app crashes when i open the week view.
FB-00226,2026-01-20 08:26:30,community,ACC-0569,,"Dark mode please, the white screen hurts my eyes. Thnaks!"
FB-00227,2026-01-20 08:35:12,nps_survey,ACC-0020,5.0,"Single sign-on with Google Workspace is a hard requirement for us. Also, I cannot delete a single instance of a repeating event anymore."
FB-00228,2026-01-20 08:37:09,app_store,ACC-0577,3.0,The price increase does not feel justified. Please fix this asap.
FB-00233,2026-01-20 10:44:41,app_store,ACC-0385,2.0,"notification settings are too coarse, it is all or nothing."
FB-00222,2026-01-20 11:04:35,app_store,ACC-0390,4.0,Add a night mode option to the Android app. Thanks!
FB-00240,2026-01-20 11:50:52,app_store,ACC-0418,5.0,Great product and the support team is very responsive. Thank you!
FB-00238,2026-01-20 12:39:46,community,ACC-0358,,Our whole company switched and nobody looked back. Keep up the great work!
FB-00229,2026-01-20 15:04:27,app_store,ACC-0580,3.0,"We live in Slack, getting alerts there would help a lot."
FB-00230,2026-01-20 15:24:04,app_store,ACC-0298,4.0,Please add a Microsoft Teams integration so reminders show up in our channels. Thanks!
FB-00225,2026-01-20 15:30:34,nps_survey,ACC-0271,5.0,Any plans for a dark theme? every other app has one.
FB-00224,2026-01-20 16:43:28,nps_survey,ACC-0209,8.0,Add a night mode option to the iOS app.
FB-00221,2026-01-20 16:52:34,app_store,ACC-0488,1.0,The app hangs for ten seconds before showing my schedule. This is really frustrating.
FB-00232,2026-01-20 17:13:34,app_store,ACC-0448,3.0,"Notification settings are too coarse, it is all or nothing. This is really frustrating."
FB-00219,2026-01-20 18:14:17,support_ticket,ACC-0321,,"Hey there, Our team of 25 people relies on Tempo. It keeps crashing on startup after the last mobile update. - Kate"
FB-00223,2026-01-20 19:07:08,support_ticket,ACC-0349,,"Hi Tempo support, I have been a customer for 9 months. Please add a dark mode. - Lukas"
FB-00234,2026-01-20 19:15:42,nps_survey,ACC-0223,4.0,Every calendar change triggers an email to the whole team.
FB-00235,2026-01-20 19:43:40,community,ACC-0042,,+1 for this: A dashboard showing meeting hours by team would be great. Thanks in advance.
FB-00236,2026-01-20 20:01:08,support_ticket,ACC-0308,,"Hey there, It took me an hour of setup to figure out how to invite my team. Please fix this asap. Best, Deniz"
FB-00231,2026-01-20 21:59:27,app_store,ACC-0507,3.0,I cannot turn off the daily digest emails. Hope this gets fixed soon.
FB-00252,2026-01-21 07:04:59,app_store,ACC-0306,2.0,"no guidance during setup, i did not know where to start. not happy about this."
FB-00253,2026-01-21 07:15:22,community,ACC-0326,,Feedback: Our new hires get lost in the onboarding flow. Hope this gets fixed soon.
FB-00250,2026-01-21 07:43:38,sales_call,ACC-0296,,"Call notes (Green Systems 51): their CTO said ""We need to export meeting data to CSV."" Otherwise very happy with the product."
FB-00242,2026-01-21 08:14:46,nps_survey,ACC-0104,5.0,Plaese add a dark mode.
FB-00255,2026-01-21 08:32:38,community,ACC-0234,,The team availability view is fantastic. Keep up the great work!
FB-00247,2026-01-21 09:16:15,app_store,ACC-0534,2.0,The Pro plan now costs more than tools that do much more. Hope this gets fixed soon.
FB-00241,2026-01-21 09:17:38,app_store,ACC-0063,1.0,the app hangs for ten seconds before showing my schedule. please fix this asap.
FB-00246,2026-01-21 09:45:15,community,ACC-0281,,Pricing feedback: Billing us for inactive seats is unfair. Please fix this asap.
FB-00248,2026-01-21 10:28:16,app_store,ACC-0365,3.0,"We live in Teams, getting alerts there would help a lot. Would really appreciate it."
FB-00249,2026-01-21 11:17:03,sales_call,ACC-0042,,"Call notes (Rapid Analytics 33): the VP of Operations said ""The reminder spam is maikng people ignore Tempo entirely."" Otherwise very happy with the product."
FB-00245,2026-01-21 14:11:50,sales_call,ACC-0208,,"Call notes (Iron Analytics): the head of RevOps said ""Our security team requires SSO with Okta."" Otherwise very happy with the product."
FB-00256,2026-01-21 15:17:18,app_store,ACC-0570,5.0,Great product and the support team is very responsive.
FB-00243,2026-01-21 18:55:03,nps_survey,ACC-0457,5.0,"The bright interface is paniful at night, we need a dark mode."
FB-00254,2026-01-21 18:56:45,community,ACC-0125,,Our whole company switched and nobody looked back. Keep up the great work!
FB-00251,2026-01-21 20:18:53,nps_survey,ACC-0348,7.0,I would like a report of how much time the team spends in meetings.
FB-00244,2026-01-21 21:13:44,app_store,ACC-0439,5.0,"The bright interface is painful at night, we need a dark mode. Would really appreciate it."
FB-00270,2026-01-22 08:02:25,community,ACC-0219,,it took me an hour of setup to figure out how to invite my team. very annoying.
FB-00272,2026-01-22 08:05:57,nps_survey,ACC-0120,0.0,I cannot delete a single instance of a repeating event anymore.
FB-00267,2026-01-22 08:07:37,support_ticket,ACC-0173,,"Hey there, I have been a customer for 6 months. Notification settings are too coarse, it is all or nothing. Not happy about this. Best, Sofia"
FB-00260,2026-01-22 08:47:57,app_store,ACC-0418,4.0,please add a dark mode.
FB-00261,2026-01-22 10:58:11,community,ACC-0576,,"Dark mode please, the white screen hurts my eyes."
FB-00264,2026-01-22 11:47:19,support_ticket,ACC-0192,,"Hi team, Our team of 40 people relies on Tempo. A Slack bot that posts the daily agenda would be amazing. Best, Sofia"
FB-00263,2026-01-22 12:03:48,support_ticket,ACC-0137,,"Tempo is central to how we plan our week. We are considering switching because Tempo got too pricey. Thanks, Chen"
FB-00257,2026-01-22 12:32:18,support_ticket,ACC-0013,,"Hello, I have been a customer for 18 months. The app hangs for ten seconds before showing my schedule. Please fix this asap. Best, Sofia"
FB-00266,2026-01-22 12:44:39,nps_survey,ACC-0237,7.0,"An integration with Slack is the main thing missing for our team. Also, missing SSO support is a blocker in our procurement review."
FB-00258,2026-01-22 13:02:51,nps_survey,ACC-0517,3.0,Scrolling the calendar on iOS is laggy and slow.
FB-00262,2026-01-22 13:11:32,app_store,ACC-0058,5.0,Add a night mode option to the mobile app. Thanks in advance.
FB-00265,2026-01-22 14:57:52,nps_survey,ACC-0298,5.0,Set my Microsoft Teams status automatically when I am in a meeting.
FB-00273,2026-01-22 15:39:08,support_ticket,ACC-0156,,"Hi Tempo support, The new recurring event editor will not let me set custom repeats. Very annoying."
FB-00269,2026-01-22 17:36:55,community,ACC-0404,,"Small thing, but Setting up the workspace was confusing. Please fix this asap."
FB-00268,2026-01-22 17:46:21,app_store,ACC-0337,1.0,Onboarding is confusing for anyone who is not technical. Please fix this asap.
FB-00271,2026-01-22 20:27:16,app_store,ACC-0164,2.0,"no guidance during setup, i did not know whree to start. this is really frustrating."
FB-00259,2026-01-22 20:30:37,community,ACC-0090,,Feature request: I would honestly pay extra for a dark mode. Thanks in advance.
FB-00274,2026-01-22 21:11:50,nps_survey,ACC-0397,8.0,Great product and the support team is very responsive.
FB-00286,2026-01-23 08:21:47,support_ticket,ACC-0050,,"Hello, Tempo is central to how we plan our week. Setting up the workspace was confusing. Also, paying per seat makes no sense for occasional users. Please fix this asap. - Amara"
FB-00288,2026-01-23 08:31:17,support_ticket,ACC-0274,,"Hi Tempo support, Our team of 80 people relies on Tmepo. Best scheduling tool we have used. Keep up the great work! Best, Priya"
FB-00282,2026-01-23 08:50:00,support_ticket,ACC-0201,,"Hi Tempo support, I have been a customer for 18 months. The price increase does not feel justified. Not happy about this. Best, Priya"
FB-00289,2026-01-23 09:11:57,nps_survey,ACC-0592,8.0,The booking links alone are worth it.
FB-00284,2026-01-23 09:21:17,app_store,ACC-0159,5.0,Can you connect Tempo with Slack for meeting links. Thanks!
FB-00277,2026-01-23 09:47:01,support_ticket,ACC-0105,,"Hi Tempo support, I have been a customer for 6 months. It keeps crashing on startup after the last Android update. Also, way too many email notifications, I am drowning in reminders. Not happy about this. - Amara"
FB-00278,2026-01-23 11:12:39,support_ticket,ACC-0534,,"Hello, The app hangs for ten seconds before showing my schedule."
FB-00287,2026-01-23 11:40:49,support_ticket,ACC-0491,,"Hello, We use Tempo every day. The repeat every other week option is broken. Hope this gets fixed soon. Thanks, Maria"
FB-00290,2026-01-23 12:02:11,app_store,ACC-0540,4.0,Super clean interface and very intuitive.
FB-00283,2026-01-23 12:45:49,app_store,ACC-0435,4.0,Can you connect Tempo with Slack for meeting links. Is this on the roadmap?
FB-00291,2026-01-23 13:53:45,app_store,ACC-0014,5.0,Best scheduling tool we have used.
FB-00279,2026-01-23 14:11:44,app_store,ACC-0458,5.0,Dark mode is the only tihng missing for me. Is this on the roadmap?
FB-00275,2026-01-23 16:49:46,app_store,ACC-0280,1.0,The Android app takes forever to load. Not happy about this.
FB-00285,2026-01-23 17:33:26,community,ACC-0561,,the onboarding never explains the difference between workspaces and teams. very annoying.
FB-00281,2026-01-23 18:25:28,sales_call,ACC-0020,,"Call notes (Urban Capital): the office manager said ""Please add SCIM provisioning so IT can manage users from Okta."" Expansion to 5 more seats depends on this."
FB-00280,2026-01-23 19:49:54,app_store,ACC-0500,3.0,"the bright intreface is painful at night, we need a dark mode."
FB-00276,2026-01-23 20:36:52,support_ticket,ACC-0035,,"Hey there, I have been a customer for 6 months. The app freezes every time I switch calendars on my iPhone. Very annoying. Best, Priya"
FB-00299,2026-01-24 09:18:43,support_ticket,ACC-0574,,"Hello, Love how easy it is to find a time that works for everyone. - Lukas"
FB-00293,2026-01-24 12:45:25,support_ticket,ACC-0534,,"Hi Tempo support, We use Tempo every day. Would love a dark theme for late night planning. Is this on the roadmap? Thanks, Amara"
FB-00294,2026-01-24 14:58:46,app_store,ACC-0504,4.0,Please follow the system dark theme on Android.
FB-00297,2026-01-24 16:33:21,support_ticket,ACC-0552,,"Hi team, Our team of 150 people relies on Tempo. Please add a Teams integration so rmeinders show up in our channels. Thanks!"
FB-00292,2026-01-24 19:15:12,app_store,ACC-0350,1.0,the mobile app drains my battery.
FB-00296,2026-01-24 19:56:49,sales_call,ACC-0557,,"Call notes (Harbor Foods 44): the IT director said ""Single sign-on with Azure AD is a hard requirement for us."""
FB-00298,2026-01-24 20:17:16,support_ticket,ACC-0582,,Please add an API endpoint for exporting events. Would really appreciate it. - Jonas
FB-00295,2026-01-24 21:17:35,support_ticket,ACC-0209,,"Hi team, Dark mode please, the white screen hurts my eyes. Thanks, Omar"
FB-00300,2026-01-25 07:00:29,community,ACC-0236,,The app hangs for ten seconds before showing my schedule. Hope this gets fixed soon.
FB-00308,2026-01-25 08:04:59,support_ticket,ACC-0347,,Super clean interface and very intuitive. Five stars.
FB-00304,2026-01-25 09:46:17,support_ticket,ACC-0074,,"Hello, Events shift by an hour after daylight saving time. Hope this gets fixed soon. Best, Jonas"
FB-00306,2026-01-25 10:03:42,app_store,ACC-0549,5.0,A Slack bot that posts the daily agenda would be amazing. Thanks in advance.
FB-00307,2026-01-25 15:07:56,support_ticket,ACC-0410,,"Hello, Our new hires get lost in the onboarding flow. - Lukas"
FB-00303,2026-01-25 16:38:16,sales_call,ACC-0069,,"Call notes (Bold Labs): the IT director said ""We need SAML single sign-on before we can roll out to more teams."""
FB-00301,2026-01-25 20:28:15,nps_survey,ACC-0333,7.0,Any plans for a dark theme? every other app has one.
FB-00305,2026-01-25 20:33:37,community,ACC-0178,,"+1 for this: we live in microsoft teams, getting alerts there would help a lot."
FB-00302,2026-01-25 21:25:03,sales_call,ACC-0020,,"Call notes (Ubran Capital): the office manager said ""We need SAML single sign-on before we can roll out to more teams."""
FB-00319,2026-01-26 07:51:58,support_ticket,ACC-0593,,"Hi team, We use Tempo every day. Our whole company switched and nobody looked back. - Sofia"
FB-00311,2026-01-26 10:08:58,sales_call,ACC-0077,,"Call notes (Iron Partners 31): the office manager said ""Any plans for a dark theme? every other app has one."" Otherwise very happy with the product."
FB-00309,2026-01-26 11:40:21,app_store,ACC-0273,1.0,Two-way sync with Google Calendar is broken and changes take hours to appear. Very annoying.
FB-00315,2026-01-26 12:03:21,app_store,ACC-0225,3.0,Please add a Slack integration so reminders show up in our channels. Would really appreciate it.
FB-00317,2026-01-26 12:52:03,sales_call,ACC-0039,,"Call notes (Iron Analytics 92): the office manager said ""Way too many email notifications, I am drowning in reminders."" They mentioned evaluating competitors."
FB-00318,2026-01-26 13:48:45,app_store,ACC-0021,2.0,The setup wizard skipped steps and left my workspace half configured. This is really frustrating.
FB-00314,2026-01-26 14:19:55,support_ticket,ACC-0017,,"Hey there, There is no way to see two time zones side by side when scheduling. Very annoying. Thanks, Sofia"
FB-00310,2026-01-26 16:42:44,app_store,ACC-0423,2.0,The app freezes every time I switch calendars on my Pixel. This is really frustrating.
FB-00312,2026-01-26 17:28:42,sales_call,ACC-0085,,"Call notes (Rapid Labs): the office manager said ""IT wants to manage access through Google Workspace, is SSO on the roadmap."" Otherwise very happy with the product."
FB-00313,2026-01-26 17:45:13,nps_survey,ACC-0457,0.0,The new per-seat price is too expensive for a smlal team.
FB-00316,2026-01-26 20:09:32,community,ACC-0512,,An integration with Microsoft Teams is the main thing missing for our team. Is this on the roadmap?
FB-00324,2026-01-27 08:53:53,sales_call,ACC-0357,,"Call notes (Clear Logistics 11): the head of RevOps said ""Offboarding users by hand is a compliance risk, we need SCIM."" Renewal is in 3 weeks."
FB-00331,2026-01-27 10:33:28,sales_call,ACC-0369,,"Call notes (Urban Logistics 25): the head of RevOps said ""We need to export meeting data to CSV."" They mentioned evaluating competitors."
FB-00320,2026-01-27 11:24:48,support_ticket,ACC-0214,,The app hangs for ten seconds before showing my schedule. Very annoying. - Deniz
FB-00321,2026-01-27 11:58:43,app_store,ACC-0572,4.0,"The bright interface is painful at night, we need a dark mode. Thanks in advance."
FB-00333,2026-01-27 12:08:07,app_store,ACC-0545,1.0,"No guidance during setup, I did not know where to start. Hope this gets fixed soon."
FB-00334,2026-01-27 13:29:56,app_store,ACC-0583,2.0,the setup wizard skipped steps and left my workspace half configured. hope this gets fixed soon.
FB-00328,2026-01-27 16:36:13,support_ticket,ACC-0333,,We use Tempo every day. Set my Slack status automatically when I am in a meeting. Is this on the roadmap? - Amara
FB-00326,2026-01-27 16:55:09,app_store,ACC-0459,1.0,there is no way to see two time zones side by side when scheduling. please fix this asap.
FB-00329,2026-01-27 18:38:25,nps_survey,ACC-0482,7.0,"A Teams bot that posts the daily agenda would be amazing. Also, please offer a cheaper plan for nonprofits."
FB-00323,2026-01-27 19:06:01,sales_call,ACC-0435,,"Call notes (North Logistics 63): their CTO said ""Our security team requires SSO with Okta."" Otherwise very happy with the porduct."
FB-00325,2026-01-27 19:12:15,app_store,ACC-0046,2.0,Invites to our New York office arrive with the wrong time. This is really frustrating.
FB-00332,2026-01-27 20:51:30,nps_survey,ACC-0467,5.0,"Can we get analytics on meeting load per person. Also, the repeat every other week option is broken."
FB-00322,2026-01-27 21:14:59,app_store,ACC-0030,4.0,Please add a dark mode. Thnaks!
FB-00327,2026-01-27 21:15:49,sales_call,ACC-0357,,"Call notes (Clear Logistics 11): the security lead said ""We live in Slack, getting alerts there would help a lot."" They mentioned evaluating competitors."
FB-00330,2026-01-27 21:58:18,community,ACC-0294,,Feedback: Push notifications arrive late or twice. Very annoying.
FB-00344,2026-01-28 07:13:24,app_store,ACC-0235,4.0,Please add a dark mode. Is this on the roadmap?
FB-00351,2026-01-28 07:52:45,sales_call,ACC-0541,,"Call notes (Bright Studio 64): the security lead said ""Best scheduling tool we have used."" Renewal is in 2 weeks."
FB-00340,2026-01-28 10:45:18,support_ticket,ACC-0232,,"Hey there, Any plans for a dark theme? every other app has one. Also, offboarding users by hand is a compliance risk, we need SCIM. Thanks in advance. Thanks, Lukas"
FB-00342,2026-01-28 11:08:45,app_store,ACC-0452,5.0,add a night mode option to the android app. wuold really appreciate it.
FB-00337,2026-01-28 14:02:35,community,ACC-0308,,Anyone else seeing this? Calendar sync is completely unreliable for days. Hope this gets fixed soon.
FB-00339,2026-01-28 14:27:09,app_store,ACC-0241,3.0,Tapping an event freezes the Android app. Not happy about this.
FB-00349,2026-01-28 14:30:21,app_store,ACC-0084,3.0,The onboarding never explanis the difference between workspaces and teams. Please fix this asap.
FB-00341,2026-01-28 16:10:56,support_ticket,ACC-0546,,"Hi team, Would love a dark theme for late night planning. Also, push notifications arrive late or twice. - Maria"
FB-00347,2026-01-28 18:02:09,nps_survey,ACC-0133,6.0,The reminder spam is making people ignore Tempo entirely.
FB-00336,2026-01-28 18:07:23,app_store,ACC-0359,1.0,Deleted meetings keep coming back after every sync. Please fix this asap.
FB-00343,2026-01-28 18:34:03,app_store,ACC-0283,5.0,"The bright interface is painful at nihgt, we need a dark mode. Is this on the roadmap?"
FB-00346,2026-01-28 18:35:21,support_ticket,ACC-0400,,"Hey there, Our team of 150 people relies on Tempo. Set my Teams status automtaically when I am in a meeting. Best, Maria"
FB-00338,2026-01-28 18:46:21,support_ticket,ACC-0175,,The mobile app is so slow it is unusable on older phones. Very annoying.
FB-00348,2026-01-28 19:01:36,app_store,ACC-0173,3.0,Export to Excel would save me hours every month.
FB-00345,2026-01-28 20:16:48,app_store,ACC-0466,2.0,billing us for inactive seats is unfair.
FB-00335,2026-01-28 20:37:42,app_store,ACC-0594,1.0,Two-way sync with Google is broken and changes take hours to appear. Not happy about this.
FB-00350,2026-01-28 20:52:23,app_store,ACC-0523,2.0,Setting up the workspace was confusing. Very annoying.
FB-00353,2026-01-29 07:10:11,app_store,ACC-0393,1.0,The sync status is stuck on syncing forever. This is really frustrating.
FB-00368,2026-01-29 07:52:24,nps_survey,ACC-0137,5.0,The reminder spam is making people ignore Tempo entirely.
FB-00359,2026-01-29 07:52:30,community,ACC-0177,,Idea: Any plans for a dark theme? every other app has one. Is this on the roadmap?
FB-00367,2026-01-29 08:36:24,support_ticket,ACC-0579,,"Hi team, I have been a customer for 9 months. A Microsoft Teams bot that posts the daily aegnda would be amazing. Best, Maria"
FB-00366,2026-01-29 09:01:57,app_store,ACC-0148,5.0,An integration with Slack is the main thing missing for our team. Is this on the roadmap?
FB-00352,2026-01-29 09:03:26,support_ticket,ACC-0065,,"Tempo is central to how we plan our week. Half of my Outlook events disappeared from Tempo. Please fix this asap. Thanks, Maria"
FB-00365,2026-01-29 09:06:10,community,ACC-0363,,"Small thing, but Meeting times are wrong when attendees are in different time zones. Not happy about this."
FB-00356,2026-01-29 10:17:23,sales_call,ACC-0020,,"Call notes (Urban Capital): the IT director said ""Performance on my iPhone is terrible compared to the web version."" Otherwise very happy with the product."
FB-00370,2026-01-29 10:59:48,app_store,ACC-0082,1.0,I cannot turn off the daily digest emails.
FB-00361,2026-01-29 11:04:41,support_ticket,ACC-0535,,Our team of 5 people relies on Tempo. Dark mode is the only thing missing for me. Would really appreciate it.
FB-00372,2026-01-29 11:28:50,nps_survey,ACC-0376,8.0,Export to Excel would save me hours every month.
FB-00371,2026-01-29 12:55:27,app_store,ACC-0539,4.0,please add an api endpoint for exporting events. thanks in advance.
FB-00354,2026-01-29 13:21:38,nps_survey,ACC-0211,5.0,The mobile app drains my battery.
FB-00362,2026-01-29 15:17:50,nps_survey,ACC-0552,4.0,We are considering switching because Tempo got too pricey.
FB-00363,2026-01-29 17:48:19,app_store,ACC-0578,1.0,Billing us for inactive seats is unfair. This is really frustrating.
FB-00357,2026-01-29 18:01:41,community,ACC-0586,,"Bug report: Tapping an event freezes the mobile app. Also, editing one occurrence changes the whole recurring series. Please fix this asap."
FB-00355,2026-01-29 18:46:56,app_store,ACC-0065,1.0,scrolling the calendar on mobile is laggy and slow. not happy abuot this.
FB-00360,2026-01-29 19:10:26,app_store,ACC-0090,4.0,Please add a dark mode.
FB-00369,2026-01-29 19:16:06,support_ticket,ACC-0092,,"Hi team, Tempo is central to how we plan our week. Every calendar change triggers an email to the whole team. - Chen"
FB-00364,2026-01-29 20:17:07,app_store,ACC-0229,2.0,Invites to our Lonodn office arrive with the wrong time. Please fix this asap.
FB-00358,2026-01-29 21:06:23,app_store,ACC-0342,5.0,I would honestly pay extra for a dark mode. Would really appreciate it.
FB-00386,2026-01-30 07:47:08,nps_survey,ACC-0582,8.0,"We live in Slack, getting alerts there would help a lot."
FB-00399,2026-01-30 07:49:25,nps_survey,ACC-0396,3.0,Onboarding is confusing for anyone who is not technical.
FB-00384,2026-01-30 08:02:38,support_ticket,ACC-0044,,"Hi team, We use Tempo every day. An integration with Microsoft Teams is the main thing missing for our team. Is this on the roadmap? Best, Omar"
FB-00394,2026-01-30 08:09:47,support_ticket,ACC-0199,,"We use Tempo every day. A dashboard showing meeting hours by team would be great. Thanks in advance. Best, Omar"
FB-00377,2026-01-30 09:02:43,support_ticket,ACC-0490,,"Hello, We use Tempo every day. Offboarding users by hand is a compliance risk, we need SCIM. Best, Chen"
FB-00375,2026-01-30 09:26:27,nps_survey,ACC-0215,7.0,Add a night mode option to the Android app.
FB-00391,2026-01-30 10:25:55,nps_survey,ACC-0525,5.0,"Notification settings are too coarse, it is all or nothing."
FB-00383,2026-01-30 10:36:51,community,ACC-0472,,Events shift by an hour after daylight saving time. Please fix this asap.
FB-00374,2026-01-30 10:54:29,community,ACC-0006,,Feature request: Please add a dark mode. Thanks in advance.
FB-00378,2026-01-30 11:14:58,nps_survey,ACC-0230,3.0,Paying per seat makes no sense for occasional users.
FB-00395,2026-01-30 11:18:19,community,ACC-0081,,"I would like a report of how much time the team spends in meetings. Also, my time zone setting resets every time I travel. Is this on the roadmap?"
FB-00388,2026-01-30 11:34:39,nps_survey,ACC-0574,1.0,I get three reminders for every single meeting.
FB-00381,2026-01-30 12:03:31,nps_survey,ACC-0289,6.0,Bililng us for inactive seats is unfair.
FB-00373,2026-01-30 12:08:26,support_ticket,ACC-0292,,"Hey there, Our team of 25 people relies on Tempo. Reconnecting Office 365 does not fix the sync problem. Please fix this asap. Best, Omar"
FB-00401,2026-01-30 12:24:06,app_store,ACC-0179,5.0,our whole company switched and nobody looked back. thank you!
FB-00392,2026-01-30 12:28:38,app_store,ACC-0215,1.0,I cannot turn off the daily digest emails.
FB-00376,2026-01-30 13:16:31,app_store,ACC-0451,4.0,would love a dark theme for late night planning. would really appreciate it.
FB-00389,2026-01-30 13:58:32,support_ticket,ACC-0419,,"Hi team, Our team of 12 people relies on Tempo. I cannot turn off the daily digest emails. Very annoying. Thanks, Maria"
FB-00393,2026-01-30 14:12:12,sales_call,ACC-0581,,"Call notes (Green Systems 88): the security lead said ""Please add an API endpoint for exporting events."" Otherwise very happy with the product."
FB-00382,2026-01-30 14:56:57,nps_survey,ACC-0050,0.0,"Meeting times are wrong when attendees are in different time zones. Also, we are considering switching beacuse Tempo got too pricey."
FB-00380,2026-01-30 15:12:55,community,ACC-0223,,"Pricing feedback: Please offer a cheaper plan for nonprofits. Also, we need SAML single sign-on before we can roll out to more teams."
FB-00398,2026-01-30 15:15:02,nps_survey,ACC-0476,6.0,The first-time setup does not explain how anything works.
FB-00390,2026-01-30 16:06:50,sales_call,ACC-0101,,"Call notes (Blue Capital 93): the office manager said ""I cannot turn off the daily digest emails."" Otherwise very happy with the product."
FB-00397,2026-01-30 16:59:49,community,ACC-0024,,"small thing, but the first-time setup does not explain how anything works. this is really frustrating."
FB-00387,2026-01-30 18:27:37,nps_survey,ACC-0271,8.0,Can you connect Tempo with Slcak for meeting links.
FB-00379,2026-01-30 19:00:24,community,ACC-0599,,pricing feedback: paying per seat makes no sense for occasional users. not happy about this.
FB-00396,2026-01-30 19:22:25,app_store,ACC-0024,4.0,A dashboard showing meeting hours by team wolud be great.
FB-00400,2026-01-30 20:29:00,app_store,ACC-0595,5.0,The team availability view is fantastic.
FB-00385,2026-01-30 21:12:03,support_ticket,ACC-0108,,"Hi Tempo support, I have been a customer for 9 months. An integration with Slack is the main thing missing for our team. Is this on the roadmap? Thanks, Maria"
FB-00406,2026-01-31 07:12:00,support_ticket,ACC-0457,,"Hi team, I have been a customer for 9 months. The first-time setup does not explain how anything works. Thanks, Deniz"
FB-00402,2026-01-31 07:47:49,nps_survey,ACC-0252,6.0,Performance on my tablet is terrible compared to the web version.
FB-00404,2026-01-31 11:10:56,sales_call,ACC-0317,,"Call notes (Bold Studio 83): the office manager said ""Set my Teams status automatically when I am in a meeting."""
FB-00405,2026-01-31 11:49:20,app_store,ACC-0010,2.0,Setting up the workspace was confusing. This is really frustrating.
FB-00403,2026-01-31 14:20:54,support_ticket,ACC-0157,,"We use Tempo every day. Paying per seat makes no sense for occasional users. Please fix this asap. Best, Deniz"
FB-00409,2026-01-31 17:18:46,community,ACC-0242,,Shoutout: Super clean interface and very intuitive.
FB-00407,2026-01-31 17:42:59,app_store,ACC-0523,1.0,The setup wizard skipped steps and left my workspace half configured. Please fix this asap.
FB-00410,2026-01-31 17:44:26,sales_call,ACC-0335,,"Call notes (North Partners 47): the IT director said ""Best scheduling tool we have used."""
FB-00408,2026-01-31 20:57:32,community,ACC-0246,,[Bug] Changing one recurring meeting creates extra copies of the whole series.
FB-00418,2026-02-01 08:20:34,support_ticket,ACC-0447,,"Hello, We use Tempo every day. Please follow the system dark theme on iOS. Best, Jonas"
FB-00411,2026-02-01 08:30:11,community,ACC-0239,,"Anyone else seeing this? Every event from Office 365 now shows up twice. Also, please add a dark mode. Very annoying."
FB-00417,2026-02-01 09:44:28,app_store,ACC-0098,5.0,Please add a dark mode.
FB-00427,2026-02-01 11:30:58,nps_survey,ACC-0417,8.0,Super clean interface and very intuitive.
FB-00425,2026-02-01 12:59:48,support_ticket,ACC-0297,,"Hi Tempo support, I have been a customer for 24 months. Setting up the workspace was confusing. Also, a 20 percent price jump with no new faetures is frustrating. Please fix this asap. Thanks, Omar"
FB-00416,2026-02-01 13:47:47,app_store,ACC-0342,1.0,The app freezes every time I switch calendars on my Pixel. Hope this gets fixed soon.
FB-00426,2026-02-01 14:46:13,support_ticket,ACC-0122,,Our new hires get lost in the onboardnig flow. Hope this gets fixed soon. - Lukas
FB-00413,2026-02-01 16:16:04,community,ACC-0572,,Bug report: The app freezes every time I switch calendars on my older Android phone. Please fix this asap.
FB-00419,2026-02-01 17:04:48,app_store,ACC-0044,4.0,Please follow the system dark theme on iOS. Thanks in advance.
FB-00420,2026-02-01 17:28:56,community,ACC-0022,,"Idea: Any plans for a dark theme? every other app has one. Also, a dashboard showing meeting hours by team would be great. Would really appreciate it."
FB-00424,2026-02-01 18:42:58,support_ticket,ACC-0087,,"Hey there, Our finance team needs a monthly utilization report. Thanks in advance. Best, Omar"
FB-00414,2026-02-01 19:19:50,community,ACC-0083,,The iOS app takes forever to load.
FB-00423,2026-02-01 19:39:11,app_store,ACC-0056,1.0,Please let me mute notifications for specific calendars. Please fix this asap.
FB-00422,2026-02-01 19:41:59,support_ticket,ACC-0218,,"We use Tempo every day. My time zone setting resets every time I travel. Very annoying. Best, Deniz"
FB-00415,2026-02-01 20:31:32,community,ACC-0551,,Bug report: Tapping an event freezes the Android app. This is really frustrating.
FB-00412,2026-02-01 20:46:52,support_ticket,ACC-0328,,"Hi Tempo support, We use Tempo every day. Scrolling the calendar on mobile is laggy and slow. Thanks, Priya"
FB-00421,2026-02-01 21:39:07,app_store,ACC-0478,2.0,My time zone setting resets every time I travel. Hope this gets fixed soon.
FB-00436,2026-02-02 08:00:19,nps_survey,ACC-0538,5.0,Please add a dark mode.
FB-00445,2026-02-02 09:12:37,nps_survey,ACC-0327,9.0,Our whole company switched and nobody looked back.
FB-00435,2026-02-02 09:49:32,community,ACC-0562,,Any plans for a dark theme? every other app has one.
FB-00440,2026-02-02 10:27:17,community,ACC-0006,,+1 for this: Our finance team needs a monthly utilization report. Is this on the roadmap?
FB-00437,2026-02-02 10:49:32,support_ticket,ACC-0375,,"Hi team, Events shift by an hour after daylight saving time. This is really frustrating. Thanks, Chen"
FB-00438,2026-02-02 11:09:30,support_ticket,ACC-0105,,The reminder spam is making people ignore Tepmo entirely. This is really frustrating. - Amara
FB-00429,2026-02-02 11:34:51,app_store,ACC-0229,1.0,The mobile app crashes when I open the week view.
FB-00442,2026-02-02 11:45:18,community,ACC-0359,,"Small thing, but The setup wizard skipped steps and left my workspace half configured."
FB-00441,2026-02-02 12:24:42,support_ticket,ACC-0271,,"Hello, Onboarding is confusing for anyone who is not technical. Very annoying. Best, Omar"
FB-00434,2026-02-02 13:35:34,app_store,ACC-0356,3.0,Please add a dark mode. Thanks in advance.
FB-00444,2026-02-02 16:28:06,app_store,ACC-0503,4.0,The booking links alone are worth it.
FB-00432,2026-02-02 16:31:38,app_store,ACC-0279,4.0,I would honestly pay extra for a dark mode. Thanks in advance.
FB-00431,2026-02-02 16:54:52,community,ACC-0106,,"[bug] the app freezes every time i switch calendars on my tablet. also, the pro plan now costs more than tools that do much more. this is really frustrating."
FB-00430,2026-02-02 17:07:37,nps_survey,ACC-0473,6.0,"The mobile app is so slow it is unusable on older phones. Also, the reminder spam is making people ignore Tempo entirely."
FB-00428,2026-02-02 17:53:30,support_ticket,ACC-0102,,"Hey there, I have been a customer for 9 months. The sync status is stuck on syncing forever."
FB-00439,2026-02-02 18:20:08,community,ACC-0490,,Can we get analytics on meeting load per person. Would really appreciate it.
FB-00433,2026-02-02 18:51:56,app_store,ACC-0425,4.0,dark mode is the only thing missing for me.
FB-00443,2026-02-02 20:58:20,sales_call,ACC-0376,,"Call notes (Lucky Digital): the VP of Operations said ""The onboarding never explains the difference between workspaces and teams."" Otherwise very happy with the product."
FB-00446,2026-02-03 08:23:27,nps_survey,ACC-0407,0.0,"The Android app crashes when I open the week view. Also, every calendar change triggers an email to the whole team."
FB-00453,2026-02-03 08:59:51,app_store,ACC-0457,2.0,A 20 percent price jump with no new features is frustrating.
FB-00458,2026-02-03 09:31:16,support_ticket,ACC-0059,,Tempo is central to how we plan our week. The reminder spam is making people ignore Tempo entirely. Very annoying. - Amara
FB-00459,2026-02-03 09:49:06,app_store,ACC-0008,3.0,A dashboard showing meeting hours by team would be great. Is this on the roadmap?
FB-00452,2026-02-03 09:54:02,sales_call,ACC-0017,,"Call notes (Nova Works): the head of RevOps said ""We need SAML single sign-on before we can roll out to more teams."" Otherwise very happy with the product."
FB-00456,2026-02-03 13:20:00,app_store,ACC-0461,4.0,An integration with Teams is the main thing missing for our team. Thanks!
FB-00451,2026-02-03 13:59:00,app_store,ACC-0418,4.0,Please follow the system dark theme on Android. Would really appreciate it.
FB-00464,2026-02-03 16:19:09,app_store,ACC-0264,1.0,It took me an hour of setup to figure out how to invite my team.
FB-00450,2026-02-03 16:43:00,app_store,ACC-0158,4.0,Any plans for a dark theme? every other app has one. Would really appreciate it.
FB-00463,2026-02-03 17:20:44,community,ACC-0504,,"Small thing, but The first-time setup does not explain how anything works. This is really frustrating."
FB-00449,2026-02-03 17:37:03,community,ACC-0043,,I would honsetly pay extra for a dark mode. Thanks in advance.
FB-00447,2026-02-03 17:44:41,support_ticket,ACC-0566,,"Hey there, Our team of 25 people relies on Tempo. Tapping an event freezes the Android app. Very annoying. Thanks, Deniz"
FB-00460,2026-02-03 17:56:22,nps_survey,ACC-0178,5.0,I would like a report of how much time the team spends in meetings.
FB-00462,2026-02-03 17:59:26,app_store,ACC-0206,2.0,Our new hires get lost in the onboarding flow. Hope this gets fixed soon.
FB-00455,2026-02-03 19:06:08,nps_survey,ACC-0347,6.0,Can you connect Tempo with Teams for meeting links.
FB-00457,2026-02-03 19:39:20,nps_survey,ACC-0002,7.0,Set my Slack status automatically when I am in a meeting.
FB-00465,2026-02-03 20:04:27,sales_call,ACC-0170,,"Call notes (Bright Ventures 89): the office manager said ""Recurring standups now show up on the wrong weekday afetr the redesign."" They mentioned evaluating competitors."
FB-00461,2026-02-03 20:53:31,app_store,ACC-0483,3.0,"No guidance during setup, I did not know where to start. Please fix this asap."
FB-00454,2026-02-03 21:01:31,app_store,ACC-0194,2.0,A 20 percent price jump with no new featuers is frustrating. Please fix this asap.
FB-00448,2026-02-03 21:14:27,nps_survey,ACC-0292,5.0,The app hangs for ten seconds before showing my schedule.
FB-00475,2026-02-04 08:09:55,community,ACC-0381,,Feedback: My time zone setting resets every time I travel. Please fix this asap.
FB-00477,2026-02-04 09:40:31,nps_survey,ACC-0150,8.0,Export to Excel would save me hours every month.
FB-00473,2026-02-04 10:02:14,nps_survey,ACC-0380,0.0,The Pro plan now costs more than tools that do much more.
FB-00478,2026-02-04 10:28:14,app_store,ACC-0443,2.0,it took me an hour of setup to figure out how to invite my team. please fix this asap.
FB-00471,2026-02-04 12:03:47,community,ACC-0539,,pricing feedback: the pro plan now costs more than tools that do much more. hope this gets fixed soon.
FB-00472,2026-02-04 12:59:24,community,ACC-0122,,The new per-seat price is too expensive for a small team. This is really frustrating.
FB-00469,2026-02-04 15:09:35,community,ACC-0466,,Anyone else seeing this? It keeps crashing on startup after the last iOS update. Hope this gets fixed soon.
FB-00470,2026-02-04 16:55:05,nps_survey,ACC-0135,7.0,Our security team reqiures SSO with Okta.
FB-00466,2026-02-04 17:01:38,support_ticket,ACC-0132,,Tempo is central to how we plan our week. Every event from iCloud now shows up twice. This is really frustrating. - Omar
FB-00476,2026-02-04 17:19:44,app_store,ACC-0278,5.0,Export to Excel would save me hours every month. Is this on the roadmap?
FB-00480,2026-02-04 17:33:21,community,ACC-0487,,[bug] editing one occurrence changes the whole recurring series. hope this gets fixed soon.
FB-00474,2026-02-04 18:05:48,support_ticket,ACC-0586,,"Hi team, Tempo is central to how we plan our week. There is no way to see two time zones side by side when scheduling. Please fix this asap. Best, Omar"
FB-00479,2026-02-04 18:24:51,community,ACC-0079,,"[bug] exceptions to recurring evnets are lost when i save. also, icloud sync fails with an error every few hours. this is really frustrating."
FB-00468,2026-02-04 19:41:08,app_store,ACC-0475,2.0,The mobile app drains my battery. Please fix this asap.
FB-00467,2026-02-04 20:03:03,support_ticket,ACC-0050,,"Hello, The app freezes every time I switch calendars on my Pixel. Thanks, Lukas"
FB-00481,2026-02-04 21:22:46,app_store,ACC-0280,5.0,the team availability view is fantastic. keep up the great work!
FB-00495,2026-02-05 08:12:46,support_ticket,ACC-0059,,"Hi Tempo support, We use Tempo every day. Can you connect Tempo with Slack for meeting links. Thanks in advance. Tahnks, Chen"
FB-00497,2026-02-05 08:15:01,support_ticket,ACC-0490,,"Hi Tempo support, We use Tempo every day. Export to Excel would save me hours every month."
FB-00489,2026-02-05 08:38:39,app_store,ACC-0359,4.0,Please add a dark mode.
FB-00498,2026-02-05 09:24:21,support_ticket,ACC-0114,,"Hi Tempo support, Tempo is central to how we plan our week. Epxort to Excel would save me hours every month. Also, the Android app crashes when I open the week view."
FB-00496,2026-02-05 12:29:12,app_store,ACC-0256,1.0,"Notification settings are too coarse, it is all or nothing."
FB-00488,2026-02-05 12:44:41,app_store,ACC-0349,4.0,Please follow the system dark theme on mobile. Thanks in advance.
FB-00486,2026-02-05 12:46:58,nps_survey,ACC-0025,5.0,"The bright interface is painful at night, we need a dark mode."
FB-00492,2026-02-05 14:11:48,sales_call,ACC-0017,,"Call notes (Nova Works): their CTO said ""Invites to our New York office arrive with the wrong time."""
FB-00493,2026-02-05 14:59:09,support_ticket,ACC-0018,,"Meeting times are wrong when attendees are in different time zones. Very annoying. Best, Kate"
FB-00483,2026-02-05 15:42:56,nps_survey,ACC-0560,1.0,Scrolling the calendar on Android is laggy and slow.
FB-00485,2026-02-05 15:59:09,app_store,ACC-0215,1.0,Tapping an event frezees the Android app. This is really frustrating.
FB-00494,2026-02-05 17:21:15,app_store,ACC-0429,2.0,My time zone setting resets every time I travel.
FB-00501,2026-02-05 17:25:36,app_store,ACC-0053,5.0,tempo saves me hours every week. keep up the great work!
FB-00487,2026-02-05 17:45:37,nps_survey,ACC-0429,8.0,"Any plans for a dark theme? every other app has one. Also, calendar sync is completely unreliable randomly."
FB-00491,2026-02-05 17:48:12,community,ACC-0066,,+1 for this: Dark mode is the only thing missing for me. Thanks in advance.
FB-00500,2026-02-05 19:15:13,app_store,ACC-0447,2.0,The setup wizard skipped steps and left my workspace half configured. Hope this gets fixed soon.
FB-00484,2026-02-05 19:44:39,sales_call,ACC-0316,,"Call notes (Bright Health 60): the office manager said ""The app hangs for ten seconds before showing my schedule."" Otherwise very happy with the product."
FB-00482,2026-02-05 20:11:13,support_ticket,ACC-0528,,"Hello, Our team of 25 people relies on Tempo. The iOS app is so slow it is unusable on older phones. Hope this gets fixed soon."
FB-00499,2026-02-05 20:14:21,app_store,ACC-0293,4.0,A dashboard showing meeting hours by team would be great. Would really appreciate it.
FB-00490,2026-02-05 21:37:11,app_store,ACC-0385,3.0,Dark mode is the only thing missing for me. Is this on the roadmap?
FB-00521,2026-02-06 07:31:32,sales_call,ACC-0042,,"Call notes (Rapid Analytics 33): the security lead said ""The reminder spam is making people ignore Tempo entirely."" They mentioned evaluating competitors."
FB-00516,2026-02-06 07:46:00,community,ACC-0120,,Meeting times are wrong when attendees are in different time zones. Very annoying.
FB-00505,2026-02-06 07:58:02,nps_survey,ACC-0429,4.0,Scrolling the calendar on iOS is laggy and slow.
FB-00515,2026-02-06 08:15:32,app_store,ACC-0089,1.0,We are considering switching because Tempo got too pricey. Hope this gets fixed soon.
FB-00527,2026-02-06 08:37:03,nps_survey,ACC-0218,8.0,Love how easy it is to find a time that works for everyone.
FB-00522,2026-02-06 09:03:05,nps_survey,ACC-0402,7.0,Export to Excel wuold save me hours every month.
FB-00523,2026-02-06 10:04:21,sales_call,ACC-0489,,"Call notes (Quiet Labs 3): the security lead said ""Our finance team needs a monthly utilization report."" Expansion to 5 more seats depends on this."
FB-00513,2026-02-06 10:28:15,nps_survey,ACC-0407,0.0,A 20 percent price jump with no new features is frustrating.
FB-00512,2026-02-06 10:59:29,community,ACC-0065,,"Idea: The bright interface is painful at night, we need a dark mode. Is this on the roadamp?"
FB-00506,2026-02-06 11:35:18,app_store,ACC-0427,2.0,Scrolling the calendar on mobile is laggy and slow.
FB-00509,2026-02-06 12:32:59,support_ticket,ACC-0453,,"Hello, We use Tempo every day. Any plans for a dark theme? every other app has one. Thanks, Omar"
FB-00528,2026-02-06 13:36:57,app_store,ACC-0416,5.0,tempo saves me hours every week. five stars.
FB-00508,2026-02-06 13:56:05,nps_survey,ACC-0570,2.0,It keeps crashing on startup after the last iOS update.
FB-00507,2026-02-06 14:09:09,sales_call,ACC-0328,,"Call notes (Silver Systems 59): the head of RevOps said ""The Android app crashes when I open the week view."""
FB-00524,2026-02-06 14:28:01,community,ACC-0581,,Feature request: We need to export meeting data to CSV. Would really appreciate it.
FB-00503,2026-02-06 14:55:11,community,ACC-0451,,[bug] google sync fails with an error whenever i rceonnect. this is really frustrating.
FB-00510,2026-02-06 15:38:15,community,ACC-0404,,+1 for this: I would honestly pay extra for a dark mode. Thanks in advance.
FB-00502,2026-02-06 15:55:11,support_ticket,ACC-0316,,"Hello, Sync keeps creating duplicate events on my calendar. Also, exceptions to recurring events are lost when I save. - Jonas"
FB-00511,2026-02-06 16:00:57,app_store,ACC-0364,4.0,Please add a dark mode. Is this on the roadmap?
FB-00517,2026-02-06 17:29:24,nps_survey,ACC-0573,6.0,It is confusing which time zone the booking link uses.
FB-00520,2026-02-06 18:13:38,app_store,ACC-0542,3.0,"Way too many email notifications, I am drowning in reminders."
FB-00526,2026-02-06 19:13:38,community,ACC-0514,,"Love how easy it is to find a time that works for everyone. Also, I cannot turn off the daily digest emails."
FB-00519,2026-02-06 19:27:20,community,ACC-0462,,Feature request: Please add a Microsoft Teams integration so reminders show up in our channels. Thanks!
FB-00525,2026-02-06 19:34:01,app_store,ACC-0561,5.0,Please add an API endpoint for exporting events.
FB-00504,2026-02-06 20:42:30,community,ACC-0231,,[Bug] Calendar sync is completely unreliable since the update. This is really frustrating.
FB-00518,2026-02-06 20:49:44,app_store,ACC-0512,2.0,It is confusing which time zone the bokoing link uses. Very annoying.
FB-00514,2026-02-06 21:53:32,support_ticket,ACC-0365,,"We use Tempo every day. Hard to justify the cost to my manager after the price increase. Thanks, Kate"
FB-00536,2026-02-07 08:12:09,support_ticket,ACC-0395,,"Hi Tempo support, We use Tempo every day. Tempo saves me hours every week. - Chen"
FB-00532,2026-02-07 08:59:04,app_store,ACC-0015,5.0,"we live in teams, getting alerts there would help a lot. is this on the roadmap?"
FB-00530,2026-02-07 09:08:44,community,ACC-0597,,Idea: Please follow the system dark theme on Android. Thanks!
FB-00534,2026-02-07 13:28:15,sales_call,ACC-0373,,"Call notes (Blue Labs 42): the head of RevOps said ""The first-time setup does not explain how anything works."" They mentioned evaluating competitors."
FB-00529,2026-02-07 13:39:22,nps_survey,ACC-0364,7.0,"The bright interface is painful at night, we need a dark mode. Also, changing one recurring meeting creates extra copies of the whole series."
FB-00535,2026-02-07 15:50:50,app_store,ACC-0305,2.0,editing one occurrence changes the whole recurring series. please fix this asap.
FB-00533,2026-02-07 17:37:55,community,ACC-0560,,"no guidance during setup, i did not know where to start. very annoying."
FB-00531,2026-02-07 19:40:05,app_store,ACC-0147,3.0,dark mode is the only thing msising for me. is this on the roadmap?
FB-00540,2026-02-08 08:18:41,app_store,ACC-0295,4.0,Please follow the system dark theme on Android. Thanks!
FB-00546,2026-02-08 08:36:00,nps_survey,ACC-0447,1.0,Setting up the workspace was confusing.
FB-00544,2026-02-08 08:51:07,nps_survey,ACC-0082,3.0,The scheduler keeps showing GMT instead of my local time.
FB-00545,2026-02-08 10:03:24,nps_survey,ACC-0149,6.0,Set my Slack status automatically when I am in a meeting.
FB-00539,2026-02-08 13:40:06,support_ticket,ACC-0194,,"Hi team, Please follow the system dark theme on Android. Is this on the roadmap?"
FB-00538,2026-02-08 13:44:20,app_store,ACC-0139,5.0,i would honestly pay etxra for a dark mode. thanks in advance.
FB-00541,2026-02-08 15:17:20,nps_survey,ACC-0447,7.0,Any plans for a dark theme? every other app has one.
FB-00542,2026-02-08 15:27:52,app_store,ACC-0040,1.0,The new per-seat price is too expensive for a small team. Please fix this asap.
FB-00543,2026-02-08 16:09:38,support_ticket,ACC-0457,,"Hi team, We use Tempo every day. The price increase does not feel justified. - Maria"
FB-00547,2026-02-08 16:36:17,nps_survey,ACC-0017,10.0,The team availability view is fantastic.
FB-00548,2026-02-08 17:39:33,nps_survey,ACC-0063,9.0,Love how easy it is to find a time that works for everyone.
FB-00537,2026-02-08 21:25:47,support_ticket,ACC-0468,,"Hey there, Our team of 150 people relies on Tempo. The mobile app drains my battery. Please fix this asap. - Chen"
FB-00556,2026-02-09 07:04:07,app_store,ACC-0243,4.0,"Dark mode please, the white screen hurts my eyes."
FB-00566,2026-02-09 07:39:23,support_ticket,ACC-0515,,"Hey there, I have been a customer for 3 months. Set my Microsoft Teams status automatically when I am in a meeting. Thanks!"
FB-00555,2026-02-09 08:42:46,community,ACC-0457,,feautre request: i would honestly pay extra for a dark mode. is this on the roadmap?
FB-00558,2026-02-09 08:46:32,support_ticket,ACC-0017,,"Hello, Our team of 80 people relies on Tempo. Would love a dark theme for late night planning. Is this on the roadmap? - Maria"
FB-00562,2026-02-09 12:01:20,support_ticket,ACC-0125,,"Hello, My time zone setting resets every time I travel. This is really frustrating. - Deniz"
FB-00553,2026-02-09 12:04:13,app_store,ACC-0538,5.0,Would love a dark theme for late night planning. Is this on the roadmap?
FB-00559,2026-02-09 12:08:22,app_store,ACC-0221,5.0,Single sign-on with Azure AD is a hard requirement for us. Thanks in advance.
FB-00563,2026-02-09 13:06:07,support_ticket,ACC-0431,,"Hello, Invites to our Sydney office arrive with the wrong time. Hope this gets fixed soon. - Omar"
FB-00569,2026-02-09 13:46:12,app_store,ACC-0227,3.0,Every calendar change triggers an email to the whole team. This is really frustrating.
FB-00551,2026-02-09 13:56:41,sales_call,ACC-0170,,"Call notes (Bright Ventures 89): their CTO said ""Any plans for a dark theme? every other app has one."" They mentioned evaluating competitors."
FB-00550,2026-02-09 14:35:23,nps_survey,ACC-0510,0.0,The Android app crashes when I open the week view.
FB-00554,2026-02-09 15:06:47,app_store,ACC-0294,3.0,Please add a dark mode. Is this on the roadmap?
FB-00557,2026-02-09 16:22:17,nps_survey,ACC-0131,5.0,Dark mode is the only thing missing for me.
FB-00568,2026-02-09 17:56:38,support_ticket,ACC-0183,,"Hi Tempo support, Our team of 12 people relies on Tempo. Every calendar change triggers an email to the whole team. Best, Jonas"
FB-00549,2026-02-09 17:59:23,app_store,ACC-0204,2.0,the android app takes foerver to load. very annoying.
FB-00552,2026-02-09 19:19:42,app_store,ACC-0390,3.0,Would love a dark theme for late night planning. Is this on the roadmap?
FB-00560,2026-02-09 20:39:29,nps_survey,ACC-0419,4.0,Please offer a cheaper plan for nonprofits.
FB-00570,2026-02-09 21:26:42,sales_call,ACC-0373,,"Call notes (Blue Labs 42): the head of RevOps said ""Can we get analytics on meeting load per person."" Expansion to 150 more seats depends on this."
FB-00565,2026-02-09 21:34:19,app_store,ACC-0293,4.0,A Slack bot that posts the daily agenda would be amazing.
FB-00567,2026-02-09 21:35:32,app_store,ACC-0443,3.0,Can you connect Tempo with Slack for meeting links.
FB-00564,2026-02-09 21:36:35,app_store,ACC-0265,3.0,Please add a Teams integration so reminders show up in our channels. Thanks!
FB-00561,2026-02-09 21:51:46,support_ticket,ACC-0346,,"Hi team, We use Tempo every day. It is confusing which time zone the booking link uses. This is really frustrating."
FB-00571,2026-02-09 21:59:08,sales_call,ACC-0137,,"Call notes (Green Works 44): the IT director said ""A dashboard showing meeting hours by team would be great."" Expansion to 5 more seats depends on this."
FB-00575,2026-02-10 07:02:36,app_store,ACC-0124,1.0,The app hangs for ten seconds before showing my schedule. Not happy about this.
FB-00573,2026-02-10 07:25:45,nps_survey,ACC-0270,1.0,Every event from iCloud now shows up twice.
FB-00576,2026-02-10 07:36:01,nps_survey,ACC-0531,4.0,The app hangs for ten seconds before showing my schedule.
FB-00585,2026-02-10 08:16:57,support_ticket,ACC-0039,,"Hi team, Our team of 5 people relies on Tempo. Our finance team needs a monthly utilization report. Thanks! Best, Deniz"
FB-00582,2026-02-10 08:26:04,app_store,ACC-0117,4.0,Set my Slack status automatically when I am in a meeting. Is this on the roadmap?
FB-00589,2026-02-10 09:01:14,support_ticket,ACC-0410,,"Hi Tempo support, Our team of 25 people relies on Tempo. No guidance during setup, I did not know where to start. This is really frustrating."
FB-00579,2026-02-10 09:04:24,support_ticket,ACC-0380,,"Hello, Single sign-on with Azure AD is a hard requirement for us. Is this on the roadmap? Best, Jonas"
FB-00588,2026-02-10 10:00:10,nps_survey,ACC-0269,1.0,It took me an hour of setup to figure out how to invite my team.
FB-00574,2026-02-10 10:00:47,app_store,ACC-0451,1.0,The app hangs for ten seconds before showing my schedule.
FB-00577,2026-02-10 10:01:01,support_ticket,ACC-0217,,"Hey there, Tempo is central to how we plan our week. Dark mode please, the white screen hurts my eyes. Also, a dashboard showing meeting hours by team would be great. Would really appreciate it. Thanks, Maria"
FB-00586,2026-02-10 11:43:16,support_ticket,ACC-0259,,"Hello, Please add an API endpoint for exporting events. Thanks in advance. - Priya"
FB-00583,2026-02-10 12:46:32,community,ACC-0122,,Feature request: Can you connect Tempo with Slack for meeting links. Thanks!
FB-00587,2026-02-10 14:29:20,app_store,ACC-0499,2.0,Onboarding is confusing for anyone who is not technical.
FB-00572,2026-02-10 16:26:42,community,ACC-0081,,Anyone else seeing this? Sync keeps creating duplicate events on my calendar.
FB-00581,2026-02-10 17:25:29,nps_survey,ACC-0017,7.0,"We live in Teams, getting alerts there would help a lot."
FB-00578,2026-02-10 18:44:06,app_store,ACC-0014,3.0,Would love a dark theme for late night planning. Thanks!
FB-00584,2026-02-10 18:44:31,support_ticket,ACC-0227,,"Hi team, We use Tempo every day. Way too many email notifications, I am drowning in reminders. This is really frustrating. Thanks, Priya"
FB-00590,2026-02-10 18:47:15,sales_call,ACC-0183,,"Call notes (Quiet Labs): the security lead said ""It took me an hour of setup to figure out how to invite my team."" They mentioned evaluating competitors."
FB-00580,2026-02-10 18:48:46,sales_call,ACC-0296,,"Call notes (Green Systems 51): the security lead said ""IT wants to manage access through OneLogin, is SSO on the roadmap."" Renewal is in 6 weeks."
FB-00592,2026-02-10 21:00:51,app_store,ACC-0226,1.0,Editing one occurrence changes the whole recurring series. Hope this gets fixed soon.
FB-00591,2026-02-10 21:15:36,app_store,ACC-0102,2.0,Exceptions to recurring events are lost when I save. This is really frustrating.
FB-00601,2026-02-11 07:52:59,nps_survey,ACC-0427,3.0,I get three reminders for eevry single meeting.
FB-00605,2026-02-11 09:46:36,support_ticket,ACC-0262,,"Hi team, No guidance during setup, I did not know where to start. Please fix this asap. Best, Kate"
FB-00599,2026-02-11 10:48:01,nps_survey,ACC-0237,5.0,Set my Teams status automatically when I am in a meeting.
FB-00593,2026-02-11 10:57:59,support_ticket,ACC-0336,,"Hey there, Scrolling the calendar on Android is laggy and slow. Thanks, Priya"
FB-00596,2026-02-11 12:47:20,app_store,ACC-0339,4.0,Please follow the system dark theme on Android. Wuold really appreciate it.
FB-00597,2026-02-11 13:52:06,support_ticket,ACC-0042,,"Hi team, It is confusing which time zone the booking link uses. Not happy about this."
FB-00594,2026-02-11 14:22:12,app_store,ACC-0515,3.0,the app freezes every time i switch calendars on my samsung phone.
FB-00606,2026-02-11 16:39:12,support_ticket,ACC-0374,,"Hi team, Tempo is central to how we plan our week. Simple, fast and reliable, exactly what we needed. - Sofia"
FB-00602,2026-02-11 16:51:39,sales_call,ACC-0092,,"Call notes (Nova Studio 96): the head of RevOps said ""A dashboard showing meeting hours by team would be great."""
FB-00598,2026-02-11 17:04:43,community,ACC-0249,,The scheduler keeps showing GMT instead of my local time. This is really frustrating.
FB-00604,2026-02-11 18:33:04,app_store,ACC-0110,1.0,the onboarding never explains the difference between workspaces and teams.
FB-00600,2026-02-11 19:55:36,nps_survey,ACC-0035,3.0,Every calendar change triggers an email to the whole team.
FB-00595,2026-02-11 20:22:51,app_store,ACC-0509,5.0,Would love a dark tehme for late night planning.
FB-00603,2026-02-11 20:55:39,app_store,ACC-0359,2.0,Our new hires get lost in the onboarding flow.
FB-00611,2026-02-12 10:07:51,app_store,ACC-0037,3.0,The mobile app is so slow it is unusable on oledr phones.
FB-00613,2026-02-12 10:42:17,community,ACC-0138,,Feature request: Please add a dark mode.
FB-00614,2026-02-12 11:10:37,support_ticket,ACC-0251,,"Hi Tempo support, Dark mode is the only thing missing for me. Thanks in advance. Best, Amara"
FB-00621,2026-02-12 11:37:25,community,ACC-0167,,"Feature request: We live in Slack, getting alerts there would help a lot. Thanks in advance."
FB-00615,2026-02-12 11:51:29,app_store,ACC-0111,4.0,Add a night mode option to the iOS app. Would really appreciate it.
FB-00609,2026-02-12 11:57:27,app_store,ACC-0011,3.0,tapping an event freezes the android app. not happy about this.
FB-00608,2026-02-12 11:59:35,sales_call,ACC-0131,,"Call notes (Maple Robotics): the office manager said ""Reconnecting Google Calendar does not fix the sync problem."" Expansion to 25 more seats depends on this."
FB-00610,2026-02-12 12:10:30,community,ACC-0093,,anyone else seeing this? the mobile app drains my battery.
FB-00616,2026-02-12 12:30:43,community,ACC-0002,,+1 for this: any plans for a dark theme? every other app has one.
FB-00617,2026-02-12 13:45:31,support_ticket,ACC-0082,,"Hi Tempo support, We use Tempo every day. Paying per seat makes no sense for occasional users. This is really frustrating. Thanks, Lukas"
FB-00624,2026-02-12 13:56:14,nps_survey,ACC-0167,1.0,"No guidance during setup, I did not know where to start."
FB-00629,2026-02-12 14:34:37,app_store,ACC-0161,4.0,Super clean interface and very intuitive.
FB-00619,2026-02-12 14:54:57,support_ticket,ACC-0582,,"Hard to justify the cost to my manager after the price increase. Best, Priya"
FB-00623,2026-02-12 15:06:53,app_store,ACC-0534,1.0,"Way too many email notifications, I am drowning in reminders. This is really frustrating."
FB-00620,2026-02-12 16:03:26,nps_survey,ACC-0131,6.0,We would love to schedule meetings directly from Teams.
FB-00628,2026-02-12 16:03:37,nps_survey,ACC-0299,10.0,Super clean interface and very intuitive.
FB-00607,2026-02-12 16:52:35,nps_survey,ACC-0540,5.0,Google sync fails with an error every few hours.
FB-00618,2026-02-12 16:55:30,app_store,ACC-0333,1.0,billing us for inactive seats is unfair. not happy about this.
FB-00626,2026-02-12 18:24:03,support_ticket,ACC-0375,,"Hello, Our team of 80 people relies on Tempo. The fisrt-time setup does not explain how anything works. Best, Priya"
FB-00627,2026-02-12 19:29:32,nps_survey,ACC-0193,6.0,"The first-time setup does not explain how anything works. Also, tapping an event freezes the mobile app."
FB-00625,2026-02-12 19:36:58,community,ACC-0292,,"Small thing, but Onboarding is confusing for anyone who is not technical. Also, we need SAML single sign-on before we can roll out to more teams. Very annoying."
FB-00622,2026-02-12 19:45:06,community,ACC-0177,,Idea: Please add a Slack integration so reminders show up in our channels.
FB-00612,2026-02-12 19:51:58,app_store,ACC-0521,5.0,Plaese add a dark mode.
FB-00635,2026-02-13 07:14:23,app_store,ACC-0253,4.0,"Dark mode please, the white screen hurts my eyes. Thanks!"
FB-00633,2026-02-13 07:42:14,nps_survey,ACC-0388,5.0,The app hangs for ten seconds before showing my schedule.
FB-00643,2026-02-13 07:57:30,community,ACC-0582,,Idea: Export to Excel would save me hours every month. Would really appreciate it.
FB-00637,2026-02-13 08:04:05,support_ticket,ACC-0296,,"Paying per seat makes no sense for occasional users. Please fix this asap. Best, Maria"
FB-00636,2026-02-13 09:25:58,sales_call,ACC-0317,,"Call notes (Bold Studio 83): their CTO said ""We cannot renew without SAML SSO and enforced login through Okta."" Otherwise very happy with the product."
FB-00644,2026-02-13 11:48:40,app_store,ACC-0263,3.0,"no guidance during setup, i did not know where to start. this is really frustrating."
FB-00638,2026-02-13 12:02:48,support_ticket,ACC-0044,,"Hello, A 20 percent price jump with no new features is frustrating. Hope this gets fixed soon."
FB-00641,2026-02-13 12:43:48,community,ACC-0543,,"Set my Slack status automatically when I am in a meeting. Also, the Android app is so slow it is unusable on older phones."
FB-00640,2026-02-13 12:58:20,nps_survey,ACC-0554,5.0,Invties to our Berlin office arrive with the wrong time.
FB-00634,2026-02-13 13:41:19,nps_survey,ACC-0265,7.0,Dark mode is the only thing missing for me.
FB-00630,2026-02-13 15:09:40,community,ACC-0130,,half of my office 365 events disappeared from tempo.
FB-00645,2026-02-13 15:17:17,support_ticket,ACC-0383,,"Hey there, Our whole company switched and nobody looked back. Thanks, Kate"
FB-00632,2026-02-13 16:10:34,app_store,ACC-0489,1.0,The app freezes every time I switch caelndars on my Samsung phone. Not happy about this.
FB-00642,2026-02-13 17:26:02,community,ACC-0260,,A Microsoft Teams bot that posts the daily agenda would be amazing.
FB-00639,2026-02-13 20:01:12,support_ticket,ACC-0317,,"I have been a customer for 18 months. Hard to justify the cost to my manager after the prcie increase. Not happy about this. Best, Kate"
FB-00631,2026-02-13 20:05:06,app_store,ACC-0104,2.0,It keeps crashing on startup after the last mobile update.
FB-00652,2026-02-14 10:07:07,support_ticket,ACC-0217,,"Hey there, The reminder spam is maknig people ignore Tempo entirely. Hope this gets fixed soon."
FB-00657,2026-02-14 10:49:38,community,ACC-0186,,"Shoutout: Simple, fast and reliable, exactly what we needed. Five stars."
FB-00653,2026-02-14 12:09:57,support_ticket,ACC-0130,,"Hello, Tempo is central to how we plan our week. Export to Excel would save me hours every month. Best, Kate"
FB-00649,2026-02-14 14:33:29,app_store,ACC-0510,1.0,performance on my older android phone is terrible compared to the web version. this is really frustrating.
FB-00650,2026-02-14 15:38:16,support_ticket,ACC-0258,,"Hi Tempo support, Tempo is central to how we plan our week. The app freezes every time I switch calendars on my Pixel. Very annoying. Best, Sofia"
FB-00647,2026-02-14 16:43:04,sales_call,ACC-0170,,"Call notes (Bright Ventures 89): the head of RevOps said ""Calendar sync is completely unreliable this week."" Otherwise very happy with the product."
FB-00648,2026-02-14 17:09:03,app_store,ACC-0048,3.0,The mobile app drains my battery. Not happy about this.
FB-00654,2026-02-14 17:14:46,app_store,ACC-0008,1.0,It took me an hour of setup to figure out how to invite my team. Hope this gets fixed soon.
FB-00646,2026-02-14 17:56:31,nps_survey,ACC-0060,1.0,The sync status is stuck on syncing forever.
FB-00655,2026-02-14 18:59:14,community,ACC-0051,,"Small thing, but Our new hires get lost in the onboarding flow. Pelase fix this asap."
FB-00656,2026-02-14 19:03:49,sales_call,ACC-0484,,"Call notes (Clear Logistics 33): the head of RevOps said ""Recurring standups now show up on the wrong weekday after the redesign."" Renewal is in 8 weeks."
FB-00651,2026-02-14 21:15:31,support_ticket,ACC-0220,,"I have been a customer for 24 months. I would honestly pay extra for a dark mode. Also, hard to justify the cost to my manager after the price increase. Thanks! - Maria"
FB-00665,2026-02-15 08:20:58,sales_call,ACC-0059,,"Call notes (Urban Robotics): the IT director said ""The scheduler keeps showing GMT instead of my local time."" Renewal is in 6 weeks."
FB-00666,2026-02-15 13:14:07,app_store,ACC-0201,3.0,A Slack bot that posts the daily agenda would be amazing.
FB-00664,2026-02-15 13:23:36,support_ticket,ACC-0258,,"Hey there, Hard to justify the cost to my manager after the price increase. Not happy about this. Best, Sofia"
FB-00658,2026-02-15 14:21:47,community,ACC-0045,,sync keeps creating duplicate events on my calendar.
FB-00662,2026-02-15 14:49:31,app_store,ACC-0051,4.0,add a night mode option to the mobile app.
FB-00660,2026-02-15 15:54:59,community,ACC-0338,,bug report: the app hangs for ten seconds before showing my schedule. very annoying.
FB-00663,2026-02-15 17:13:53,community,ACC-0190,,idea: please add a dark mode. thanks!
FB-00659,2026-02-15 17:28:49,app_store,ACC-0455,1.0,performance on my samsung phone is terrible compared to the web version. very annoying.
FB-00667,2026-02-15 19:41:13,community,ACC-0015,,Tempo saves me hours every week. Five stars.
FB-00661,2026-02-15 19:50:08,app_store,ACC-0423,4.0,"The bright interface is painful at night, we need a dark mode. Would really appreciate it."
FB-00669,2026-02-16 07:35:56,app_store,ACC-0268,2.0,The app hangs for ten seconds before shownig my schedule. Very annoying.
FB-00668,2026-02-16 09:27:32,nps_survey,ACC-0199,1.0,My Office 365 calendar stopped syncing snice the update.
FB-00673,2026-02-16 09:59:04,nps_survey,ACC-0414,5.0,The setup wizard skipped steps and left my workspace half configured.
FB-00672,2026-02-16 10:13:04,app_store,ACC-0318,1.0,Push notifications arrive late or twice. Very annoying.
FB-00680,2026-02-16 11:06:34,nps_survey,ACC-0465,9.0,Tempo saves me hours every week.
FB-00670,2026-02-16 13:03:35,app_store,ACC-0345,4.0,"Dark mode please, the white screen hurts my eyes. Thanks in advance."
FB-00671,2026-02-16 13:08:52,support_ticket,ACC-0071,,"Hey there, We use Tepmo every day. A Slack bot that posts the daily agenda would be amazing. - Priya"
FB-00675,2026-02-16 13:31:12,app_store,ACC-0532,3.0,Setting up the workspace was confusing.
FB-00676,2026-02-16 13:37:56,app_store,ACC-0544,5.0,Tempo saves me hours every week. Keep up the great work!
FB-00678,2026-02-16 17:22:22,app_store,ACC-0472,4.0,love how easy it is to find a time that works for everyone.
FB-00679,2026-02-16 17:28:03,community,ACC-0516,,"Shoutout: Simple, fast and reliable, exatcly what we needed."
FB-00674,2026-02-16 17:39:32,app_store,ACC-0494,2.0,"No guidance during setup, I did not know where to start."
FB-00677,2026-02-16 18:12:07,support_ticket,ACC-0316,,"Hi team, Simple, fast and reliable, exactly what we needed. Also, onboarding is confusing for anyone who is not technical. Five stars. Thanks, Deniz"
FB-00682,2026-02-17 07:55:29,app_store,ACC-0105,1.0,The mobile app takes forever to load. Very annoying.
FB-00687,2026-02-17 10:19:57,nps_survey,ACC-0162,4.0,Meeting times are wrong when attendees are in different time zones.
FB-00692,2026-02-17 11:45:46,sales_call,ACC-0101,,"Call notes (Blue Capital 93): the head of RevOps said ""The first-time setup does not explain how anything works."" Renewal is in 2 weeks."
FB-00686,2026-02-17 12:19:53,support_ticket,ACC-0321,,"Hi team, We need SAML single sign-on before we can roll out to more teams. Is this on the roadmap?"
FB-00681,2026-02-17 13:10:47,support_ticket,ACC-0234,,"Hi team, Our team of 150 people relies on Tempo. Outlook sync fails with an error every morning. Hope this gets fixed soon. Thanks, Jonas"
FB-00685,2026-02-17 14:06:24,community,ACC-0561,,"Feature request: The bright interface is painful at nihgt, we need a dark mode. Thanks in advance."
FB-00689,2026-02-17 14:59:04,nps_survey,ACC-0363,0.0,Every claendar change triggers an email to the whole team.
FB-00691,2026-02-17 16:19:02,nps_survey,ACC-0377,0.0,The frist-time setup does not explain how anything works.
FB-00688,2026-02-17 16:35:00,community,ACC-0183,,Feedback: The reminder spam is making people ignore Tempo entirely.
FB-00695,2026-02-17 18:27:23,app_store,ACC-0207,5.0,Tempo saves me hours every week.
FB-00694,2026-02-17 18:34:23,community,ACC-0211,,"Our whole company switched and nobody looked back. Also, we cannot renew without SAML SSO and enforced login through Entra ID."
FB-00683,2026-02-17 19:09:29,app_store,ACC-0456,3.0,The app hangs for ten seconds before showing my schedule. Not happy about this.
FB-00684,2026-02-17 20:20:23,app_store,ACC-0370,3.0,It keeps crashing on startup after the last Android update.
FB-00693,2026-02-17 21:03:52,sales_call,ACC-0150,,"Call notes (Bright Logistics): the security lead said ""The repeat every other week option is broken."" Expansion to 150 more seats depends on this."
FB-00690,2026-02-17 21:11:58,sales_call,ACC-0140,,"Call notes (Bright Ventures): the head of RevOps said ""I would like a report of how much time the team spends in meetings."" Renewal is in 2 weeks."
FB-00702,2026-02-18 07:07:38,support_ticket,ACC-0082,,"Hello, The onboarding never explains the difference between workspaces and teams. This is really frustrating. Thanks, Jonas"
FB-00697,2026-02-18 08:24:30,nps_survey,ACC-0114,5.0,The Android app is so slow it is unusable on older phones.
FB-00699,2026-02-18 10:39:20,nps_survey,ACC-0588,4.0,Billing us for inactive seats is unfair.
FB-00696,2026-02-18 15:44:59,support_ticket,ACC-0515,,"Hi Tempo support, Tempo is central to how we plan our week. The app hangs for ten seconds before showing my schedule. Not happy about this. - Jonas"
FB-00701,2026-02-18 17:44:43,nps_survey,ACC-0335,2.0,I get three reminders for every single meeting.
FB-00703,2026-02-18 19:41:22,community,ACC-0554,,Shoutout: Best scheduling tool we have used. Keep up the great work!
FB-00698,2026-02-18 20:26:05,support_ticket,ACC-0232,,"Hello, I have been a customer for 9 months. Dark mode please, the white screen hurts my eyes. Is this on the roadmap? Best, Chen"
FB-00700,2026-02-18 21:34:11,community,ACC-0074,,It is confusing which time zone the booking link uses. Hope this gets fxied soon.
FB-00705,2026-02-19 07:34:39,support_ticket,ACC-0535,,"Hello, Tempo is central to how we plan our week. The mobile app is so slow it is unusable on older phones. Not happy about this. Best, Kate"
FB-00712,2026-02-19 09:22:37,nps_survey,ACC-0077,6.0,Recurring standups now show up on the wrong weekday after the redesign.
FB-00704,2026-02-19 10:16:37,app_store,ACC-0254,2.0,The app hangs for ten seconds before showing my schedule. This is really frustrating.
FB-00711,2026-02-19 14:25:20,support_ticket,ACC-0380,,"Hi Tempo support, I have been a customer for 6 months. An integration with Slack is the main thing missing for our team. Best, Omar"
FB-00716,2026-02-19 14:28:23,nps_survey,ACC-0100,8.0,The team availability view is fantastic.
FB-00710,2026-02-19 17:37:23,app_store,ACC-0421,1.0,The scheduler keeps showing UTC instead of my local time. Not happy about this.
FB-00707,2026-02-19 18:00:21,community,ACC-0307,,Idea: Please follow the system dark theme on mobile. Is this on the roadmap?
FB-00706,2026-02-19 19:13:51,community,ACC-0600,,feature request: would love a dark theme for late ngiht planning.
FB-00713,2026-02-19 19:14:18,app_store,ACC-0587,1.0,Exceptions to recurring events are lost when I save. Not happy about this.
FB-00708,2026-02-19 19:50:06,support_ticket,ACC-0075,,"Hi team, Would love a dark theme for late night planning. Thanks! Best, Omar"
FB-00709,2026-02-19 20:28:18,nps_survey,ACC-0582,3.0,Invites to our New York office arirve with the wrong time.
FB-00714,2026-02-19 21:45:05,support_ticket,ACC-0217,,"Hi Tempo support, Tempo is central to how we plan our week. The repeat every other week option is broken. Hope this gets fixed soon. - Sofia"
FB-00715,2026-02-19 21:45:18,support_ticket,ACC-0221,,The booking links alone are worth it. Five stars. - Priya
FB-00728,2026-02-20 07:50:46,community,ACC-0224,,the team availability view is fantastic. five stars.
FB-00718,2026-02-20 09:40:36,support_ticket,ACC-0323,,"Hello, Deleted meetings keep coming back after every sync. Also, the bright interface is painful at night, we need a dark mode. Please fix this asap. Best, Chen"
FB-00725,2026-02-20 12:11:57,app_store,ACC-0594,3.0,Billing us for inactive seats is unfair. Not happy about this.
FB-00720,2026-02-20 16:02:07,nps_survey,ACC-0044,2.0,Tapping an event freezes the iOS app.
FB-00723,2026-02-20 16:45:26,community,ACC-0474,,+1 for this: Dark mode is the only thing missing for me. Thanks!
FB-00727,2026-02-20 17:41:52,community,ACC-0247,,Feedback: The first-time setup does not explain how anything works. Very annoying.
FB-00730,2026-02-20 18:00:00,community,ACC-0358,,Shoutout: Our whole company switched and nobody looked back. Keep up the great work!
FB-00724,2026-02-20 19:04:17,app_store,ACC-0425,4.0,Please add a dark mode. Is this on the roamdap?
FB-00717,2026-02-20 19:10:56,support_ticket,ACC-0554,,"Hi team, Our team of 5 people relies on Tempo. The sync status is stuck on syncing forever. Thanks, Priya"
FB-00719,2026-02-20 19:37:36,support_ticket,ACC-0410,,"Hey there, We use Tempo every day. The mobile app takes forever to load. - Omar"
FB-00722,2026-02-20 19:45:47,nps_survey,ACC-0053,5.0,"Dark mode please, the white screen hurts my eyes."
FB-00726,2026-02-20 20:59:40,app_store,ACC-0062,3.0,Set my Slack status automatically when I am in a meeting. Thanks in advance.
FB-00721,2026-02-20 21:21:02,community,ACC-0081,,"[Bug] The mobile app takes forever to load. Also, please add a Slack integration so reminders show up in our channels. Hope this gets fixed soon."
FB-00729,2026-02-20 21:57:22,support_ticket,ACC-0412,,"Hey there, We use Tempo every day. The booking links alone are worth it. Keep up the great work!"
FB-00737,2026-02-21 07:00:39,community,ACC-0229,,shoutout: our whole company switched and nobody looked back. keep up the great work!
FB-00732,2026-02-21 09:02:33,support_ticket,ACC-0376,,"Hi Tempo support, I have been a customer for 3 months. Half of my iCloud events disappeared from Tempo. Not happy about this. Best, Lukas"
FB-00734,2026-02-21 09:58:36,support_ticket,ACC-0042,,"Hey there, A Slack bot that posts the daily agenda would be amazing. Thanks in advance. - Priya"
FB-00738,2026-02-21 10:06:15,community,ACC-0225,,Shoutout: Our whole company switched and nobody looked back. Five stars.
FB-00733,2026-02-21 11:30:56,app_store,ACC-0521,1.0,My time zone setting resets every time I travel. This is really frustrating.
FB-00731,2026-02-21 13:41:01,support_ticket,ACC-0009,,"Hi team, We use Tempo every day. Every event from Office 365 now shows up twice. Very annoying. - Deniz"
FB-00736,2026-02-21 13:57:31,support_ticket,ACC-0290,,"Hi team, An integration with Teams is the main thing missing for our team. Thanks! Thanks, Amara"
FB-00735,2026-02-21 18:26:42,nps_survey,ACC-0577,5.0,Please add a Slack integration so reminders show up in our channels.
FB-00739,2026-02-22 08:10:49,support_ticket,ACC-0209,,"Hi Tempo support, I have been a cutsomer for 6 months. The mobile app takes forever to load. Very annoying."
FB-00740,2026-02-22 16:38:16,app_store,ACC-0517,1.0,The app freezes every time I switch calendars on my iPhone. Very annoying.
FB-00744,2026-02-22 16:42:41,app_store,ACC-0271,5.0,"Simple, fast and reliable, exactly what we needed."
FB-00742,2026-02-22 18:50:14,sales_call,ACC-0059,,"Call notes (Urban Robotics): the IT director said ""Notification settings are too coarse, it is all or nothing."" Otherwise very happy with the product."
FB-00743,2026-02-22 19:04:53,community,ACC-0136,,anyone else seeing this? i cannot delete a single instance of a repeating event anymore. please fix this asap.
FB-00741,2026-02-22 20:47:15,app_store,ACC-0004,4.0,Dark mode is the only thing missing for me. Would really appreciate it.
FB-00749,2026-02-23 07:10:12,nps_survey,ACC-0034,3.0,The Android app takes forever to load.
FB-00751,2026-02-23 07:43:49,app_store,ACC-0154,4.0,Please follow the system dark theme on mobile.
FB-00753,2026-02-23 08:42:34,support_ticket,ACC-0234,,"Hi team, Tempo is central to how we plan our week. There is no way to see two time zones side by side when scheduling. Not happy about this. - Omar"
FB-00746,2026-02-23 09:55:42,app_store,ACC-0600,2.0,the ios app takes forever to load.
FB-00761,2026-02-23 10:47:44,support_ticket,ACC-0555,,"Hi Tempo support, Tepmo is central to how we plan our week. Great product and the support team is very responsive. Five stars. - Priya"
FB-00759,2026-02-23 12:00:28,nps_survey,ACC-0044,0.0,The setup wizard skipped steps and left my workspace half configured.
FB-00750,2026-02-23 12:23:58,community,ACC-0439,,"feature request: the bright interface is painful at night, we need a dark mode. thanks!"
FB-00752,2026-02-23 12:54:07,support_ticket,ACC-0536,,"Hey three, I would honestly pay extra for a dark mode. Would really appreciate it. - Amara"
FB-00748,2026-02-23 13:07:28,app_store,ACC-0188,1.0,Scrolling the calendar on iOS is laggy and slow. Not happy abuot this.
FB-00760,2026-02-23 13:13:41,app_store,ACC-0315,1.0,Editing one occurrence changes the whole recurring series. This is really frustrating.
FB-00754,2026-02-23 14:46:50,support_ticket,ACC-0354,,"Hi Tempo support, I have been a customer for 18 months. Please let me mute notifications for specific calendars. Best, Deniz"
FB-00745,2026-02-23 15:01:08,app_store,ACC-0327,1.0,Tapping an event freezes the Android app.
FB-00756,2026-02-23 16:26:47,nps_survey,ACC-0594,6.0,Every calendar change triggers an email to the whole team.
FB-00758,2026-02-23 16:54:53,sales_call,ACC-0586,,"Call notes (Iron Capital 45): the security lead said ""Our finance team needs a monthly utilization report."" They mentioned evaluating competitors."
FB-00755,2026-02-23 19:54:24,community,ACC-0203,,i get three reminders for every single meeting. very annoying.
FB-00757,2026-02-23 20:05:47,sales_call,ACC-0181,,"Call notes (Rapid Media 62): the VP of Operations said ""A dashboard showing meeting hours by team would be great."" Renewal is in 6 weeks."
FB-00747,2026-02-23 20:32:45,nps_survey,ACC-0121,1.0,Tapping an event freezes the iOS app.
FB-00774,2026-02-24 08:52:39,nps_survey,ACC-0489,6.0,Can you connect Tempo with Teams for meeting links.
FB-00779,2026-02-24 09:34:48,support_ticket,ACC-0131,,"Hey there, Tempo is central to how we plan our week. Please add an API endpoint for exporting events. Thanks in advance."
FB-00776,2026-02-24 09:48:30,support_ticket,ACC-0131,,"Hey there, A Microsoft Teams bot that posts the daily agenda would be amazing. - Omar"
FB-00770,2026-02-24 11:19:19,support_ticket,ACC-0017,,"Offboarding users by hand is a compliance risk, we need SCIM. Thanks in advance."
FB-00780,2026-02-24 12:19:01,support_ticket,ACC-0337,,"Hey there, We use Tempo every day. Can we get analytics on meeting load per person. Thanks!"
FB-00768,2026-02-24 12:29:51,nps_survey,ACC-0261,6.0,"The bright interface is paifnul at night, we need a dark mode. Also, notification settings are too coarse, it is all or nothing."
FB-00765,2026-02-24 12:59:52,app_store,ACC-0491,4.0,Please add a dark mode.
FB-00777,2026-02-24 13:56:31,support_ticket,ACC-0209,,"Hello, Tempo is central to how we plan our week. We live in Teams, getting alerts there would help a lot."
FB-00763,2026-02-24 15:34:28,support_ticket,ACC-0454,,"Hi team, The iOS app takes forever to load. Not happy about this."
FB-00773,2026-02-24 16:07:05,app_store,ACC-0032,1.0,It is confusing which time zone the booking link uses. Hope this gets fixed soon.
FB-00781,2026-02-24 16:16:20,community,ACC-0223,,The first-time setup does not explain how anything works. This is really frustrating.
FB-00766,2026-02-24 16:17:26,community,ACC-0352,,Feature request: Add a night mode option to the mobile app. Thanks!
FB-00771,2026-02-24 17:00:26,sales_call,ACC-0076,,"Call notes (Iron Digital): the office manager said ""Hard to justify the cost to my manager after the price increase."" Expansion to 25 more seats depends on this."
FB-00769,2026-02-24 17:13:34,community,ACC-0455,,feature rqeuest: dark mode is the only thing missing for me.
FB-00778,2026-02-24 18:30:34,support_ticket,ACC-0135,,"Hey there, Export to Excel would save me hours every month. Best, Deniz"
FB-00775,2026-02-24 18:49:57,support_ticket,ACC-0290,,"Hi team, Please add a Slack integration so reminders show up in our channels. Thanks! Best, Amara"
FB-00772,2026-02-24 20:31:11,support_ticket,ACC-0587,,"Hi team, Tempo is central to how we plan our week. Please offer a cheaper plan for nonprofits. Also, Google sync fails with an error all the time. Very annoying. Best, Omar"
FB-00764,2026-02-24 21:04:24,support_ticket,ACC-0202,,"Hi Tempo support, Tempo is central to how we plan our week. Scrolling the calendar on iOS is laggy and slow. Not happy about this."
FB-00762,2026-02-24 21:34:11,community,ACC-0041,,We missed a client call because the invite never snyced to Google. Very annoying.
FB-00767,2026-02-24 21:41:32,nps_survey,ACC-0048,5.0,Please add a dark mode.
FB-00802,2026-02-25 08:59:46,nps_survey,ACC-0347,9.0,Love how easy it is to find a time that works for everyone.
FB-00787,2026-02-25 10:10:52,app_store,ACC-0220,3.0,The app hangs for ten seconds before showing my schedule. This is really frustrating.
FB-00803,2026-02-25 10:20:12,support_ticket,ACC-0228,,"Hi team, Super clean interface and very intuitive. Keep up the great work! Best, Jonas"
FB-00792,2026-02-25 10:29:13,nps_survey,ACC-0125,4.0,"The new per-seat price is too expensive for a small team. Also, the new recurring event editor will not let me set custom repeats."
FB-00799,2026-02-25 10:34:08,community,ACC-0139,,"Feedback: Notification settings are too coarse, it is all or nothing. This is really frustrating."
FB-00790,2026-02-25 10:49:29,app_store,ACC-0271,4.0,Dark mode is the only thing missing for me.
FB-00791,2026-02-25 11:11:32,community,ACC-0358,,Idea: Dark mode is the only thing missing for me. Wuold really appreciate it.
FB-00783,2026-02-25 11:39:57,app_store,ACC-0079,2.0,Reconnecting Google does not fix the sync problem. Hope this gets fixed soon.
FB-00794,2026-02-25 12:06:53,support_ticket,ACC-0539,,"Hi team, Tempo is central to how we plan our week. The Pro plan now costs more than tools that do much more. Please fix this asap. Best, Kate"
FB-00800,2026-02-25 12:09:31,support_ticket,ACC-0457,,"Hello, Can we get analytics on meeting load per person. Would really appreciate it."
FB-00789,2026-02-25 12:10:46,support_ticket,ACC-0343,,"Tempo is cnetral to how we plan our week. Please follow the system dark theme on Android. Thanks in advance. Thanks, Lukas"
FB-00796,2026-02-25 14:31:13,nps_survey,ACC-0020,3.0,Invites to our Signapore office arrive with the wrong time.
FB-00784,2026-02-25 14:34:37,sales_call,ACC-0373,,"Call notes (Blue Labs 42): the head of RevOps said ""Sync keeps creating duplicate events on my calendar."" Expansion to 40 more seats depends on this."
FB-00793,2026-02-25 14:42:57,support_ticket,ACC-0262,,"Hello, We use Tempo every day. Billing us for inactive seats is unfair. Please fix this asap."
FB-00804,2026-02-25 15:29:43,community,ACC-0219,,"Shoutout: Great product and the support team is very responsive. Also, export to Excel would save me hours every month. Five stars."
FB-00801,2026-02-25 16:55:20,support_ticket,ACC-0408,,"Hi Tempo support, I have been a customer for 18 months. Our finance team nedes a monthly utilization report. - Kate"
FB-00797,2026-02-25 17:37:50,support_ticket,ACC-0059,,"Hey there, We would love to schedule meetings directly from Slack."
FB-00785,2026-02-25 17:54:42,nps_survey,ACC-0387,5.0,Scrolling the calendar on Android is laggy and slow.
FB-00782,2026-02-25 18:27:05,support_ticket,ACC-0304,,"Hello, Every event from iCloud now shows up twice. Also, performance on my older Android phone is terrible compared to the web version. Hope this gets fixed soon. - Sofia"
FB-00795,2026-02-25 18:31:35,support_ticket,ACC-0444,,"Hi Tempo support, Our team of 12 people relies on Tempo. The scheduler keeps showing Pacific time instead of my local time. Best, Deniz"
FB-00798,2026-02-25 19:00:28,community,ACC-0429,,"Small thing, but Please let me mute notifications for specific calendars. Very annoying."
FB-00786,2026-02-25 19:03:56,support_ticket,ACC-0244,,"Hello, It keeps crashing on startup after the last iOS update. Very anonying."
FB-00788,2026-02-25 21:29:38,app_store,ACC-0149,1.0,Tapping an event freezes the Android app. This is really frustrating.
FB-00813,2026-02-26 07:28:16,app_store,ACC-0090,2.0,meeting times are wrong when attendees are in different time zones. hope this gets fixed soon.
FB-00816,2026-02-26 07:42:58,app_store,ACC-0549,5.0,please add a teams integration so reminders show up in our channels. would really appreciate it.
FB-00819,2026-02-26 08:50:53,support_ticket,ACC-0502,,"Hi team, Our team of 12 people relies on Tempo. Onboarding is confusing for anyone who is not technical. Not happy about this. Thanks, Lukas"
FB-00806,2026-02-26 09:19:55,support_ticket,ACC-0579,,"Hey there, Tempo is central to how we plan our week. Deleted meetings keep coming back after every sync. Please fix this asap. Thanks, Amara"
FB-00818,2026-02-26 09:24:46,app_store,ACC-0236,1.0,The first-time setup does not explain how anything works.
FB-00812,2026-02-26 09:37:36,community,ACC-0039,,Events shift by an hour after daylight saving time. This is really frustrating.
FB-00820,2026-02-26 10:06:39,community,ACC-0515,,the booking links alone are worth it. keep up the great work!
FB-00815,2026-02-26 10:50:46,nps_survey,ACC-0453,8.0,We would love to schedule meetings directly from Teams.
FB-00817,2026-02-26 11:20:55,nps_survey,ACC-0331,2.0,"Notification settings are too coarse, it is all or nothing."
FB-00811,2026-02-26 11:49:05,nps_survey,ACC-0201,1.0,The price increase does not feel justified.
FB-00810,2026-02-26 14:35:11,sales_call,ACC-0528,,"Call notes (Green Foods 81): the IT director said ""Please add SCIM provisioning so IT can manage users from Okta."" Renewal is in 3 weeks."
FB-00805,2026-02-26 16:40:52,nps_survey,ACC-0298,0.0,Rceonnecting iCloud does not fix the sync problem.
FB-00814,2026-02-26 18:30:15,app_store,ACC-0495,5.0,Can you connect Tempo with Slack for meeting links. Thanks!
FB-00808,2026-02-26 18:48:32,app_store,ACC-0045,4.0,"The bright interface is pianful at night, we need a dark mode. Thanks!"
FB-00807,2026-02-26 19:48:25,app_store,ACC-0158,2.0,Performance on my iPhone is terrible compared to the web version.
FB-00809,2026-02-26 20:02:02,nps_survey,ACC-0546,5.0,Any plans for a dark theme? every other app has one.
FB-00834,2026-02-27 07:26:16,app_store,ACC-0519,3.0,I cannot turn off the daily digest emails. Not happy about this.
FB-00825,2026-02-27 09:33:26,nps_survey,ACC-0219,6.0,Please add a dark mode.
FB-00833,2026-02-27 09:35:08,nps_survey,ACC-0245,5.0,I get three reminders for every single meeting.
FB-00837,2026-02-27 11:23:08,support_ticket,ACC-0125,,We use Tempo every day. The team availability view is fantastic. - Chen
FB-00831,2026-02-27 12:40:33,nps_survey,ACC-0360,0.0,Hard to justify the cost to my manager after the price increase.
FB-00829,2026-02-27 13:40:47,community,ACC-0160,,"Pricing feedback: Billing us for inactive seats is unfair. Also, our finance team needs a monthly utilization report."
FB-00836,2026-02-27 13:52:45,support_ticket,ACC-0455,,"Hi team, Tempo is central to how we plan our week. Our finance team needs a monthly utilization report. Thanks!"
FB-00821,2026-02-27 14:40:17,nps_survey,ACC-0183,0.0,The Android app is so slow it is unusable on older phones.
FB-00826,2026-02-27 17:01:04,nps_survey,ACC-0016,3.0,Hard to justify the cost to my manager after the price increase.
FB-00822,2026-02-27 17:04:46,support_ticket,ACC-0305,,"Hi Tempo support, We use Tempo every day. Any plans for a dark theme? every other app has one. Thanks in advance. Thanks, Maria"
FB-00823,2026-02-27 17:08:51,app_store,ACC-0361,3.0,Please fololw the system dark theme on mobile. Is this on the roadmap?
FB-00832,2026-02-27 17:22:49,community,ACC-0493,,"Small thing, but Invites to our Sao Paulo office arrive with the wrong time. Hope this gets fixed soon."
FB-00827,2026-02-27 17:45:03,nps_survey,ACC-0449,0.0,"Please offer a cheaper plan for nonprofits. Also, single sign-on with Google Workspace is a hard requirement for us."
FB-00828,2026-02-27 18:09:27,app_store,ACC-0089,1.0,the pro plan now costs more than tools that do much more. not happy about this.
FB-00824,2026-02-27 18:19:05,app_store,ACC-0394,4.0,Would love a dark theme for late night planning. Would really appreciate it.
FB-00835,2026-02-27 19:17:35,support_ticket,ACC-0232,,"Hello, We need to export meeting data to CSV. Thanks! Best, Lukas"
FB-00830,2026-02-27 19:48:19,support_ticket,ACC-0112,,"Hey there, I have been a customer for 9 months. Paying per seat makes no sense for occasional users. Hope this gets fixed soon."
FB-00838,2026-02-28 07:37:35,app_store,ACC-0410,5.0,any plans for a dark thmee? every other app has one.
FB-00841,2026-02-28 10:13:24,community,ACC-0086,,Billing us for inactive seats is unfair. Not happy about this.
FB-00844,2026-02-28 11:09:43,nps_survey,ACC-0243,5.0,Push notifications arrive late or twice.
FB-00843,2026-02-28 11:51:28,support_ticket,ACC-0325,,"Hi Tempo support, Our team of 150 people relies on Tempo. Set my Teams status automatically when I am in a meeting. - Lukas"
FB-00839,2026-02-28 13:25:32,app_store,ACC-0319,5.0,please add a dark mode.
FB-00842,2026-02-28 14:23:06,app_store,ACC-0429,4.0,Can you connect Tempo with Slack for meeting links.
FB-00846,2026-02-28 14:29:29,app_store,ACC-0122,1.0,Onboarding is confusing for anyone who is not technical. Very annoying.
FB-00845,2026-02-28 16:03:09,community,ACC-0144,,"Small thing, but Please let me mute notifications for specific calendars."
FB-00840,2026-02-28 20:45:25,app_store,ACC-0134,4.0,Add a night mode option to the mobile app. Thanks!
FB-00850,2026-03-01 07:56:30,app_store,ACC-0235,5.0,I would honestly pay extra for a dark mode.
FB-00854,2026-03-01 08:34:22,sales_call,ACC-0170,,"Call notes (Bright Ventures 89): the office mnaager said ""Our finance team needs a monthly utilization report."" They mentioned evaluating competitors."
FB-00847,2026-03-01 09:52:25,app_store,ACC-0090,2.0,Scrolling the calendar on Android is laggy and slow. Please fix this asap.
FB-00849,2026-03-01 11:22:13,support_ticket,ACC-0117,,"Hey there, The Android app crashes when I open the week view. This is really frustrating. Thanks, Jonas"
FB-00857,2026-03-01 11:34:56,nps_survey,ACC-0305,8.0,The booking links alone are worth it.
FB-00848,2026-03-01 12:11:58,app_store,ACC-0203,2.0,scrolling the calendar on android is laggy and slow. this is really frustrating.
FB-00855,2026-03-01 12:43:36,sales_call,ACC-0573,,"Call notes (Urban Media): the head of RevOps said ""Our finance team needs a monthly utilization report."" They mentioned evaluating competitors."
FB-00856,2026-03-01 13:40:41,community,ACC-0471,,"Small thing, but The onboarding never explains the difference between workspaces and teams."
FB-00851,2026-03-01 14:23:52,app_store,ACC-0116,5.0,any plans for a dark theme? every other app has one.
FB-00853,2026-03-01 14:32:18,nps_survey,ACC-0573,5.0,"We live in Microsoft Teams, getting alerts there would help a lot."
FB-00858,2026-03-01 20:24:37,nps_survey,ACC-0571,10.0,The booking links alone are worth it.
FB-00852,2026-03-01 21:08:31,support_ticket,ACC-0572,,"Hey there, Any plans for a dark theme? every other app has one. Thanks, Maria"
FB-00859,2026-03-02 07:17:29,support_ticket,ACC-0347,,"Hey there, Tepmo is central to how we plan our week. Calendar sync is completely unreliable since the update. Also, the iOS app takes forever to load. Hope this gets fixed soon."
FB-00861,2026-03-02 08:10:46,nps_survey,ACC-0170,6.0,The Android app crashes when I open the week view.
FB-00867,2026-03-02 09:44:17,nps_survey,ACC-0202,1.0,We are considering switching because Tempo got too pricey.
FB-00863,2026-03-02 09:57:52,support_ticket,ACC-0149,,"Hey there, I have been a customer for 6 months. It keeps crashing on startup after the last Android update. This is really frustrating."
FB-00874,2026-03-02 12:32:47,nps_survey,ACC-0248,6.0,Weekly recurring meetings disappear after the fourth week.
FB-00873,2026-03-02 13:36:05,app_store,ACC-0392,4.0,Please add an API endpoint for exporting events.
FB-00862,2026-03-02 13:51:10,app_store,ACC-0272,2.0,Performance on my Samsung phone is terrible compared to the web version.
FB-00872,2026-03-02 13:56:20,nps_survey,ACC-0309,1.0,The reminder spam is making people ignore Tempo entirely.
FB-00866,2026-03-02 14:08:57,sales_call,ACC-0156,,"Call notes (Lucky Media 84): the security lead said ""IT wants to manage access through OneLogin, is SSO on the roadmap."" They mentioned evaluating competitors."
FB-00875,2026-03-02 14:27:08,community,ACC-0270,,Shoutout: Super clean interface and very intuitive. Five stars.
FB-00865,2026-03-02 17:13:14,app_store,ACC-0081,5.0,Please add a dark mode.
FB-00869,2026-03-02 17:58:20,app_store,ACC-0325,3.0,Invites to our London office arrive with the wrong time. Very annoying.
FB-00860,2026-03-02 18:09:41,app_store,ACC-0345,1.0,The iOS app crahses when I open the week view.
FB-00868,2026-03-02 18:15:00,support_ticket,ACC-0209,,"Hello, We use Tepmo every day. The price increase does not feel justified. Also, any plans for a dark theme? every other app has one. Hope this gets fixed soon. Best, Deniz"
FB-00864,2026-03-02 19:35:13,community,ACC-0500,,performance on my iphone is terrible compared to the web version. please fix this asap.
FB-00870,2026-03-02 21:07:39,app_store,ACC-0341,4.0,an integration with teams is the main thing missing for our team. is this on the roadmap?
FB-00871,2026-03-02 21:36:49,nps_survey,ACC-0459,8.0,"We live in Slack, getting alerts there would help a lot."
FB-00886,2026-03-03 07:33:19,nps_survey,ACC-0320,4.0,The first-time setup does not explain how anything works.
FB-00884,2026-03-03 08:29:42,support_ticket,ACC-0394,,"Hi team, Please add an API endpoint for exporting events. Thnaks!"
FB-00876,2026-03-03 08:46:18,nps_survey,ACC-0369,1.0,Reconnecting Office 365 does not fix the sync problem.
FB-00879,2026-03-03 10:01:55,app_store,ACC-0407,2.0,Hard to justify the cost to my manager after the price increase.
FB-00893,2026-03-03 10:47:02,community,ACC-0598,,"Shoutout: Our whole company switched and nobody looked back. Also, the scheduler keeps showing Eastern time instead of my local time. Five stars."
FB-00890,2026-03-03 11:23:31,community,ACC-0504,,Sohutout: Our whole company switched and nobody looked back. Thank you!
FB-00891,2026-03-03 11:33:06,support_ticket,ACC-0441,,"Hi team, Tempo is central to how we plan our week. Best scheduling tool we have used. Tahnks, Amara"
FB-00880,2026-03-03 12:09:20,support_ticket,ACC-0205,,"Hey there, The scheduler keeps showing UTC instead of my local time. Also, please add an API endpoint for exporting events. Best, Omar"
FB-00881,2026-03-03 12:25:09,nps_survey,ACC-0266,2.0,My time zone setting resets every time I travel.
FB-00894,2026-03-03 13:05:40,app_store,ACC-0045,5.0,Love how easy it is to find a time that works for everyone. Keep up the great work!
FB-00885,2026-03-03 14:41:15,nps_survey,ACC-0311,4.0,"Onboarding is confusing for anyone who is not tehcnical. Also, it is confusing which time zone the booking link uses."
FB-00877,2026-03-03 17:16:41,app_store,ACC-0255,4.0,Would love a dark theme for late night planning.
FB-00887,2026-03-03 17:24:25,nps_survey,ACC-0247,4.0,Our new hires get lost in the onboarding flow.
FB-00882,2026-03-03 18:25:34,nps_survey,ACC-0271,2.0,Invites to our London office arrive with the wrnog time.
FB-00889,2026-03-03 20:24:44,app_store,ACC-0339,5.0,Our whole company switched and nobody looked back. Thank you!
FB-00892,2026-03-03 20:26:01,app_store,ACC-0315,5.0,Tempo saves me hours every week. Thank you!
FB-00878,2026-03-03 21:06:30,nps_survey,ACC-0502,2.0,Paying per seat makes no sense for occasional users.
FB-00888,2026-03-03 21:34:41,nps_survey,ACC-0531,3.0,I cannot delete a single instance of a repeating event anymore.
FB-00883,2026-03-03 21:59:47,app_store,ACC-0562,4.0,We would love to schedule meetings directly from Slack. Thanks in advance.
FB-00901,2026-03-04 07:05:03,community,ACC-0100,,We are considering switching because Tempo got too pricey.
FB-00904,2026-03-04 07:34:23,support_ticket,ACC-0044,,"Hey there, I have been a customer for 3 months. Can you connect Tempo with Microsoft Teams for meeting links. - Sofia"
FB-00906,2026-03-04 08:48:21,sales_call,ACC-0484,,"Call notes (Clear Logistics 33): the IT director said ""A dashboard showing meeting hours by team would be great."""
FB-00902,2026-03-04 09:04:59,app_store,ACC-0089,2.0,A 20 percent price jump with no new features is frustrating.
FB-00907,2026-03-04 14:45:52,community,ACC-0517,,"Small thing, but Onboarding is confusing for anyone who is not technical."
FB-00903,2026-03-04 16:05:07,nps_survey,ACC-0454,3.0,Paying per seat makes no sense for occasional users.
FB-00898,2026-03-04 16:46:55,nps_survey,ACC-0243,0.0,The mobile app drains my battery.
FB-00905,2026-03-04 19:22:46,sales_call,ACC-0402,,"Call notes (North Partners 2): the head of RevOps said ""Our finance team needs a monthly utilization report."" Renewal is in 2 weeks."
FB-00895,2026-03-04 19:50:08,app_store,ACC-0437,1.0,reconnecting icloud does not fix the sync problem. very annoying.
FB-00896,2026-03-04 20:11:46,support_ticket,ACC-0376,,"Hi team, Tempo is central to how we plan our week. Sync keeps creating duplicate events on my calendar. Please fix this asap. Thanks, Kate"
FB-00899,2026-03-04 20:17:53,community,ACC-0309,,feature request: add a night mode option to the ios app. thanks in advance.
FB-00900,2026-03-04 20:43:40,sales_call,ACC-0435,,"Call notes (North Logistics 63): the IT director said ""IT wants to manage access through Okta, is SSO on the roadmap."""
FB-00897,2026-03-04 20:46:58,community,ACC-0237,,Anyone else seeing this? Tapping an event freezes the iOS app. Very annoying.
FB-00908,2026-03-04 21:19:50,support_ticket,ACC-0248,,"Hey there, I have been a customer for 3 months. Super clean interface and very intuitive. Thank you!"
FB-00930,2026-03-05 07:42:26,app_store,ACC-0106,5.0,great product and the support team is very responsive. five stars.
FB-00919,2026-03-05 08:36:52,app_store,ACC-0047,3.0,the price increase does not feel justified. this is really frustrating.
FB-00921,2026-03-05 09:33:22,app_store,ACC-0564,3.0,We would love to schedule meetings directly from Teams. Thanks in advance.
FB-00926,2026-03-05 10:11:45,community,ACC-0013,,I cannot turn off the daily digest emails.
FB-00929,2026-03-05 10:22:33,community,ACC-0078,,Idea: I would like a report of how much time the team spends in meetings.
FB-00925,2026-03-05 11:02:59,nps_survey,ACC-0495,0.0,Please let me mute notifications for specific calendars.
FB-00917,2026-03-05 11:16:24,support_ticket,ACC-0363,,"Tempo is central to how we plan our week. A 20 percent price jump with no new features is frustrating. Please fix this asap. Thakns, Amara"
FB-00928,2026-03-05 11:19:15,support_ticket,ACC-0233,,I have been a customer for 24 months. Export to Excel would save me hours every month. Would really appreciate it. - Lukas
FB-00912,2026-03-05 15:07:42,community,ACC-0202,,[Bug] The Android app takes forever to load. Please fix this asap.
FB-00913,2026-03-05 16:10:20,sales_call,ACC-0557,,"Call notes (Harbor Foods 44): the head of RevOps said ""Performance on my Samsung phone is terrible compared to the web version."""
FB-00911,2026-03-05 16:15:29,app_store,ACC-0068,2.0,The app hangs for ten seconds before showing my schedule. Very annoying.
FB-00923,2026-03-05 16:26:14,app_store,ACC-0091,2.0,Every calendar change triggers an email to the whole team. Not happy about this.
FB-00915,2026-03-05 16:51:54,app_store,ACC-0113,1.0,It keeps crashing on startup after the last Android update. Please fix this asap.
FB-00922,2026-03-05 17:11:11,nps_survey,ACC-0489,6.0,Can you connect Tempo with Microsoft Teams for meeting links.
FB-00909,2026-03-05 18:49:47,nps_survey,ACC-0438,1.0,Two-way sync with Google is broken and changes take hours to appear.
FB-00914,2026-03-05 18:56:56,nps_survey,ACC-0544,0.0,The app hangs for ten seconds before showing my schedule.
FB-00920,2026-03-05 19:18:35,support_ticket,ACC-0217,,"Tempo is central to how we plan our week. A 20 percent price jump with no new features is frustrating. Not happy about this. Thanks, Maria"
FB-00916,2026-03-05 19:52:31,support_ticket,ACC-0146,,"Hi team, We use Tempo every day. Dark mode please, the white screen hurts my eyes. Best, Lukas"
FB-00918,2026-03-05 19:53:59,sales_call,ACC-0050,,"Call notes (Harbor Logistics): the IT director said ""Billing us for inactive seats is unfair."""
FB-00910,2026-03-05 20:01:45,app_store,ACC-0319,2.0,Scrolling the calendar on mobile is laggy and slow. This is really frustrating.
FB-00924,2026-03-05 20:29:01,app_store,ACC-0248,2.0,Every calendar change triggers an email to the whole team.
FB-00927,2026-03-05 21:31:44,support_ticket,ACC-0076,,"I have been a customer for 18 months. Notification settings are too coarse, it is all or nothing. Very annoying. Thanks, Lukas"
FB-00932,2026-03-05 21:36:37,community,ACC-0258,,shoutout: the booking links alone are worth it. keep up the great work!
FB-00931,2026-03-05 21:43:37,community,ACC-0523,,the team availability view is fantastic. thank you!
FB-00948,2026-03-06 07:22:42,app_store,ACC-0215,1.0,"Way too many email notifications, I am drowning in reminders."
FB-00951,2026-03-06 07:27:20,support_ticket,ACC-0365,,"We need to export meeting data to CSV. Would really appreciate it. Best, Kate"
FB-00953,2026-03-06 08:00:52,sales_call,ACC-0144,,"Call notes (Bright Robotics): the office manager said ""The booking links alone are worth it."" Renewal is in 6 weeks."
FB-00938,2026-03-06 08:59:35,nps_survey,ACC-0288,8.0,"Dark mode please, the white screen hurts my eyes. Also, two-way sync with Google is broken and changes take hours to appear."
FB-00950,2026-03-06 10:01:21,support_ticket,ACC-0489,,Our team of 5 people relies on Tempo. Can we get analytics on meeting load per person. Thanks! - Chen
FB-00952,2026-03-06 10:19:08,nps_survey,ACC-0452,10.0,Tempo saves me hours every week.
FB-00940,2026-03-06 10:41:44,nps_survey,ACC-0205,5.0,Paying per seat makes no sense for occasional uesrs.
FB-00949,2026-03-06 10:54:12,app_store,ACC-0595,2.0,Every calendar change triggers an email to the whole team. Please fix this asap.
FB-00942,2026-03-06 11:42:05,sales_call,ACC-0101,,"Call notes (Blue Capital 93): the office manager said ""We would love to schedule meetings directly from Slack."" Otherwise very happy with the product."
FB-00939,2026-03-06 11:51:24,app_store,ACC-0037,1.0,hard to justify the cost to my manager after the price increase.
FB-00941,2026-03-06 12:34:19,app_store,ACC-0494,1.0,hard to justify the cost to my manager after the price increase. not happy about this.
FB-00936,2026-03-06 12:50:17,app_store,ACC-0554,3.0,Scrolling the calendar on Android is laggy and slow. Hope this gets fixed soon.
FB-00933,2026-03-06 13:36:18,community,ACC-0445,,We missed a client call because the invite never synced to iCloud. Please fix this asap.
FB-00946,2026-03-06 14:45:23,support_ticket,ACC-0122,,"Hi team, Set my Slack status automatically when I am in a meeting. Is this on the roadmap? Thanks, Priya"
FB-00937,2026-03-06 15:54:47,support_ticket,ACC-0343,,"Hi Tempo support, I have been a customer for 9 months. Dark mode is the only tihng missing for me. Thanks, Jonas"
FB-00934,2026-03-06 16:59:45,app_store,ACC-0054,2.0,Performance on my older Android phone is terrible compared to the web version.
FB-00947,2026-03-06 17:32:35,support_ticket,ACC-0473,,"Hi Tempo support, Our team of 80 people relies on Tempo. Every calendar change triggers an email to the whole team. Best, Amara"
FB-00944,2026-03-06 18:29:33,app_store,ACC-0595,4.0,We would love to schedule meetings directly from Slack. Would really appreciate it.
FB-00945,2026-03-06 20:16:13,community,ACC-0252,,A Microsoft Teams bot that posts the daily agenda would be amazing. Would really appreciate it.
FB-00935,2026-03-06 21:05:29,community,ACC-0235,,Performance on my Samsung phone is terrible compared to the web version. Very annoying.
FB-00943,2026-03-06 21:49:11,app_store,ACC-0545,3.0,we would love to schedule meetings directly from microsoft teams. would really appreciate it.
FB-00955,2026-03-07 07:54:59,support_ticket,ACC-0452,,"Hello, The mobile app drains my battery. This is really frustrating. Thanks, Chen"
FB-00959,2026-03-07 08:09:20,support_ticket,ACC-0192,,"Hey there, The Pro plan now costs more than tools that do much more. Very annoying."
FB-00960,2026-03-07 12:54:06,app_store,ACC-0500,2.0,it is confusing which time zone the booking link uses. not happy about this.
FB-00961,2026-03-07 13:47:22,community,ACC-0554,,The booking links alone are worth it. Thank you!
FB-00956,2026-03-07 15:25:03,nps_survey,ACC-0599,4.0,The mobile app drains my battery.
FB-00954,2026-03-07 17:28:35,app_store,ACC-0192,2.0,The Android app crashes when I open the week view. Hope this gets fixed soon.
FB-00957,2026-03-07 20:02:16,nps_survey,ACC-0033,6.0,It keeps crashing on startup after the last iOS update.
FB-00958,2026-03-07 20:50:23,support_ticket,ACC-0459,,"Hello, Our team of 80 people relies on Tempo. The iOS app crashes when I open the week view. Also, dark mode is the only thing missing for me. Very annoying. - Jonas"
FB-00963,2026-03-08 07:12:58,community,ACC-0453,,The mobile app drains my battery. Hope this gets fixed soon.
FB-00966,2026-03-08 13:04:29,app_store,ACC-0449,5.0,Dark mode is the only thing missing for me. Is this on the roadmap?
FB-00965,2026-03-08 13:53:26,nps_survey,ACC-0200,5.0,Dark mode is the only thing missing for me.
FB-00964,2026-03-08 14:59:44,support_ticket,ACC-0499,,"Hey there, I have been a customer for 24 months. Please add a dark mode. Thanks in advance. - Priya"
FB-00962,2026-03-08 15:51:50,app_store,ACC-0075,1.0,the app hangs for ten seconds before showing my schedule. very annoying.
FB-00967,2026-03-08 16:47:34,sales_call,ACC-0296,,"Call notes (Green Systems 51): the IT director said ""Please add SCIM provisioning so IT can manage users from OneLogin."" Renewal is in 8 weeks."
FB-00968,2026-03-08 18:35:36,sales_call,ACC-0274,,"Call notes (Urban Logistics): the office manager said ""The new per-seat price is too expensive for a small team."""
FB-00969,2026-03-08 21:15:10,app_store,ACC-0419,4.0,super clean interface and very intuitive. thank you!
FB-00971,2026-03-09 07:01:45,support_ticket,ACC-0188,,"Hello, Tempo is central to how we plan our week. Scrolling the calendar on mobile is laggy and slow. Very annoying. Thanks, Maria"
FB-00974,2026-03-09 08:20:59,support_ticket,ACC-0217,,"Hi team, Tempo is central to how we plan our week. It keeps crashing on startup after the last Android update. Please fix this asap. - Priya"
FB-00980,2026-03-09 09:12:57,sales_call,ACC-0267,,"Call notes (Silver Capital 59): the office manager said ""Meeting times are wrong when attendees are in different time zones."" They mentioned evaluating competitors."
FB-00977,2026-03-09 10:01:42,community,ACC-0360,,+1 for this: I would honestly pay extra for a dark mode. Thanks!
FB-00982,2026-03-09 11:43:28,app_store,ACC-0514,3.0,Can you connect Tempo with Slack for meeting links.
FB-00972,2026-03-09 12:39:16,app_store,ACC-0160,3.0,The app freezes every time I switch calendars on my iPhone.
FB-00973,2026-03-09 12:59:00,app_store,ACC-0336,2.0,Performance on my tablet is terrible compared to the web version.
FB-00983,2026-03-09 14:10:00,support_ticket,ACC-0400,,"Hello, I have been a customer for 6 months. The reminder spam is making people ignore Tempo entirely. This is really frustrating. Best, Deniz"
FB-00981,2026-03-09 14:31:13,community,ACC-0461,,"idea: we live in slack, getting alerts there would help a lot. is this on the roadmap?"
FB-00976,2026-03-09 15:11:54,community,ACC-0400,,please add a dark mode.
FB-00975,2026-03-09 15:49:37,support_ticket,ACC-0198,,"Hello, We use Tempo every day. Dark mode is the only thing missing for me. Best, Maria"
FB-00986,2026-03-09 17:15:06,nps_survey,ACC-0582,6.0,Export to Excel would save me hours every month.
FB-00988,2026-03-09 17:37:30,nps_survey,ACC-0445,8.0,Great product and the support team is very responsive.
FB-00985,2026-03-09 18:10:59,community,ACC-0424,,"Small thing, but I get three reminders for every single meeting. Not happy about this."
FB-00984,2026-03-09 18:26:45,support_ticket,ACC-0101,,"Hey there, I have been a customer for 24 months. Notification settings are too coarse, it is all or nothing. Hope this gets fixed soon. - Kate"
FB-00979,2026-03-09 19:49:37,nps_survey,ACC-0484,5.0,"Missing SSO support is a blocker in our procurement review. Also, setting up the workspace was confusing."
FB-00987,2026-03-09 19:57:47,app_store,ACC-0319,5.0,Best scheduling tool we have used.
FB-00970,2026-03-09 20:10:07,support_ticket,ACC-0290,,"Hi Tempo support, I have been a customer for 24 months. We missed a client call because the invite never synced to iCloud. Thanks, Kate"
FB-00978,2026-03-09 20:14:55,sales_call,ACC-0484,,"Call notes (Clear Logistics 33): the VP of Operations said ""We cannot renew without SAML SSO and enforced login through Azure AD."""
FB-01002,2026-03-10 08:56:56,app_store,ACC-0251,2.0,the new recurring event editor will not let me set custom repeats.
FB-01001,2026-03-10 10:08:02,app_store,ACC-0347,2.0,The first-time setup does not explain how anything works.
FB-00992,2026-03-10 11:20:43,nps_survey,ACC-0452,4.0,Paying per seat makes no sense for occasional users.
FB-01003,2026-03-10 11:46:38,app_store,ACC-0038,5.0,The team availability view is fantastic. Thank you!
FB-00991,2026-03-10 11:57:20,app_store,ACC-0247,3.0,Would love a dark theme for late night planning. Thanks!
FB-00989,2026-03-10 13:33:31,support_ticket,ACC-0474,,"Hi team, The sync status is stuck on syncing forever. Very annoying."
FB-00999,2026-03-10 13:58:52,community,ACC-0433,,"Small thing, but Way too many email notifications, I am drowning in reminders. Not happy about this."
FB-00995,2026-03-10 14:14:31,sales_call,ACC-0249,,"Call notes (Green Foods 69): their CTO said ""We live in Slack, getting alerts there would help a lot."" Otherwise very happy with the product."
FB-00994,2026-03-10 17:15:53,sales_call,ACC-0588,,"Call notes (Maple Robotics 64): the security lead said ""It is confusing which time zone the booking link uses."" They mentioned evaluating competitors."
FB-00990,2026-03-10 17:42:29,support_ticket,ACC-0474,,"We use Tempo every day. Half of my Outlook events disappeared from Tempo. Hope this gets fixed soon. Best, Sofia"
FB-00997,2026-03-10 17:48:45,community,ACC-0422,,Feature request: Can you cnonect Tempo with Slack for meeting links.
FB-00996,2026-03-10 18:21:47,sales_call,ACC-0497,,"Call notes (Blue Foods 41): the office manager said ""Can you connect Tempo with Slack for meeting links."" They mentioned evaluating competitors."
FB-00998,2026-03-10 18:37:26,support_ticket,ACC-0150,,"Hey there, Can you connect Tempo with Slack for meeting links. Best, Jonas"
FB-00993,2026-03-10 18:52:06,nps_survey,ACC-0375,6.0,The new per-seat price is too expensive for a small team.
FB-01000,2026-03-10 19:02:14,support_ticket,ACC-0488,,"Hello, No guidance during setup, I did not know where to start. Thanks, Amara"
FB-01004,2026-03-11 07:01:12,support_ticket,ACC-0210,,"Hi Tempo support, Tempo is central to how we plan our week. Sync keeps creating duplicate events on my calendar. Very annoying. Best, Maria"
FB-01020,2026-03-11 07:05:15,app_store,ACC-0506,4.0,super clean interface and very intuitive.
FB-01005,2026-03-11 08:07:12,support_ticket,ACC-0573,,"Our team of 80 people relies on Tempo. Sync keeps creating duplicate events on my calendar. Also, way too many email notifications, I am drowning in reminders. Hope this gets fixed soon. - Chen"
FB-01014,2026-03-11 08:09:55,support_ticket,ACC-0183,,"Hello, I have been a customer for 18 months. Invites to our Sao Paulo office arrive with the wrong time. This is really frustrating. Thanks, Chen"
FB-01013,2026-03-11 08:11:59,support_ticket,ACC-0192,,"Hi Tempo support, Tempo is central to how we plan our week. The Pro plan now costs more than tools that do much more. Very annoying."
FB-01016,2026-03-11 08:21:27,nps_survey,ACC-0102,3.0,"Way too many email notifications, I am drowning in reminders."
FB-01011,2026-03-11 08:25:30,community,ACC-0354,,Any plans for a dark theme? every other app has one. Is this on the roadmap?
FB-01007,2026-03-11 08:41:39,support_ticket,ACC-0057,,"Hi Tempo support, We use Tempo every day. The bright interface is painful at night, we need a dark mode. Thanks! - Jonas"
FB-01012,2026-03-11 09:39:45,sales_call,ACC-0557,,"Call notes (Harbor Foods 44): the head of RevOps said ""Missing SSO support is a blocker in our procurement review."" Otherwise very happy with the product."
FB-01018,2026-03-11 13:06:25,support_ticket,ACC-0140,,"Hi Tempo support, I have been a customer for 9 months. Can we get analytics on meeting load per person. Thanks!"
FB-01022,2026-03-11 13:42:05,app_store,ACC-0506,5.0,Love how easy it is to find a time that works for everyone.
FB-01010,2026-03-11 15:28:38,app_store,ACC-0021,4.0,Plesae add a dark mode.
FB-01019,2026-03-11 16:23:43,sales_call,ACC-0017,,"Call notes (Nova Works): the VP of Operations said ""Please add an API endpoint for exporting events."" Expansion to 40 more seats depends on this."
FB-01006,2026-03-11 17:45:28,app_store,ACC-0576,2.0,Scrolling the calendar on iOS is laggy and slow. Please fix this asap.
FB-01008,2026-03-11 18:54:08,nps_survey,ACC-0153,6.0,Dark mode is the only thing missing for me.
FB-01021,2026-03-11 19:51:56,community,ACC-0465,,shoutout: love how easy it is to find a time that works for everyone.
FB-01017,2026-03-11 20:23:29,sales_call,ACC-0042,,"Call notes (Rapid Analytics 33): the IT director said ""Export to Excel would save me hours every month."" They mentioned evaluating competitors."
FB-01015,2026-03-11 20:48:20,sales_call,ACC-0380,,"Call notes (Bright Media 36): the VP of Operations said ""Can you connect Tempo with Slack for meeting links."" Expasnion to 80 more seats depends on this."
FB-01009,2026-03-11 21:14:43,nps_survey,ACC-0225,6.0,I would honestly pay extra for a dark mode.
FB-01037,2026-03-12 07:04:54,support_ticket,ACC-0044,,"Hi Tempo support, We use Tempo every day. Please add an API endpoint for exporting events. Would really appreciate it."
FB-01036,2026-03-12 07:26:01,support_ticket,ACC-0073,,"Hi team, We use Tempo every day. Export to Excel would save me hours every month. Would really appreciate it. Thanks, Sofia"
FB-01025,2026-03-12 07:54:52,nps_survey,ACC-0246,6.0,"Dark mode please, the white screen hurts my eyes."
FB-01029,2026-03-12 09:18:30,community,ACC-0539,,hard to justify the cost to my manager after the price increase.
FB-01023,2026-03-12 09:25:20,app_store,ACC-0015,1.0,Meetigns I create in Tempo never make it to Google Calendar.
FB-01033,2026-03-12 09:32:31,sales_call,ACC-0240,,"Call notes (Harbor Labs 36): the IT director said ""Invites to our London office arrive with the wrong time."" They mentioned evaluating competitors."
FB-01024,2026-03-12 13:08:10,support_ticket,ACC-0444,,We use Tempo every day. The app freezes every time I switch calendars on my older Android phone. - Deniz
FB-01030,2026-03-12 15:22:03,app_store,ACC-0203,2.0,paying per seat makes no sense for occasional users.
FB-01035,2026-03-12 15:59:31,support_ticket,ACC-0328,,"Hey there, We would love to schedule meetings directly from Microsoft Teams. Best, Chen"
FB-01031,2026-03-12 16:26:13,sales_call,ACC-0085,,"Call notes (Rapid Labs): the IT director said ""A 20 percent price jump with no new features is frustrating."" Renewal is in 8 weeks."
FB-01026,2026-03-12 16:42:01,nps_survey,ACC-0541,7.0,Any plans for a dark tehme? every other app has one.
FB-01032,2026-03-12 18:08:16,nps_survey,ACC-0063,6.0,"The Pro plan now costs more than tools that do much more. Also, please add a Teams integration so reminders show up in our channels."
FB-01028,2026-03-12 18:39:00,app_store,ACC-0081,5.0,Dark mode is the only thing missing for me.
FB-01038,2026-03-12 18:50:00,support_ticket,ACC-0267,,"Hi Tempo support, We use Tempo every day. The new recurring event editor will not let me set custom repeats. Very annoying. Thanks, Omar"
FB-01027,2026-03-12 19:09:41,community,ACC-0479,,Feature request: Please add a dark mode. Would really appreciate it.
FB-01034,2026-03-12 20:27:43,app_store,ACC-0589,4.0,please add a microsoft teams integration so reminders show up in our channels. would really appreciate it.
FB-01039,2026-03-12 21:26:24,nps_survey,ACC-0450,10.0,Great product and the support team is very responsive.
FB-01044,2026-03-13 07:01:28,nps_survey,ACC-0395,1.0,The app freezes every time I switch calendars on my older Android phone.
FB-01040,2026-03-13 08:19:55,sales_call,ACC-0310,,"Call notes (North Media 10): the head of RevOps said ""Reconnecting Office 365 does not fix the sync problem."""
FB-01049,2026-03-13 08:46:47,nps_survey,ACC-0422,1.0,"It keeps crashing on startup after the last iOS update. Also, no guidance during setup, I did not know where to start."
FB-01068,2026-03-13 09:13:52,app_store,ACC-0372,5.0,Love how easy it is to find a time that works for everyone. Five stars.
FB-01051,2026-03-13 09:21:17,sales_call,ACC-0069,,"Call notes (Bold Labs): the office manager said ""Single sign-on with Google Workspace is a hard requirement for us."" Renewal is in 2 weeks."
FB-01056,2026-03-13 10:06:49,app_store,ACC-0494,3.0,Can you connect Tempo with Slack for meeting links. Thakns!
FB-01042,2026-03-13 11:03:18,nps_survey,ACC-0338,0.0,Two-way sync with iCloud is broken and changes take hours to appear.
FB-01069,2026-03-13 11:28:36,community,ACC-0111,,Super clean interface and very intuitive. Five stars.
FB-01063,2026-03-13 12:39:09,app_store,ACC-0031,4.0,Our whole company switched and nobody looked back. Five stars.
FB-01057,2026-03-13 13:15:09,community,ACC-0240,,Feature request: Can you connect Tempo with Slack for meeting links. Thanks in advance.
FB-01050,2026-03-13 13:24:17,app_store,ACC-0546,2.0,the app freezes every time i switch calendars on my iphone. this is really frustrating.
FB-01061,2026-03-13 13:41:34,community,ACC-0072,,"Feedback: Notification settings are too coarse, it is all or nothing. Not happy about this."
FB-01052,2026-03-13 14:04:30,app_store,ACC-0450,3.0,the price increase does not feel justified. this is really frustrating.
FB-01053,2026-03-13 14:05:12,support_ticket,ACC-0101,,"Hello, Can you connect Tempo with Teams for meeting links. Thanks in advance. Best, Deniz"
FB-01046,2026-03-13 16:16:32,app_store,ACC-0322,2.0,The mobile app drains my battery. This is really frustrating.
FB-01041,2026-03-13 16:19:10,support_ticket,ACC-0274,,"Hey there, Meetings I create in Tempo never make it to Outlook. Also, I would honestly pay extra for a dark mode. Best, Kate"
FB-01047,2026-03-13 16:44:45,app_store,ACC-0510,1.0,Tapping an event freezes the Android app. Very annoying.
FB-01058,2026-03-13 17:01:41,nps_survey,ACC-0181,0.0,"Notification settings are too coarse, it is all or nothing. Also, the Android app takes forever to load."
FB-01045,2026-03-13 17:09:34,community,ACC-0400,,the android app is so slow it is unusable on older phones. this is really frustrating.
FB-01064,2026-03-13 17:30:45,app_store,ACC-0013,5.0,Great product and the support team is very responsive. Thank you!
FB-01066,2026-03-13 17:33:15,app_store,ACC-0517,4.0,Great product and the support team is very responsive. Thank you!
FB-01054,2026-03-13 17:47:00,nps_survey,ACC-0307,5.0,Set my Slack status automatically when I am in a meeting.
FB-01059,2026-03-13 18:13:30,community,ACC-0408,,"Small thing, but Please let me mute notifications for specific calendars. Very annoying."
FB-01065,2026-03-13 18:20:59,community,ACC-0578,,Best scheduling tool we have used. Keep up the great work!
FB-01043,2026-03-13 18:26:51,app_store,ACC-0423,1.0,The app hangs for ten seconds before showing my schedule. Please fix this asap.
FB-01062,2026-03-13 18:30:22,app_store,ACC-0429,4.0,Please add an API endpoint for exporting events.
FB-01048,2026-03-13 19:03:15,app_store,ACC-0469,3.0,The app freezes every time I swtich calendars on my iPhone. Very annoying.
FB-01067,2026-03-13 19:39:57,support_ticket,ACC-0002,,I have been a customer for 6 months. Love how easy it is to find a time that wokrs for everyone. Keep up the great work! - Deniz
FB-01055,2026-03-13 21:10:50,community,ACC-0474,,Set my Slack status automatically when I am in a meeting. Thanks in advance.
FB-01060,2026-03-13 21:52:28,sales_call,ACC-0588,,"Call notes (Maple Robotics 64): the VP of Operations said ""Every calendar change triggers an email to the whole team."" Renewal is in 6 weeks."
FB-01077,2026-03-14 07:04:46,nps_survey,ACC-0547,6.0,"We live in Microsoft Teams, getting alerts there wuold help a lot."
FB-01073,2026-03-14 09:12:20,app_store,ACC-0375,3.0,"Dark mode please, the white screen hurts my eyes."
FB-01071,2026-03-14 09:26:15,app_store,ACC-0122,2.0,Tapping an event freezes the iOS app. Hope this gets fixed soon.
FB-01075,2026-03-14 11:13:03,app_store,ACC-0242,4.0,Would love a dark theme for late ngiht planning.
FB-01078,2026-03-14 13:06:56,app_store,ACC-0509,1.0,"Notification settings are too coarse, it is all or nothing. Very annoying."
FB-01074,2026-03-14 15:08:58,nps_survey,ACC-0195,6.0,"The bright interface is painful at night, we need a dark mode."
FB-01076,2026-03-14 15:47:53,community,ACC-0131,,Pricing feedback: Billing us for inactive seats is unfair. Very annoying.
FB-01070,2026-03-14 17:40:47,app_store,ACC-0375,3.0,The sync status is stuck on syncing forever. Hope this gets fixed soon.
FB-01072,2026-03-14 21:45:54,community,ACC-0227,,Performance on my iPhone is terrible compared to the web version. Very annoying.
FB-01080,2026-03-15 10:45:02,app_store,ACC-0525,2.0,The sync status is stuck on syncing forever.
FB-01086,2026-03-15 11:09:53,support_ticket,ACC-0183,,"Hi Tempo support, Tempo is central to how we plan our week. Recurring standups now show up on the wrong weekday after the redesign. Very annoying. Thanks, Omar"
FB-01084,2026-03-15 13:32:49,sales_call,ACC-0050,,"Call notes (Harbor Logistics): the office manager said ""Set my Teams status automatically when I am in a meeting."" They mentioned evaluating competitors."
FB-01082,2026-03-15 13:51:59,community,ACC-0157,,"Idea: Dark mode please, the white screen hurts my eyes. Would really appreciate it."
FB-01083,2026-03-15 15:43:28,nps_survey,ACC-0392,6.0,The new per-seat price is too expensive for a small team.
FB-01087,2026-03-15 15:46:52,nps_survey,ACC-0591,8.0,Best scheduling tool we have used.
FB-01079,2026-03-15 15:53:55,community,ACC-0030,,Anyone else seeing this? Reconnecting iCloud does not fix the sync problem. Hope this gets fxied soon.
FB-01085,2026-03-15 15:58:45,nps_survey,ACC-0273,0.0,"Noitfication settings are too coarse, it is all or nothing."
FB-01081,2026-03-15 18:50:29,nps_survey,ACC-0517,5.0,Please follow the system dark theme on Android.
FB-01099,2026-03-16 07:10:19,app_store,ACC-0452,3.0,a 20 percent price jump with no new features is frustrating. this is really frustrating.
FB-01106,2026-03-16 07:12:19,app_store,ACC-0342,5.0,"simple, fast and reliable, exactly what we needed. keep up the gerat work!"
FB-01102,2026-03-16 07:34:11,community,ACC-0244,,a dashboard showing meeting hours by team would be great. is this on the roadmap?
FB-01090,2026-03-16 08:31:51,community,ACC-0259,,Anyone else seeing this? Calendar sync is completely unreliable since the update.
FB-01100,2026-03-16 10:12:18,nps_survey,ACC-0321,5.0,We would love to schedule meetings directly from Slack.
FB-01094,2026-03-16 10:47:37,support_ticket,ACC-0069,,"Hello, Our team of 40 people relies on Tempo. Calendar sync is completely unreliable this week. Very annoying."
FB-01097,2026-03-16 11:08:39,community,ACC-0525,,Idea: Add a night mode option to the mobile app. Thanks in advance.
FB-01103,2026-03-16 11:32:25,sales_call,ACC-0221,,"Call notes (Urban Studio 50): the security lead said ""A dashboard showing meeting hours by team would be great."" Renewal is in 2 weeks."
FB-01098,2026-03-16 11:44:55,sales_call,ACC-0144,,"Call notes (Bright Robotics): the IT director said ""Missing SSO support is a blocker in our procurement review."" Renewal is in 6 weeks."
FB-01088,2026-03-16 11:58:00,community,ACC-0120,,[Bug] Eevry event from Google Calendar now shows up twice. Very annoying.
FB-01104,2026-03-16 11:59:25,nps_survey,ACC-0367,4.0,It took me an hour of setup to figure out how to invite my team.
FB-01096,2026-03-16 12:35:39,community,ACC-0012,,"+1 for this: i would honestly pay extra for a dark mode. also, we need to export meeting data to csv. thanks!"
FB-01093,2026-03-16 13:21:57,nps_survey,ACC-0244,5.0,Deleted meetings keep coming back after every sync.
FB-01091,2026-03-16 15:02:20,support_ticket,ACC-0368,,"Hello, Calendar sync is completely unreliable since Tuesday. This is really frustrating. - Jonas"
FB-01092,2026-03-16 15:07:20,support_ticket,ACC-0475,,"Hi Tempo support, I have been a customer for 18 months. Deleted meetings keep coming back after every sync. Also, the setup wizard skipped steps and left my workspace half configured. Please fix this asap."
FB-01101,2026-03-16 17:51:24,support_ticket,ACC-0347,,"Hello, We use Tmepo every day. Can you connect Tempo with Teams for meeting links. Thanks! Thanks, Amara"
FB-01105,2026-03-16 18:55:33,app_store,ACC-0223,5.0,Our whole company switched and nobody looked back. Five stars.
FB-01089,2026-03-16 21:13:36,nps_survey,ACC-0458,5.0,Every event from Google now shows up twice.
FB-01095,2026-03-16 21:58:38,app_store,ACC-0175,1.0,The iOS app crashes when I open the week view. Not happy about this.
FB-01124,2026-03-17 08:13:44,app_store,ACC-0185,5.0,the booking links alone are worth it. thank you!
FB-01111,2026-03-17 08:21:16,nps_survey,ACC-0582,1.0,Calendar sync is completely unreliable randomly.
FB-01114,2026-03-17 08:53:51,app_store,ACC-0343,4.0,Dark mode is the only thing missing for me.
FB-01117,2026-03-17 10:00:27,app_store,ACC-0174,4.0,Please add a dark mode. Thanks in advance.
FB-01110,2026-03-17 10:03:16,support_ticket,ACC-0071,,Calendar sync is completely unreliable for days. Please fix this asap. - Sofia
FB-01119,2026-03-17 10:18:34,community,ACC-0037,,billing us for inactive seats is unfair.
FB-01116,2026-03-17 10:48:11,app_store,ACC-0578,5.0,would love a dark theme for late night planning. thanks in advance.
FB-01108,2026-03-17 11:16:40,support_ticket,ACC-0161,,"Hello, I have been a customer for 9 months. Sync keeps creating duplicate events on my calendar. Please fix this asap. - Chen"
FB-01121,2026-03-17 14:19:12,app_store,ACC-0432,5.0,An integration with Teams is the main thing missing for our team.
FB-01109,2026-03-17 15:01:09,nps_survey,ACC-0296,1.0,The sync status is stuck on syncing forever.
FB-01122,2026-03-17 16:00:27,support_ticket,ACC-0439,,"Hi team, Setting up the workspace was confusing. Also, paying per seat makes no sense for occasional users. Please fix this asap. Best, Chen"
FB-01120,2026-03-17 16:29:18,nps_survey,ACC-0274,7.0,An integration with Microsoft Teams is the main thing missing for our team.
FB-01118,2026-03-17 16:39:38,support_ticket,ACC-0056,,Any plans for a dark theme? every other app has one. Thanks in advance.
FB-01123,2026-03-17 17:15:37,nps_survey,ACC-0221,4.0,"No guidance during setup, I did not know where to start."
FB-01113,2026-03-17 18:13:41,support_ticket,ACC-0490,,"Hello, Our team of 5 people relies on Tempo. Scrolling the calendar on Andorid is laggy and slow. This is really frustrating. Best, Jonas"
FB-01112,2026-03-17 18:53:23,app_store,ACC-0564,2.0,The mobile app drains my battery. This is really frustrating.
FB-01107,2026-03-17 19:23:52,app_store,ACC-0405,3.0,My Outlook calendar stopped syncing this week. Very annoying.
FB-01115,2026-03-17 20:55:31,app_store,ACC-0247,4.0,"The bright interface is painful at night, we need a dark mode. Thanks in advance."
FB-01146,2026-03-18 07:50:22,app_store,ACC-0195,4.0,please add a microsoft teams integration so reminders show up in our channels.
FB-01144,2026-03-18 08:28:35,community,ACC-0585,,Invites to our London office arrive with the wrong time. This is really frustrating.
FB-01133,2026-03-18 08:45:55,support_ticket,ACC-0016,,"Hi team, Dark mode is the only thing missing for me. Is this on the roadmap?"
FB-01141,2026-03-18 08:51:53,support_ticket,ACC-0476,,"Our team of 12 people relies on Tempo. Paying per seat makes no sense for occasional users. Not happy about this. Thanks, Deniz"
FB-01131,2026-03-18 09:23:12,community,ACC-0508,,The mobile app drains my battery. This is really frustrating.
FB-01134,2026-03-18 09:26:05,nps_survey,ACC-0006,7.0,I would honestly pay exrta for a dark mode.
FB-01136,2026-03-18 09:28:01,nps_survey,ACC-0489,8.0,Add a night mode option to the iOS app.
FB-01148,2026-03-18 09:56:17,nps_survey,ACC-0477,3.0,I cannot turn off the daily digest emails.
FB-01135,2026-03-18 10:16:34,community,ACC-0064,,Idea: Any plans for a dark theme? every other app has one.
FB-01130,2026-03-18 11:20:46,nps_survey,ACC-0078,2.0,My Google Calendar calendar stopped syncing for days.
FB-01150,2026-03-18 11:26:35,sales_call,ACC-0574,,"Call notes (Quiet Studio 7): the VP of Operations said ""Our finance team needs a monthly utilization report."" Renewal is in 2 weeks."
FB-01127,2026-03-18 11:27:06,app_store,ACC-0264,3.0,We missed a client call because the invite never synced to Outlook. Hope this gets fixed soon.
FB-01140,2026-03-18 11:29:47,support_ticket,ACC-0321,,"Hey there, Missing SSO support is a blocker in our procurement review. Also, invites to our Berlin office arrive with the wrong time. Would really appreciate it. Thanks, Deniz"
FB-01137,2026-03-18 11:47:48,support_ticket,ACC-0133,,"Hey there, I have been a customer for 9 months. Add a night mode option to the iOS app. Thanks in advance. Best, Omar"
FB-01139,2026-03-18 13:04:43,support_ticket,ACC-0328,,"Hey there, Our team of 5 people relies on Tempo. Missing SSO support is a blocker in our procurement review."
FB-01147,2026-03-18 13:08:33,community,ACC-0400,,+1 for this: We would love to schedule meetings directly from Microsoft Teams. Is this on the roadmap?
FB-01152,2026-03-18 13:26:37,nps_survey,ACC-0511,9.0,Love how easy it is to find a time that works for everyone.
FB-01145,2026-03-18 13:29:30,nps_survey,ACC-0434,8.0,Please add a Slack integration so reminders show up in our channels.
FB-01132,2026-03-18 13:57:51,app_store,ACC-0127,3.0,The app freezes every time I switch calendars on my older Android phone.
FB-01138,2026-03-18 14:32:05,app_store,ACC-0224,4.0,Would love a dark theme for late night planning. Is this on the roadmap?
FB-01149,2026-03-18 15:03:46,support_ticket,ACC-0413,,"We use Tempo every day. Please add an API endpoint for exporting events. Would really appreciate it. Best, Sofia"
FB-01143,2026-03-18 15:46:43,community,ACC-0593,,Pricing feedback: The Pro plan now costs more than tools that do much more. Please fix this asap.
FB-01153,2026-03-18 15:54:28,community,ACC-0570,,shoutout: the booking links alone are worth it.
FB-01129,2026-03-18 16:14:07,support_ticket,ACC-0020,,"Hi Tempo support, Tempo is central to how we plan our week. Deleted meetings keep coming back after every sync. Also, the iOS app takes forever to load."
FB-01125,2026-03-18 16:46:07,nps_survey,ACC-0384,6.0,Sync keeps creating duplicate events on my calendar.
FB-01142,2026-03-18 19:39:38,app_store,ACC-0441,2.0,Paying per seat makes no sense for occasional users.
FB-01128,2026-03-18 20:21:00,support_ticket,ACC-0028,,"Hey there, Tempo is central to how we plan our week. Half of my Google Calendar events disappeared from Tempo. Best, Sofia"
FB-01126,2026-03-18 20:36:13,support_ticket,ACC-0199,,"Hi team, I have been a customer for 9 months. Reconnecting iCloud does not fix the sync problem. Thanks, Priya"
FB-01151,2026-03-18 21:35:22,app_store,ACC-0594,1.0,The first-time setup does not explain how anyhting works.
FB-01157,2026-03-19 07:01:51,support_ticket,ACC-0294,,"Hi team, Reconnecting Outlook does not fix the sync problem. Very annoying."
FB-01172,2026-03-19 08:30:19,community,ACC-0356,,Hard to justify the cost to my manager after the price increase. Hope this gets fixed soon.
FB-01166,2026-03-19 08:53:16,app_store,ACC-0365,5.0,i would honestly pay extra for a dark mode.
FB-01159,2026-03-19 08:55:48,app_store,ACC-0516,1.0,Two-way sync with Outlook is broken and changes take hours to appear.
FB-01173,2026-03-19 09:31:52,support_ticket,ACC-0001,,"Hi Tempo support, Our team of 12 people relies on Tempo. Paying per seat makes no sense for occasional users. Thanks, Lukas"
FB-01182,2026-03-19 09:53:19,support_ticket,ACC-0374,,"Hello, Tempo is central to how we plan our week. Plaese add a Teams integration so reminders show up in our channels. Would really appreciate it. Best, Omar"
FB-01183,2026-03-19 12:08:27,nps_survey,ACC-0107,4.0,I get three reminders for every single meeting.
FB-01164,2026-03-19 12:31:52,support_ticket,ACC-0080,,"I have been a customer for 3 months. The mobile app takes forever to load. Hope this gets fixed soon. Thanks, Omar"
FB-01170,2026-03-19 13:15:45,sales_call,ACC-0376,,"Call notes (Lucky Digital): the office manager said ""IT wants to manage access throguh Azure AD, is SSO on the roadmap."" Renewal is in 3 weeks."
FB-01154,2026-03-19 13:32:45,support_ticket,ACC-0321,,"Hi team, We missed a client call because the invite never synced to Office 365. Best, Kate"
FB-01162,2026-03-19 13:39:13,support_ticket,ACC-0078,,"Hi Tempo support, The app hangs for ten seconds before showing my schedule. This is really frustrating. - Kate"
FB-01160,2026-03-19 13:46:53,support_ticket,ACC-0253,,Our team of 150 people relies on Tempo. The iOS app crashes when I open the week view. Hope this gets fixed soon. - Amara
FB-01175,2026-03-19 14:11:23,app_store,ACC-0313,2.0,Please offer a cheaper plan for nonprofits.
FB-01184,2026-03-19 14:39:46,app_store,ACC-0529,1.0,the first-time setup does not explain how anything works. very annoiyng.
FB-01158,2026-03-19 15:12:42,support_ticket,ACC-0145,,"Hi team, Our team of 150 people relies on Tempo. Meetings I craete in Tempo never make it to iCloud. This is really frustrating."
FB-01155,2026-03-19 15:49:02,community,ACC-0426,,"[bug] the sync status is stuck on syncing forever. also, we would love to schedule meetings directly from microsoft teams."
FB-01180,2026-03-19 17:00:27,community,ACC-0444,,"Feature request: We live in Teams, getting alerts there would help a lot. Thanks in advance."
FB-01169,2026-03-19 17:49:50,community,ACC-0347,,+1 for this: Missing SSO support is a blocker in our procureemnt review. Is this on the roadmap?
FB-01165,2026-03-19 17:56:41,community,ACC-0461,,"Idea: Dark mode please, the white screen hurts my eyes. Thanks in advance."
FB-01179,2026-03-19 18:09:19,nps_survey,ACC-0515,5.0,A Slack bot that posts the daily agenda would be amazing.
FB-01176,2026-03-19 18:14:44,nps_survey,ACC-0016,1.0,The Pro plan now costs more than tools that do much more.
FB-01171,2026-03-19 18:18:21,support_ticket,ACC-0220,,"Hi team, Hard to justify the cost to my manager after the price increase. Please fix this asap. - Amara"
FB-01186,2026-03-19 18:22:51,nps_survey,ACC-0465,8.0,The team availability view is fantastic.
FB-01181,2026-03-19 19:10:14,sales_call,ACC-0376,,"Call notes (Lucky Digital): the VP of Operations said ""Can you connect Tempo with Slack for meeting links."" Renewal is in 8 weeks."
FB-01177,2026-03-19 19:20:32,support_ticket,ACC-0557,,"Hey there, We use Tempo every day. Please offer a cheaper plan for nonprofits. Very annoying. Thanks, Kate"
FB-01167,2026-03-19 19:24:05,app_store,ACC-0198,4.0,Please add a dark mode. Thanks in advance.
FB-01156,2026-03-19 19:42:41,support_ticket,ACC-0426,,"Hello, We use Tempo every day. Two-way sync with Outlook is broken and changes take hours to appear. Thanks, Maria"
FB-01163,2026-03-19 20:00:44,community,ACC-0480,,The mobile app tkaes forever to load.
FB-01185,2026-03-19 20:26:09,nps_survey,ACC-0401,8.0,The team availability view is fantastic.
FB-01161,2026-03-19 20:39:33,community,ACC-0446,,Scrolling the calendar on mobile is laggy and slow.
FB-01178,2026-03-19 21:11:13,nps_survey,ACC-0522,5.0,Hard to justify the cost to my manager after the price inrcease.
FB-01174,2026-03-19 21:50:22,nps_survey,ACC-0092,1.0,Paying per seat makes no sense for occasional users.
FB-01168,2026-03-19 21:53:57,app_store,ACC-0045,4.0,Add a night mode option to the Android app.
FB-01187,2026-03-20 07:24:33,support_ticket,ACC-0368,,"Hey there, I have been a customer for 9 months. My Office 365 calendar stopped syncing again. Not happy about this."
FB-01199,2026-03-20 07:25:51,community,ACC-0245,,I would honetsly pay extra for a dark mode. Would really appreciate it.
FB-01192,2026-03-20 07:50:38,app_store,ACC-0334,3.0,Half of my Google events disappeared from Tempo.
FB-01197,2026-03-20 08:27:55,support_ticket,ACC-0292,,"Hey there, Our team of 150 people relies on Tempo. The Android app crashes when I open the week view. This is really frustrating. Thanks, Lukas"
FB-01188,2026-03-20 08:53:42,nps_survey,ACC-0449,2.0,"Sync keeps creating duplicate events on my calendar. Also, please add SCIM provisioning so IT can manage users from OneLogin."
FB-01195,2026-03-20 09:13:41,support_ticket,ACC-0085,,"Hello, Our team of 40 people relies on Tempo. Two-way sync with Office 365 is broken and changes take hours to appear. - Kate"
FB-01202,2026-03-20 10:56:05,community,ACC-0182,,paying per seat maeks no sense for occasional users. please fix this asap.
FB-01204,2026-03-20 11:32:15,app_store,ACC-0217,3.0,There is no way to see two time zones side by side when scheduling. Please fix this asap.
FB-01211,2026-03-20 12:24:37,app_store,ACC-0164,2.0,Onborading is confusing for anyone who is not technical. Hope this gets fixed soon.
FB-01215,2026-03-20 12:36:29,app_store,ACC-0076,4.0,The team availability view is fantastic.
FB-01191,2026-03-20 14:00:27,app_store,ACC-0032,2.0,my google calendar calendar stopped syncing this week.
FB-01213,2026-03-20 14:13:57,app_store,ACC-0420,5.0,Tempo saves me hours every week.
FB-01203,2026-03-20 14:34:35,support_ticket,ACC-0069,,"Hey there, Our team of 5 people relies on Tempo. Invites to our Sao Paulo office arrive with the wrong time. Hope this gets fixed soon. Thanks, Priya"
FB-01216,2026-03-20 14:41:29,app_store,ACC-0368,5.0,The booking links alone are worth it. Keep up the great work!
FB-01212,2026-03-20 15:18:14,community,ACC-0493,,Great product and the support team is very responsive.
FB-01208,2026-03-20 15:29:37,support_ticket,ACC-0083,,"Hello, I have been a customer for 24 months. I cannot turn off the daily digest emails. Hope this gets fixed soon. Best, Maria"
FB-01189,2026-03-20 15:38:58,nps_survey,ACC-0131,5.0,The sync status is stuck on syncing forever.
FB-01190,2026-03-20 16:19:24,nps_survey,ACC-0068,2.0,Deleted meetings keep coming back after every sync.
FB-01214,2026-03-20 16:22:16,community,ACC-0216,,love how easy it is to find a time that works for everyone.
FB-01206,2026-03-20 16:45:13,support_ticket,ACC-0085,,"Hello, Tempo is central to how we plan our week. Meeting times are wrong when attendees are in different time zones. Not happy about this. Best, Jonas"
FB-01210,2026-03-20 17:11:20,app_store,ACC-0258,3.0,Please add an API endpoint for exporting events. Thanks in advance.
FB-01193,2026-03-20 17:15:28,support_ticket,ACC-0489,,"Hey there, We missed a client call because the invite never synced to Office 365. Thanks, Omar"
FB-01207,2026-03-20 17:26:29,app_store,ACC-0410,4.0,Set my Microsoft Temas status automatically when I am in a meeting. Is this on the roadmap?
FB-01201,2026-03-20 17:32:05,support_ticket,ACC-0082,,Our team of 150 people relies on Tempo. Please offer a cheaper plan for nonprofits. - Priya
FB-01209,2026-03-20 18:10:52,support_ticket,ACC-0039,,I have been a customer for 3 months. Please add an API endpoint for exporting events.
FB-01200,2026-03-20 19:20:42,support_ticket,ACC-0170,,"Hello, I have been a customer for 24 months. We need SAML single sign-on before we can roll out to more teams. Would really appreciate it. Thanks, Chen"
FB-01196,2026-03-20 19:27:24,app_store,ACC-0572,1.0,The Android app crashes when I open the week view. Hope this gets fixed soon.
FB-01198,2026-03-20 20:11:01,support_ticket,ACC-0389,,"Hi Tempo support, Please follow the system dark theme on Android. Thanks in advance. - Sofia"
FB-01194,2026-03-20 20:44:21,nps_survey,ACC-0347,4.0,Meetings I create in Tempo never make it to iCloud.
FB-01205,2026-03-20 21:34:02,support_ticket,ACC-0096,,"Hello, We use Tempo every day. My time zone setting resets every time I travel. Not happy about this. Best, Deniz"
FB-01218,2026-03-21 07:24:57,app_store,ACC-0491,1.0,deleted meetings keep coming back after evrey sync.
FB-01230,2026-03-21 07:26:26,support_ticket,ACC-0042,,"Hi team, We use Tempo every day. Love how easy it is to find a time that works for everyone. Thanks, Kate"
FB-01220,2026-03-21 08:07:40,support_ticket,ACC-0421,,"Hello, Meetings I create in Tempo never make it to Outlook. Hope this gets fixed soon. - Amara"
FB-01221,2026-03-21 08:59:16,app_store,ACC-0427,2.0,Two-way sync with Office 365 is broken and changes take hours to appear. Hope this gets fixed soon.
FB-01217,2026-03-21 09:58:16,nps_survey,ACC-0566,6.0,Deleted meetings keep coming back after every sync.
FB-01224,2026-03-21 10:26:17,app_store,ACC-0169,5.0,Please follow the system dark theme on Android. Thanks!
FB-01223,2026-03-21 11:55:54,app_store,ACC-0432,4.0,please follow the system dark theme on mobile. thanks in advance.
FB-01222,2026-03-21 13:05:17,app_store,ACC-0005,1.0,the ios app carshes when i open the week view.
FB-01227,2026-03-21 14:42:33,support_ticket,ACC-0135,,"Hey there, Tempo is central to how we plan our week. A dashboard showing meeting hours by team would be great. Would really appreciate it."
FB-01219,2026-03-21 14:52:28,support_ticket,ACC-0069,,"Hey there, Outlook sync fails with an error all the time. Very annoying. Thanks, Deniz"
FB-01229,2026-03-21 15:52:04,app_store,ACC-0291,5.0,love how easy it is to find a time that works for eveyrone. five stars.
FB-01225,2026-03-21 17:24:08,support_ticket,ACC-0363,,"Hi team, Tempo is central to how we plan our week. Add a night mode option to the mobile app. Also, push notifications arrive late or twice. Thanks, Sofia"
FB-01226,2026-03-21 17:52:08,support_ticket,ACC-0006,,I have been a customer for 6 months. The scheduler keeps showing UTC instead of my local time. Please fix this asap.
FB-01228,2026-03-21 19:01:06,support_ticket,ACC-0271,,"I have been a customer for 9 months. We need to export meeting data to CSV. Thanks, Sofia"
FB-01237,2026-03-22 08:14:39,app_store,ACC-0479,2.0,"Way too many email notifications, I am drowning in reminders. This is really frustrating."
FB-01238,2026-03-22 08:33:58,app_store,ACC-0398,2.0,Please let me mute notifications for specific calendars. Very annoying.
FB-01233,2026-03-22 08:50:58,app_store,ACC-0323,2.0,calendar sync is completely unreliable this week. please fix this asap.
FB-01236,2026-03-22 11:56:56,nps_survey,ACC-0416,7.0,A Teams bot that posts the daily agedna would be amazing.
FB-01232,2026-03-22 13:38:44,community,ACC-0049,,Anyone else seeing this? Deleted meetings keep coming back after every sync.
FB-01234,2026-03-22 17:44:48,support_ticket,ACC-0397,,Scrolling the calendar on iOS is laggy and slow. Not happy about this. - Deniz
FB-01235,2026-03-22 18:30:37,support_ticket,ACC-0059,,"Hi team, Set my Slack status automatically when I am in a meeting. Is this on the roadmap?"
FB-01231,2026-03-22 21:39:53,support_ticket,ACC-0020,,"Hi Tempo support, Our team of 5 people relies on Tempo. Reconnecting iCloud does not fix the sync problem. This is really frustrating. - Chen"
FB-01247,2026-03-23 08:10:37,app_store,ACC-0521,1.0,Performance on my Samsung phone is terrible compared to the web version. Not happy about this.
FB-01249,2026-03-23 08:18:34,support_ticket,ACC-0239,,"Our team of 40 people relies on Tempo. The Android app takes forever to load. Also, every event from Google now shows up twice. Please fix this asap."
FB-01252,2026-03-23 10:48:58,community,ACC-0428,,Idea: I would honestly pay extra for a dark mode.
FB-01251,2026-03-23 11:22:55,nps_survey,ACC-0228,6.0,Add a night mode option to the Android app.
FB-01250,2026-03-23 11:25:30,support_ticket,ACC-0510,,"Hi Tempo support, Any plans for a dark thmee? every other app has one. Thanks in advance. Best, Jonas"
FB-01245,2026-03-23 12:08:36,support_ticket,ACC-0588,,"Hi team, We missed a client call because the invite never synced to Office 365. Thanks, Lukas"
FB-01246,2026-03-23 12:27:38,app_store,ACC-0531,1.0,it keeps crashing on startup after the last ios update.
FB-01259,2026-03-23 12:33:45,nps_survey,ACC-0069,6.0,"We live in Slack, getting alerts there would help a lot. Also, my time zone setting resets every time I travel."
FB-01239,2026-03-23 12:37:08,sales_call,ACC-0346,,"Call notes (Iron Analytics 5): the head of RevOps said ""The sync status is stuck on syncing forever."" Otherwise very happy with the product."
FB-01243,2026-03-23 12:49:02,app_store,ACC-0507,1.0,reconnecting outlook does not fix the sync problem. please fix this asap.
FB-01262,2026-03-23 13:26:36,app_store,ACC-0340,5.0,The booking links alnoe are worth it.
FB-01242,2026-03-23 13:31:34,community,ACC-0050,,Bug report: iCloud sync fails with an error whenever I reconnect. Very annoying.
FB-01257,2026-03-23 14:02:06,support_ticket,ACC-0343,,"Hi team, Meeting times are wrong when attendees are in different time zones. This is really frustrating. - Kate"
FB-01253,2026-03-23 14:04:14,app_store,ACC-0172,1.0,Paying per seat makes no sense for occasional uesrs. Not happy about this.
FB-01248,2026-03-23 14:53:38,community,ACC-0474,,[Bug] Performance on my Samsung phone is terrible compared to the web version. Very annoying.
FB-01244,2026-03-23 15:42:52,support_ticket,ACC-0346,,"Hey there, Calendar sync is completely unreliable again. Please fix this asap. - Sofia"
FB-01264,2026-03-23 16:28:39,community,ACC-0056,,our whole company switched and nobody looked back. five stars.
FB-01260,2026-03-23 18:11:34,support_ticket,ACC-0323,,The first-time setup does not explain how anything works. Hope this gets fixed soon.
FB-01258,2026-03-23 19:03:43,support_ticket,ACC-0179,,"Hi team, We would love to schedule meetings directly from Microsoft Teams. Thanks! - Kate"
FB-01240,2026-03-23 19:18:59,sales_call,ACC-0392,,"Call notes (Quiet Logistics 18): their CTO said ""Every event from Google Calednar now shows up twice."" Expansion to 40 more seats depends on this."
FB-01241,2026-03-23 19:55:35,app_store,ACC-0291,1.0,The sync status is stuck on syncing forever.
FB-01254,2026-03-23 20:37:14,support_ticket,ACC-0298,,"Hi team, Our team of 12 people relies on Tempo. Meeting times are wrong when attendees are in different time zones. Please fix this asap. Thanks, Jonas"
FB-01256,2026-03-23 20:48:23,app_store,ACC-0365,2.0,events shift by an hour after daylight saving time. this is really frustrating.
FB-01263,2026-03-23 20:49:52,app_store,ACC-0334,4.0,Our whole company switched and nobody looked back. Keep up the great work!
FB-01255,2026-03-23 21:40:28,nps_survey,ACC-0242,5.0,My time zone setting resets every time I travel.
FB-01261,2026-03-23 21:43:52,community,ACC-0374,,The setup wizard skipped steps and left my workspace half configured. Very annoying.
FB-01288,2026-03-24 07:53:34,nps_survey,ACC-0114,8.0,Love how easy it is to find a time that works for everyone.
FB-01285,2026-03-24 08:16:41,app_store,ACC-0111,2.0,Onboarding is confusing for anyone who is not technical. This is really frustrating.
FB-01286,2026-03-24 08:47:16,support_ticket,ACC-0036,,"Hi Tempo support, We use Tempo every day. It took me an hour of setup to figure out how to invite my team. Best, Sofia"
FB-01278,2026-03-24 09:42:41,support_ticket,ACC-0221,,"Hey there, We cannot renew without SAML SSO and enforced login through Google Workspace. - Omar"
FB-01272,2026-03-24 09:50:33,app_store,ACC-0459,2.0,The Android app crashes when I open the week view. Please fix this asap.
FB-01268,2026-03-24 10:15:32,community,ACC-0188,,"Bug report: Two-way sync with iCloud is broken and changes take hours to appear. Also, an integration with Slack is the main thing missing for our team."
FB-01290,2026-03-24 10:20:26,app_store,ACC-0470,4.0,"Simple, fast and reliable, exactly what we needed. Thank you!"
FB-01270,2026-03-24 10:27:36,nps_survey,ACC-0582,5.0,Google Calendar sync fails with an error every few hours.
FB-01275,2026-03-24 10:39:35,support_ticket,ACC-0472,,"Hello, Tempo is central to how we plan our week. Add a night mode option to the mobile app. - Priya"
FB-01265,2026-03-24 11:02:38,app_store,ACC-0219,1.0,Reconnecting iCloud does not fix the sync probelm. Not happy about this.
FB-01266,2026-03-24 11:54:08,support_ticket,ACC-0310,,"Hey there, The sync status is stuck on syncing forever. Please fix this asap. Thanks, Chen"
FB-01280,2026-03-24 12:06:19,support_ticket,ACC-0520,,"Hello, My time zone setting resets every time I travel. This is really frustrating. - Chen"
FB-01271,2026-03-24 12:21:26,app_store,ACC-0378,1.0,The Android app is so slow it is unusable on older phones. Very annoying.
FB-01277,2026-03-24 12:50:09,nps_survey,ACC-0058,6.0,Any plans for a dark theme? every other app has one.
FB-01276,2026-03-24 12:50:49,community,ACC-0206,,Idea: Would love a dark theme for late night planning.
FB-01284,2026-03-24 13:57:43,support_ticket,ACC-0240,,"Hello, Our team of 150 people relies on Tempo. Export to Excel would save me hours every month. Thanks in advance. Thanks, Amara"
FB-01283,2026-03-24 14:23:41,support_ticket,ACC-0380,,We use Tempo every day. Export to Excel would save me hours every month.
FB-01279,2026-03-24 16:16:17,nps_survey,ACC-0541,5.0,A 20 percent price jump with no new features is frustrating.
FB-01269,2026-03-24 17:12:37,sales_call,ACC-0144,,"Call notes (Bright Roboitcs): the head of RevOps said ""Reconnecting Google does not fix the sync problem."""
FB-01282,2026-03-24 17:39:41,support_ticket,ACC-0399,,"Hi team, We use Tempo every day. Our finance team needs a monthly utilization report. Also, the Pro plan now costs more than tools that do much more. Is this on the roadmap? Thanks, Priya"
FB-01267,2026-03-24 18:37:20,support_ticket,ACC-0071,,"Hello, Tempo is central to how we plan our week. Every event from iCloud now shows up twice. Very annoying."
FB-01289,2026-03-24 18:46:57,community,ACC-0360,,"Our whole company switched and nobody looked back. Also, my time zone setting resets every time I travel. Thnak you!"
FB-01287,2026-03-24 19:33:54,community,ACC-0513,,I cannot delete a single instance of a repeating event anymore. This is really frustrating.
FB-01281,2026-03-24 20:00:45,support_ticket,ACC-0063,,"Hi team, An integration with Microsoft Teams is the main thing missing for our team."
FB-01274,2026-03-24 20:37:33,app_store,ACC-0157,1.0,tapping an event freezes the mobile app. please fix this asap.
FB-01273,2026-03-24 21:52:10,nps_survey,ACC-0492,1.0,Performance on my iPhone is trerible compared to the web version.
FB-01300,2026-03-25 07:35:28,app_store,ACC-0088,1.0,The mobile app crashes when I open the week view.
FB-01302,2026-03-25 07:49:49,community,ACC-0124,,"idea: the bright interface is painful at night, we need a dark mode. would really appreciate it."
FB-01306,2026-03-25 07:58:49,sales_call,ACC-0406,,"Call notes (Iron Labs 92): their CTO said ""We would love to schedule meetings directly from Microsoft Teams."" Renewal is in 2 weeks."
FB-01297,2026-03-25 08:45:20,nps_survey,ACC-0321,2.0,Meetings I create in Tempo never make it to Outlook.
FB-01293,2026-03-25 11:08:52,app_store,ACC-0110,2.0,We missed a client call because the invite never synced to Google.
FB-01311,2026-03-25 11:37:21,community,ACC-0388,,Feature request: Can we get analytcis on meeting load per person. Thanks!
FB-01295,2026-03-25 12:20:46,support_ticket,ACC-0242,,"Hello, Tempo is central to how we plan our week. We missed a client call because the invite never synced to Google. Not happy about this. - Lukas"
FB-01299,2026-03-25 13:02:31,community,ACC-0503,,Reconnecting iCloud does not fix the sync problem. Not happy about this.
FB-01301,2026-03-25 13:34:58,support_ticket,ACC-0361,,"Hi Tempo support, I have been a customer for 6 months. The bright interface is painful at night, we need a dark mode. Thanks, Sofia"
FB-01309,2026-03-25 15:11:52,support_ticket,ACC-0586,,We use Tempo every day. Please let me mute notifications for specific calendars. - Sofia
FB-01307,2026-03-25 15:52:42,sales_call,ACC-0346,,"Call notes (Iron Analytics 5): the office manager said ""We would love to schedule meetings directly from Slack."" They mentioned evaluating competitors."
FB-01296,2026-03-25 16:06:21,community,ACC-0248,,Half of my iCloud events disappeared from Tempo. Please fix this asap.
FB-01303,2026-03-25 17:24:48,nps_survey,ACC-0070,1.0,Hard to justify the cost to my manager after the price increase.
FB-01294,2026-03-25 18:12:19,support_ticket,ACC-0059,,"Hi Tempo support, I have been a customer for 6 months. Half of my Office 365 events disappeared from Tempo. Best, Amara"
FB-01310,2026-03-25 19:12:27,sales_call,ACC-0417,,"Call notes (North Media 30): their CTO said ""Export to Excel would save me hours every month."""
FB-01308,2026-03-25 19:24:52,community,ACC-0297,,+1 for this: please add a taems integration so reminders show up in our channels. is this on the roadmap?
FB-01298,2026-03-25 19:25:50,support_ticket,ACC-0537,,"Hello, Two-way sync with Office 365 is broken and changes take hours to appear. Not happy about this. - Jonas"
FB-01292,2026-03-25 19:39:24,community,ACC-0533,,anyone else seeing this? half of my office 365 events disappeared from tempo. please fix this asap.
FB-01304,2026-03-25 19:48:14,nps_survey,ACC-0001,4.0,Meeting times are wrong when attendees are in different time zones.
FB-01291,2026-03-25 20:34:21,support_ticket,ACC-0493,,"Hi team, Calendar sync is completely unreliable again. This is really frustrating."
FB-01305,2026-03-25 20:53:10,community,ACC-0049,,"small thing, but my time zone setting resets every time i travel."
FB-01314,2026-03-26 08:12:30,nps_survey,ACC-0462,3.0,Half of my Outlook events disappeared from Tempo.
FB-01318,2026-03-26 08:36:53,app_store,ACC-0525,3.0,Any plans for a dark theme? every other app has one.
FB-01322,2026-03-26 09:35:44,support_ticket,ACC-0002,,"Hey there, Please add a Microsoft Teams integration so reminders show up in our channels. Best, Deniz"
FB-01328,2026-03-26 10:13:27,app_store,ACC-0132,5.0,The team availability view is fantastic. Thank you!
FB-01319,2026-03-26 12:28:51,support_ticket,ACC-0279,,"Hello, Our team of 12 people relies on Tempo. Please add a dark mode. Thanks, Omar"
FB-01330,2026-03-26 16:49:36,app_store,ACC-0535,5.0,Love how easy it is to find a time that works for everyone. Keep up the great work!
FB-01323,2026-03-26 17:08:11,support_ticket,ACC-0297,,"Hi Tempo support, Our team of 25 people relies on Tempo. Please add a Microsoft Teams integration so reminders show up in our channels. Would really appreciate it. Best, Deniz"
FB-01312,2026-03-26 17:41:04,community,ACC-0565,,anyone else seeing this? reconnecting google does not fix the sync problem.
FB-01326,2026-03-26 18:02:55,app_store,ACC-0449,3.0,the setup wizard skipped steps and left my workspace half configured.
FB-01320,2026-03-26 18:37:04,app_store,ACC-0199,3.0,The new per-seat pirce is too expensive for a small team. This is really frustrating.
FB-01317,2026-03-26 18:53:37,support_ticket,ACC-0491,,"Hey there, Our team of 150 people relies on Tempo. Add a night mode option to the Android app. Is this on the roadmap? - Chen"
FB-01321,2026-03-26 19:09:17,nps_survey,ACC-0162,7.0,Can you connect Tempo with Slack for meeting links.
FB-01329,2026-03-26 19:14:58,support_ticket,ACC-0515,,"Hi Tempo support, Tempo is central to how we plan our week. Simple, fast and reliable, exactly what we needed. - Amara"
FB-01327,2026-03-26 19:47:12,nps_survey,ACC-0387,8.0,Tempo saves me hours every week.
FB-01316,2026-03-26 19:58:54,support_ticket,ACC-0314,,"Hey there, We use Tempo every day. It kepes crashing on startup after the last Android update. Very annoying. Best, Jonas"
FB-01324,2026-03-26 20:04:55,nps_survey,ACC-0059,5.0,Export to Excel would save me hours every month.
FB-01313,2026-03-26 20:09:48,support_ticket,ACC-0576,,"My Office 365 calednar stopped syncing randomly. Best, Lukas"
FB-01325,2026-03-26 20:11:38,app_store,ACC-0552,3.0,A dashboard showing meeting hours by team would be great. Would really appreciate it.
FB-01315,2026-03-26 20:13:15,community,ACC-0361,,Bug report: We missed a client call because the invite nveer synced to Office 365.
FB-01342,2026-03-27 07:01:34,app_store,ACC-0284,3.0,"The bright interface is painful at night, we need a dark mode. Thanks in advance."
FB-01338,2026-03-27 07:18:48,community,ACC-0478,,The app hangs for ten seconds before showing my schedule. Very annoying.
FB-01332,2026-03-27 08:54:39,nps_survey,ACC-0509,0.0,Meetings I create in Tempo never make it to iCloud.
FB-01357,2026-03-27 09:13:05,community,ACC-0036,,Best scheduling tool we have used. Keep up the great work!
FB-01333,2026-03-27 10:17:17,support_ticket,ACC-0328,,"Hi team, We use Tempo every day. Reconnecting Google Calendar does not fix the sync problem. This is really frustrating. Thanks, Lukas"
FB-01350,2026-03-27 11:38:14,support_ticket,ACC-0248,,"Hi team, We use Tempo every day. Invites to our Singapore office arrive with the wrong time. Please fix this asap. Thanks, Deniz"
FB-01346,2026-03-27 11:51:41,nps_survey,ACC-0522,1.0,The new per-seat price is too expensive for a small team.
FB-01336,2026-03-27 12:08:20,nps_survey,ACC-0403,0.0,The Android app takes forever to load.
FB-01344,2026-03-27 12:09:04,sales_call,ACC-0406,,"Call notes (Iron Labs 92): the IT director said ""Missing SSO support is a blocker in our procurement review."" They mentioned evaluating competitors."
FB-01355,2026-03-27 12:20:38,app_store,ACC-0403,5.0,Tempo saves me hours every week.
FB-01351,2026-03-27 12:41:50,sales_call,ACC-0131,,"Call notes (Maple Robotics): their CTO said ""Meeting times are wrong when attendees are in different time zones."" Expansion to 40 more seats depends on this."
FB-01341,2026-03-27 12:45:19,app_store,ACC-0184,3.0,Please follow the system dark theme on Android.
FB-01349,2026-03-27 13:22:25,sales_call,ACC-0233,,"Call notes (Bold Partners 73): the IT director said ""Invites to our London office arrive with the wrong time."" They mentioned evaluating competitors."
FB-01347,2026-03-27 13:45:37,app_store,ACC-0421,3.0,The new per-seat price is too expensive for a small team. Not happy about this.
FB-01331,2026-03-27 14:12:37,nps_survey,ACC-0310,5.0,Calendar sync is completely unreliable this week.
FB-01353,2026-03-27 15:55:29,support_ticket,ACC-0156,,"Hey there, We use Tempo every day. Push notifications arrive late or twice. Very annoying. - Priya"
FB-01352,2026-03-27 16:11:50,nps_survey,ACC-0333,6.0,Please let me mute notifications for specific calendars.
FB-01345,2026-03-27 17:14:31,nps_survey,ACC-0434,1.0,We are considering switching because Tempo got too pricey.
FB-01335,2026-03-27 17:18:38,community,ACC-0391,,Anyone else seeing this? Tapping an event freezes the iOS app. Please fix this asap.
FB-01354,2026-03-27 17:25:45,nps_survey,ACC-0325,8.0,I would like a report of how much time the team spends in meetings.
FB-01348,2026-03-27 17:31:35,support_ticket,ACC-0203,,"Hey there, Billing us for inactive seats is unfair. Not happy about this. - Jonas"
FB-01339,2026-03-27 18:09:20,community,ACC-0345,,feature request: any plans for a dark theme? every other app has one. thakns in advance.
FB-01343,2026-03-27 18:55:10,app_store,ACC-0218,3.0,"The bright interface is painful at night, we need a dark mode. Is this on the roadmap?"
FB-01334,2026-03-27 19:27:52,nps_survey,ACC-0408,3.0,We missed a client call because the invite never synced to Outlook.
FB-01356,2026-03-27 20:38:36,app_store,ACC-0052,5.0,"simple, fast and reliable, exactly what we needed."
FB-01358,2026-03-27 20:45:00,app_store,ACC-0499,4.0,Love how easy it is to find a time that works for everyone.
FB-01340,2026-03-27 20:58:56,app_store,ACC-0522,4.0,any plans for a dark theme? every other app has one. thanks in advance.
FB-01337,2026-03-27 21:33:19,app_store,ACC-0210,2.0,the ios app is so slow it is unusable on older phones.
FB-01360,2026-03-28 11:22:05,app_store,ACC-0175,1.0,Tapping an event freezes the mobile app. Hope this gets fixed soon.
FB-01364,2026-03-28 12:53:39,nps_survey,ACC-0335,6.0,Please add a Slack integration so reminders show up in our channels.
FB-01359,2026-03-28 13:17:00,nps_survey,ACC-0101,1.0,We missed a client call because the invite never synced to Google.
FB-01367,2026-03-28 15:19:36,app_store,ACC-0127,5.0,Love how easy it is to find a time that works for everyone. Keep up the graet work!
FB-01363,2026-03-28 17:41:13,nps_survey,ACC-0588,5.0,There is no way to see two time zones side by side when scheduling.
FB-01366,2026-03-28 17:42:54,app_store,ACC-0194,4.0,Super clean interface and very intuitive. Five stars.
FB-01365,2026-03-28 17:56:36,support_ticket,ACC-0412,,"We use Tempo every day. The reminder spam is making people ignore Tempo entirely. Hope this gets fixed soon. Thanks, Kate"
FB-01362,2026-03-28 18:44:33,app_store,ACC-0038,2.0,The Android app tkaes forever to load. Very annoying.
FB-01361,2026-03-28 20:45:58,support_ticket,ACC-0574,,"Hey there, We use Tempo every day. The Android app crashes when I open the week view. Very annoying."
FB-01373,2026-03-29 08:50:21,app_store,ACC-0464,4.0,please follow the system dark theme on android.
FB-01372,2026-03-29 09:33:09,community,ACC-0288,,Feature request: Any plans for a dark theme? every other app has one.
FB-01369,2026-03-29 10:38:05,support_ticket,ACC-0310,,Our team of 150 people relies on Tempo. Every event from iCloud now shows up twice. Please fix this asap. - Omar
FB-01371,2026-03-29 13:38:58,support_ticket,ACC-0568,,"Hello, The Android app takes forever to load. Please fix this asap. Best, Priya"
FB-01374,2026-03-29 13:46:31,support_ticket,ACC-0365,,"The bright interface is paniful at night, we need a dark mode. - Maria"
FB-01381,2026-03-29 15:46:38,community,ACC-0359,,shoutout: the team availability view is fantastic. keep up the great work!
FB-01376,2026-03-29 16:47:09,support_ticket,ACC-0057,,"Hey there, Please offer a chepaer plan for nonprofits. Please fix this asap. Thanks, Lukas"
FB-01380,2026-03-29 17:59:52,app_store,ACC-0475,5.0,the team availability view is fantastic. keep up the great work!
FB-01377,2026-03-29 18:06:10,support_ticket,ACC-0220,,"Hey there, The price increase does not feel justified. This is really frustrating. Best, Chen"
FB-01378,2026-03-29 19:20:50,support_ticket,ACC-0484,,I have been a customer for 24 months. Editing one occurrence changes the whole recurring series. Hope this gets fixed soon.
FB-01375,2026-03-29 19:23:30,sales_call,ACC-0020,,"Call notes (Urban Capital): their CTO said ""We cannot renew without SAML SSO and enforced login through OneLogin."" Expansion to 40 more seats depends on this."
FB-01368,2026-03-29 20:17:18,support_ticket,ACC-0347,,"Hi Tempo support, Sync keeps creating duplicate events on my calendar. This is relaly frustrating."
FB-01379,2026-03-29 20:34:35,app_store,ACC-0600,5.0,the booking links alone are worth it. thank you!
FB-01370,2026-03-29 21:00:30,support_ticket,ACC-0125,,"Hello, I have been a customer for 6 months. The app freezes every time I switch calendars on my Samsung phone. Not happy about this."
FB-01397,2026-03-30 07:47:16,support_ticket,ACC-0214,,"Hello, Tempo is central to how we plan our week. We would love to schedule meetings directly from Slack. Best, Maria"
FB-01389,2026-03-30 07:50:50,app_store,ACC-0540,4.0,Any plans for a dark theme? every other app has one.
FB-01406,2026-03-30 08:17:16,app_store,ACC-0483,5.0,"Simple, fast and reliable, exactly what we needed. Thank you!"
FB-01392,2026-03-30 09:36:10,support_ticket,ACC-0201,,"Our team of 25 people relies on Tempo. The Pro plan now cotss more than tools that do much more. Thanks, Omar"
FB-01400,2026-03-30 10:24:06,support_ticket,ACC-0433,,"Hi Tempo support, Our finance team needs a monthly utilization report. Is this on the roadmap? - Chen"
FB-01383,2026-03-30 10:38:23,nps_survey,ACC-0473,6.0,Reconnecting Office 365 does not fix the sync problem.
FB-01395,2026-03-30 10:57:34,support_ticket,ACC-0029,,"Hi team, The price increase does not feel justified. Not happy about this. Best, Deniz"
FB-01387,2026-03-30 11:52:50,app_store,ACC-0065,1.0,The app hangs for ten seconds before showing my schedule. Please fix this asap.
FB-01390,2026-03-30 13:34:25,app_store,ACC-0035,3.0,Dark mode is the only thing missing for me.
FB-01393,2026-03-30 13:44:37,support_ticket,ACC-0411,,"We use Tempo every day. A 20 percent price jump with no new features is frustrating. This is really frustrating. Best, Amara"
FB-01385,2026-03-30 13:46:16,nps_survey,ACC-0115,2.0,Two-way sync with Google is broken and changes take hours to appear.
FB-01405,2026-03-30 15:34:30,community,ACC-0222,,The booking links alone are worth it. Five stars.
FB-01384,2026-03-30 16:48:16,support_ticket,ACC-0324,,"Hi team, Our team of 80 people relies on Tempo. We missed a client call because the invite never synced to Outlook. Please fix this asap."
FB-01401,2026-03-30 16:50:26,community,ACC-0151,,Setting up the workspace was confusing. Very annoying.
FB-01404,2026-03-30 16:59:07,nps_survey,ACC-0324,10.0,Great product and the support team is very responsive.
FB-01402,2026-03-30 17:11:12,app_store,ACC-0307,2.0,Setting up the workspace was confusing. This is really frustrating.
FB-01394,2026-03-30 17:31:51,sales_call,ACC-0387,,"Call notes (Lucky Media): the security lead said ""The price increase does not feel justified."" Otherwise very happy with the product."
FB-01382,2026-03-30 18:11:49,support_ticket,ACC-0298,,"Hello, We use Tempo every day. Every event from Office 365 now shows up twice. Not happy about this. Best, Chen"
FB-01399,2026-03-30 18:15:56,nps_survey,ACC-0209,0.0,Every calendar change triggers an email to the whole team.
FB-01398,2026-03-30 18:42:36,support_ticket,ACC-0096,,"Tempo is central to how we plan our week. Push notifications arrive late or twice. Also, please add SCIM provisioning so IT can manage users from Google Workspace. Please fix this asap. Best, Maria"
FB-01386,2026-03-30 18:59:55,nps_survey,ACC-0151,6.0,Calendar sync is completely unreliable since Tuesday.
FB-01403,2026-03-30 19:54:05,support_ticket,ACC-0137,,"Hi Tempo support, Our team of 5 people relies on Tempo. Tempo saves me hours every week."
FB-01391,2026-03-30 19:57:24,support_ticket,ACC-0316,,"Hi Tempo support, We are considering switching because Tempo got too pricey. Not happy about this. Thanks, Priya"
FB-01388,2026-03-30 20:31:38,nps_survey,ACC-0305,5.0,The mobile app takes forever to load.
FB-01396,2026-03-30 20:51:20,app_store,ACC-0431,1.0,Invites to our Singapore office arrive with the wrong time. This is really frustrating.
FB-01424,2026-03-31 07:34:50,support_ticket,ACC-0586,,"Hi team, Push notifications arrive late or twice. Very annoying."
FB-01420,2026-03-31 08:25:41,support_ticket,ACC-0182,,"Hi Tempo support, The scheduler keeps showing Pacific time instead of my local time. Also, onboarding is confusing for anyone who is not technical."
FB-01427,2026-03-31 09:12:59,community,ACC-0078,,Our new hires get lost in the onboarding flow.
FB-01425,2026-03-31 09:16:26,nps_survey,ACC-0316,6.0,Export to Excel would save me hours every month.
FB-01407,2026-03-31 09:33:47,nps_survey,ACC-0192,4.0,"Two-way sync with Google is broken and changes take hours to appear. Also, my time zone setting resets every time I travel."
FB-01423,2026-03-31 09:49:10,nps_survey,ACC-0217,3.0,I get three reminedrs for every single meeting.
FB-01412,2026-03-31 11:11:50,nps_survey,ACC-0184,3.0,The app hangs for ten seconds before showing my schedule.
FB-01421,2026-03-31 11:46:27,support_ticket,ACC-0233,,"Hello, We live in Slack, getting alerts there would help a lot. Best, Amara"
FB-01429,2026-03-31 12:03:52,support_ticket,ACC-0016,,"Hi Tempo support, Suepr clean interface and very intuitive. Keep up the great work! Thanks, Priya"
FB-01428,2026-03-31 13:01:15,app_store,ACC-0352,4.0,Great product and the support team is very responsive. Five stars.
FB-01416,2026-03-31 13:14:59,support_ticket,ACC-0259,,"Hi Tempo support, I have been a customer for 6 motnhs. The Pro plan now costs more than tools that do much more. Please fix this asap. Thanks, Chen"
FB-01410,2026-03-31 13:53:44,support_ticket,ACC-0416,,"Hey there, Our team of 40 people relies on Tempo. Meetings I create in Tempo never make it to Outlook. Hope this gets fixed soon. - Jonas"
FB-01417,2026-03-31 14:47:18,nps_survey,ACC-0484,0.0,Events shift by an hour after daylight saving time.
FB-01426,2026-03-31 15:45:22,sales_call,ACC-0270,,"Call notes (Blue Studio 6): their CTO said ""Can we get analytics on meeting load per person."""
FB-01419,2026-03-31 16:15:41,nps_survey,ACC-0205,4.0,It is confusing which time zone the booking link uses.
FB-01411,2026-03-31 16:28:13,community,ACC-0512,,"[bug] the app freezes every time i switch calendars on my iphone. also, we cannot renew without saml sso and enforced login through entra id. this is really frustrating."
FB-01414,2026-03-31 17:03:44,app_store,ACC-0238,1.0,The mobile app drains my battery. Not happy about this.
FB-01409,2026-03-31 17:10:43,app_store,ACC-0480,1.0,Reconnecting Google Calendar does not fix the sync problem. This is really frustrating.
FB-01422,2026-03-31 18:22:49,nps_survey,ACC-0029,7.0,Can you connect Tempo with Slack for meeting links.
FB-01415,2026-03-31 18:33:04,app_store,ACC-0165,5.0,Plesae add a dark mode.
FB-01408,2026-03-31 18:41:27,nps_survey,ACC-0594,6.0,Meetings I create in Tempo never make it to Google.
FB-01418,2026-03-31 20:15:06,nps_survey,ACC-0144,2.0,Meeting times are wrong when attendees are in different time zones.
FB-01413,2026-03-31 20:57:08,community,ACC-0597,,anyone else seeing this? the android app takes forever to load. please fix this asap.
FB-01448,2026-04-01 07:28:54,support_ticket,ACC-0150,,"Hello, I have been a customer for 18 months. We need to export meeting data to CSV. Is this on the roadmap? Thanks, Deniz"
FB-01443,2026-04-01 08:18:39,community,ACC-0467,,A Slack bot that posts the daily agenda wuold be amazing.
FB-01434,2026-04-01 08:30:31,nps_survey,ACC-0017,4.0,Calenadr sync is completely unreliable for days.
FB-01435,2026-04-01 08:49:40,app_store,ACC-0251,4.0,"Dark mode please, the white screen hurts my eyes. Would really appreciate it."
FB-01436,2026-04-01 08:58:37,sales_call,ACC-0020,,"Call notes (Urban Capital): the head of RevOps said ""We need SAML single sign-on before we can roll out to more teams."" They mentioned evaluating competitors."
FB-01433,2026-04-01 09:41:02,community,ACC-0088,,Anyone else seeing this? The sync status is stuck on syncing forever. This is really frustrating.
FB-01447,2026-04-01 09:47:19,nps_survey,ACC-0463,2.0,Every calendar change triggers an email to the whole team.
FB-01430,2026-04-01 09:48:15,app_store,ACC-0480,2.0,Deleted meetings keep coming back after every sync. This is really frustrating.
FB-01444,2026-04-01 10:28:47,app_store,ACC-0574,4.0,Set my Teams status automatically when I am in a meeting.
FB-01446,2026-04-01 10:59:26,nps_survey,ACC-0145,4.0,I get three reminders for every single meeting.
FB-01442,2026-04-01 11:00:52,sales_call,ACC-0328,,"Call notes (Silver Systems 59): the VP of Operations said ""Meeting times are wrong when attendees are in different time zones."" Renewal is in 8 weeks."
FB-01438,2026-04-01 11:38:04,support_ticket,ACC-0252,,"Hi team, Tempo is central to how we plan our week. Hard to justify the cost to my manager after the price increase. This is really frustrating."
FB-01437,2026-04-01 12:20:36,sales_call,ACC-0101,,"Call notes (Blue Capital 93): the head of RevOps said ""We cannot renew without SAML SSO and enforced login through Entra ID."" Renewal is in 6 weeks."
FB-01441,2026-04-01 13:05:18,app_store,ACC-0040,1.0,The scheduler keeps showing Pacific time instead of my local time. Very annoying.
FB-01432,2026-04-01 15:16:20,app_store,ACC-0075,2.0,Half of my Office 365 eevnts disappeared from Tempo. Not happy about this.
FB-01440,2026-04-01 15:57:57,nps_survey,ACC-0280,3.0,It is confusing which time zone the booking link uses.
FB-01449,2026-04-01 16:43:56,support_ticket,ACC-0164,,"Hey there, Our team of 80 people relies on Tempo. Setting up the workspace was confusing. This is really frustrating. Best, Sofia"
FB-01431,2026-04-01 17:40:14,app_store,ACC-0600,2.0,Reconnecting iCloud does not fix the sync problem. Hope this gets fixed soon.
FB-01439,2026-04-01 19:45:26,nps_survey,ACC-0380,0.0,Hard to justify the cost to my manager atfer the price increase.
FB-01445,2026-04-01 21:43:18,community,ACC-0179,,"small thing, but the reminder spam is making people ignore tempo entirely. not happy about this."
FB-01459,2026-04-02 07:15:42,nps_survey,ACC-0308,8.0,"Dark mode please, the white screen hurts my eyes. Also, every calendar change triggers an email to the whole team."
FB-01478,2026-04-02 07:39:40,nps_survey,ACC-0280,8.0,Export to Excel would save me hours eevry month.
FB-01469,2026-04-02 07:44:58,community,ACC-0065,,Feedback: Invites to our London office arrive with the wrong time. Please fix this asap.
FB-01458,2026-04-02 07:47:35,community,ACC-0519,,[Bug] Performance on my older Android phone is terrible compared to the web version. Hope this gets fixed soon.
FB-01450,2026-04-02 07:54:17,app_store,ACC-0368,2.0,Reconnecting Office 365 does not fix the sync problem. Hope this gets fixed soon.
FB-01484,2026-04-02 09:43:14,community,ACC-0509,,Shoutout: Love how easy it is to find a time that works for everyone.
FB-01477,2026-04-02 10:08:39,nps_survey,ACC-0201,6.0,Please let me mute notifications for specific calendars.
FB-01456,2026-04-02 10:34:34,nps_survey,ACC-0596,4.0,The Android app crashes when I open the week view.
FB-01470,2026-04-02 10:53:53,support_ticket,ACC-0145,,"Hey there, Invites to our Singapore office arrive with the wrong time. Best, Lukas"
FB-01474,2026-04-02 11:39:59,nps_survey,ACC-0454,6.0,A Slack bot that posts the daily agenda would be amazing.
FB-01461,2026-04-02 11:49:32,community,ACC-0186,,add a night mode option to the android app. is this on the roadmap?
FB-01480,2026-04-02 12:19:09,nps_survey,ACC-0588,5.0,Can we get analytics on meeting load per person.
FB-01468,2026-04-02 13:38:29,nps_survey,ACC-0402,0.0,The new per-seat price is too expensive for a small team.
FB-01454,2026-04-02 13:48:19,app_store,ACC-0489,3.0,Deleted meetings keep coming back after every sync. Not happy about this.
FB-01481,2026-04-02 13:55:42,community,ACC-0437,,"Small thing, but The setup wizard skipped steps and left my workspace half configured. Not happy about this."
FB-01466,2026-04-02 14:12:16,support_ticket,ACC-0406,,"Hello, Tempo is central to how we plan our week. Hard to justify the cost to my mnaager after the price increase. Very annoying. - Sofia"
FB-01479,2026-04-02 14:37:03,sales_call,ACC-0020,,"Call notes (Urban Capital): the head of RevOps said ""I would like a report of how much time the team spends in meetings."" Otherwise very happy with the product."
FB-01457,2026-04-02 15:24:55,app_store,ACC-0279,2.0,The iOS app crasehs when I open the week view. Hope this gets fixed soon.
FB-01476,2026-04-02 15:59:01,app_store,ACC-0239,2.0,i get three reminders for every single meeting.
FB-01455,2026-04-02 16:26:44,nps_survey,ACC-0039,0.0,The app freezes every time I switch calendars on my Samsung phone.
FB-01475,2026-04-02 16:49:29,support_ticket,ACC-0044,,"Hello, Push notifications arrive late or twice. Not happy about this. Thanks, Lukas"
FB-01453,2026-04-02 17:55:09,nps_survey,ACC-0505,0.0,Deleted meetings keep coming back after every sync.
FB-01473,2026-04-02 18:07:36,nps_survey,ACC-0332,5.0,A Slack bot that posts the daily agenda would be amazing.
FB-01465,2026-04-02 18:38:17,nps_survey,ACC-0181,3.0,The new per-seat price is too expensive for a small team.
FB-01467,2026-04-02 19:21:27,nps_survey,ACC-0365,6.0,Please offer a cheaper plan for nonprofits.
FB-01463,2026-04-02 19:38:39,nps_survey,ACC-0485,1.0,"Billing us for inactive seats is unfair. Also, push notifications arrive late or twice."
FB-01464,2026-04-02 19:44:50,community,ACC-0583,,Pricing feedback: We are considering switching because Tempo got too pricey. Please fix this asap.
FB-01483,2026-04-02 19:46:33,app_store,ACC-0118,5.0,super clean interface and very intuitive.
FB-01462,2026-04-02 19:51:40,sales_call,ACC-0484,,"Call notes (Clear Logistics 33): the security lead said ""Missing SSO support is a blocker in our procurement review."""
FB-01482,2026-04-02 20:00:51,nps_survey,ACC-0544,9.0,Super clean interface and very intuitive.
FB-01471,2026-04-02 20:38:54,nps_survey,ACC-0144,0.0,It is confusing which time zone the booking link uses.
FB-01451,2026-04-02 20:59:25,app_store,ACC-0396,1.0,My Office 365 calendar stopped syncing this week. This is really frustrating.
FB-01452,2026-04-02 21:00:36,support_ticket,ACC-0391,,"We missed a client call because the invite never synced to iCloud. Not happy about this. Thanks, Chen"
FB-01460,2026-04-02 21:43:33,app_store,ACC-0453,4.0,Please follow the system dark theme on Android. Thanks!
FB-01472,2026-04-02 21:58:10,sales_call,ACC-0528,,"Call notes (Green Foods 81): the office manager said ""It is confusing which time zone the booking link uses."" Expansion to 25 more seats depends on this."
FB-01489,2026-04-03 07:28:36,community,ACC-0307,,Performance on my older Android phone is terrible compared to the web version. This is really frustrating.
FB-01501,2026-04-03 08:12:53,sales_call,ACC-0290,,"Call notes (Harbor Robotics 76): the head of RevOps said ""A dashboard showing meeting hours by team would be great."" Expansion to 25 more seats depends on this."
FB-01490,2026-04-03 09:29:29,nps_survey,ACC-0158,2.0,Tapping an event freezes the Android app.
FB-01493,2026-04-03 10:00:51,nps_survey,ACC-0167,7.0,"Would love a dark theme for late night planning. Also, there is no way to see two time zones side by side when scheduling."
FB-01502,2026-04-03 10:57:53,support_ticket,ACC-0541,,"Hi Tempo support, We use Tempo every day. Please add an API endpoint for exporting events. Is this on the roadmap? Thanks, Jonas"
FB-01487,2026-04-03 11:02:25,nps_survey,ACC-0390,1.0,Meetings I create in Tempo never make it to Google Calendar.
FB-01488,2026-04-03 11:27:15,app_store,ACC-0596,2.0,Office 365 sync fails with an error every morning.
FB-01491,2026-04-03 12:07:09,community,ACC-0483,,The Android app crashes when I open the week view. This is really frustrating.
FB-01498,2026-04-03 12:53:44,support_ticket,ACC-0417,,Events shift by an hour after daylight saving time.
FB-01486,2026-04-03 13:14:02,app_store,ACC-0540,3.0,every event from offcie 365 now shows up twice. this is really frustrating.
FB-01494,2026-04-03 13:49:09,nps_survey,ACC-0267,6.0,Any plans for a dark theme? every other app has one.
FB-01495,2026-04-03 14:50:40,support_ticket,ACC-0142,,"Hard to justify the cost to my manager after the price increase. Also, I cannot delete a single instance of a repeating event anymore. Please fix this asap. Thanks, Lukas"
FB-01496,2026-04-03 15:17:43,support_ticket,ACC-0276,,"Hi Tempo support, Our team of 5 people relies on Tempo. Billing us for inactive seats is unfair. This is really frustrating. - Amara"
FB-01492,2026-04-03 16:07:45,sales_call,ACC-0376,,"Call notes (Lucky Digital): the office manager said ""The app freezes every time I switch calendars on my iPhone."" They mentioned evaluating competitors."
FB-01503,2026-04-03 16:44:43,nps_survey,ACC-0374,4.0,The onboarding never explains the difference between workspaces and teams.
FB-01504,2026-04-03 16:45:24,app_store,ACC-0456,4.0,Spuer clean interface and very intuitive. Keep up the great work!
FB-01485,2026-04-03 18:17:05,app_store,ACC-0253,1.0,We missed a client call because the invite never synced to iCloud. Hope this gets fixed soon.
FB-01499,2026-04-03 18:47:34,support_ticket,ACC-0278,,"Hi team, We use Tempo every day. Can you connect Tempo with Microsoft Teams for meeting links. Thanks in advance."
FB-01500,2026-04-03 20:10:28,nps_survey,ACC-0167,1.0,The reminder spam is making people ignore Tempo entirely.
FB-01497,2026-04-03 21:15:42,support_ticket,ACC-0411,,"Hi Tempo support, We use Tempo every day. A 20 percent price jump with no new features is frustrating. Not happy about this."
FB-01507,2026-04-04 07:18:31,sales_call,ACC-0020,,"Call notes (Urban Capital): the VP of Operations said ""Deleted meetings keep coming back after every sync."" Expasnion to 12 more seats depends on this."
FB-01515,2026-04-04 09:56:27,community,ACC-0464,,"small thing, but i cannot turn off the daily digest emails."
FB-01516,2026-04-04 09:59:24,app_store,ACC-0385,4.0,The booking links alone are worth it.
FB-01514,2026-04-04 10:48:37,nps_survey,ACC-0501,5.0,Can you connect Tempo with Microsoft Teams for meeting links.
FB-01506,2026-04-04 12:00:15,support_ticket,ACC-0339,,"Hello, We use Tempo every day. Meetings I create in Tempo never make it to Outlook. Hope this gets fixed soon. Best, Lukas"
FB-01518,2026-04-04 12:08:58,community,ACC-0006,,Our whole company switched and nobody looked back.
FB-01509,2026-04-04 12:40:38,support_ticket,ACC-0390,,"Hi Tempo support, Our team of 80 people relies on Tempo. Any plans for a dark theme? every other app has one. Thanks! Thanks, Omar"
FB-01511,2026-04-04 13:13:59,support_ticket,ACC-0248,,"Hey there, A 20 percent price jump with no new features is frustrating. Hope this gets fixed soon. Thanks, Omar"
FB-01505,2026-04-04 14:07:20,community,ACC-0290,,Anyone else seeing this? Google Calendar sync fails with an error all the time.
FB-01513,2026-04-04 14:29:10,sales_call,ACC-0296,,"Call notes (Geren Systems 51): the IT director said ""We live in Teams, getting alerts there would help a lot."" Expansion to 150 more seats depends on this."
FB-01508,2026-04-04 16:33:05,app_store,ACC-0184,3.0,performance on my iphone is terrible compared to the web version. please fix this asap.
FB-01517,2026-04-04 16:40:55,support_ticket,ACC-0177,,"Hi team, I have been a customer for 3 months. Great product and the support team is very responsive. Thanks, Lukas"
FB-01512,2026-04-04 17:56:19,app_store,ACC-0113,2.0,The scheduler keeps showing Eastern time instead of my local time. Very annoying.
FB-01510,2026-04-04 19:25:32,support_ticket,ACC-0512,,The Pro plan now costs more than tools that do much more.
FB-01522,2026-04-05 07:30:03,support_ticket,ACC-0435,,"Hi Tempo support, We use Tempo every day. Dark mode is the only thing missing for me. Thanks in advance. Best, Omar"
FB-01524,2026-04-05 08:40:04,nps_survey,ACC-0250,8.0,We would love to schedule meetings directly from Teams.
FB-01520,2026-04-05 08:58:27,support_ticket,ACC-0069,,Tempo is central to how we plan our week. My iCloud calendar stopped syncing randomly. This is really frustrating.
FB-01519,2026-04-05 10:08:34,community,ACC-0427,,[Bug] Meetings I create in Tempo neevr make it to Google. Hope this gets fixed soon.
FB-01526,2026-04-05 16:30:55,support_ticket,ACC-0276,,"Hi Tempo support, We use Tempo every day. Our new hires get lost in the onboarding flow. Very annoying. Best, Omar"
FB-01521,2026-04-05 18:37:32,app_store,ACC-0533,4.0,any plans for a dark theme? every other app has one.
FB-01523,2026-04-05 19:05:12,community,ACC-0125,,idea: an integration with slack is the main thing missing for our team. thanks in advance.
FB-01525,2026-04-05 19:21:37,support_ticket,ACC-0526,,"Hi Tempo support, I have been a customer for 3 months. Can we get analytics on meeting load per person. Thanks, Luaks"
FB-01533,2026-04-06 08:15:48,app_store,ACC-0585,4.0,Would love a dark theme for late night planning. Is this on the roadmap?
FB-01532,2026-04-06 08:38:20,support_ticket,ACC-0447,,"Hey there, Would love a dark theme for late night planning. Thanks! Best, Sofia"
FB-01529,2026-04-06 08:46:20,nps_survey,ACC-0512,1.0,Every event from Google now shows up twice.
FB-01531,2026-04-06 09:50:13,app_store,ACC-0461,2.0,Scrolling the calendar on Android is laggy and slow. This is really frustrating.
FB-01537,2026-04-06 10:10:22,nps_survey,ACC-0017,5.0,Please add SCIM provisioning so IT can manage users from Entra ID.
FB-01549,2026-04-06 10:17:40,app_store,ACC-0180,2.0,eevry calendar change triggers an email to the whole team. hope this gets fixed soon.
FB-01540,2026-04-06 11:46:09,community,ACC-0489,,Pricing feedback: A 20 percent price jump with no new features is frustrating. Not happy about this.
FB-01546,2026-04-06 12:00:47,community,ACC-0410,,Feedback: Events shift by an hour after daylight saving time. Very annoying.
FB-01548,2026-04-06 12:37:33,support_ticket,ACC-0357,,"Hello, Every calendar change triggers an email to the whole team. This is really frustrating. Thanks, Sofia"
FB-01539,2026-04-06 15:03:36,nps_survey,ACC-0035,6.0,The price increase does not feel justified.
FB-01528,2026-04-06 15:41:13,app_store,ACC-0266,1.0,Meetings I create in Tempo never make it to Office 365. Not happy about this.
FB-01535,2026-04-06 16:01:37,app_store,ACC-0011,5.0,i would honestly pay exrta for a dark mode. thanks in advance.
FB-01543,2026-04-06 16:37:56,sales_call,ACC-0267,,"Call notes (Silver Capital 59): the IT diretcor said ""Billing us for inactive seats is unfair."" They mentioned evaluating competitors."
FB-01534,2026-04-06 16:42:17,app_store,ACC-0494,4.0,"Dark mode plaese, the white screen hurts my eyes. Would really appreciate it."
FB-01542,2026-04-06 17:35:59,sales_call,ACC-0574,,"Call notes (Quiet Studio 7): the office manager said ""The new per-seat price is too expensive for a small team."" Otherwise very happy with the product."
FB-01538,2026-04-06 20:12:42,app_store,ACC-0079,2.0,The new per-seat price is too expensive for a small team.
FB-01547,2026-04-06 20:58:42,nps_survey,ACC-0265,8.0,Please add a Microsoft Teams integration so reminders show up in our channels.
FB-01541,2026-04-06 21:08:56,app_store,ACC-0314,2.0,Hard to justify the cost to my manager after the price increase. Hope this gets fixed soon.
FB-01545,2026-04-06 21:17:31,support_ticket,ACC-0393,,"Hey there, I have been a customer for 6 months. Meeting times are wrong when attendees are in different time zones. Very annoying."
FB-01536,2026-04-06 21:33:55,sales_call,ACC-0528,,"Call notes (Green Foods 81): the VP of Operations said ""Missing SSO support is a blocker in our procurement review."" Expansion to 5 more seats depends on this."
FB-01530,2026-04-06 21:34:16,support_ticket,ACC-0412,,"Hi Tempo support, We use Tempo every day. Reconnecting Google does not fix the sync problem. Also, set my Microsoft Teams status automatically when I am in a meeting."
FB-01544,2026-04-06 21:36:31,community,ACC-0078,,The price increase does not feel justified. Please fix this asap.
FB-01527,2026-04-06 21:40:10,app_store,ACC-0194,3.0,Google sync fails with an error all the time. Not happy about this.
FB-01550,2026-04-06 21:54:41,community,ACC-0358,,"Simple, fast and reliable, exactly what we needed. Keep up the great work!"
FB-01554,2026-04-07 09:29:08,support_ticket,ACC-0234,,"Hi team, The sync status is stuck on syncing forever."
FB-01560,2026-04-07 10:12:20,app_store,ACC-0538,4.0,Please add a dark mode. Would really appreciate it.
FB-01551,2026-04-07 10:17:03,nps_survey,ACC-0282,5.0,Half of my iCloud events disappeared from Tempo.
FB-01559,2026-04-07 10:31:52,support_ticket,ACC-0552,,"Hello, Tempo is central to how we plan our week. The Android app takes forever to load. Very annoying. - Deniz"
FB-01569,2026-04-07 11:05:23,support_ticket,ACC-0156,,"Hey there, I get three reminders for every single meeting. Very annoying. Best, Deniz"
FB-01572,2026-04-07 13:07:25,sales_call,ACC-0114,,"Call notes (Nova Digital): their CTO said ""Our finance team needs a monthly utilization report."" Renewal is in 2 weeks."
FB-01562,2026-04-07 13:07:48,nps_survey,ACC-0442,5.0,"The bright interface is painful at night, we need a dark mode."
FB-01556,2026-04-07 13:35:18,support_ticket,ACC-0168,,"Hi team, Meetings I create in Tempo never make it to iCloud."
FB-01571,2026-04-07 13:50:58,sales_call,ACC-0593,,"Call notes (Green Capital 81): the IT director said ""Export to Excel would save me hours every month."" Renewal is in 6 weeks."
FB-01567,2026-04-07 14:18:14,app_store,ACC-0044,2.0,It is confusing which time zone the booking link uses. Not hpapy about this.
FB-01564,2026-04-07 14:27:45,support_ticket,ACC-0146,,"Hey there, Our team of 80 poeple relies on Tempo. The Pro plan now costs more than tools that do much more. Not happy about this. Best, Lukas"
FB-01553,2026-04-07 14:34:24,app_store,ACC-0133,1.0,sync keeps creating duplicate events on my calendar.
FB-01552,2026-04-07 15:22:55,support_ticket,ACC-0070,,"Hey there, Our team of 25 people relies on Tempo. Sync keeps creating duplicate events on my calendar. Not happy about this. Best, Omar"
FB-01557,2026-04-07 17:04:33,support_ticket,ACC-0105,,"Hello, Our team of 80 people relies on Tempo. Reconnecting Google does not fix the sync problem. Very annoying."
FB-01570,2026-04-07 18:32:57,nps_survey,ACC-0068,4.0,I get three reminders for every single meeting.
FB-01566,2026-04-07 18:37:21,nps_survey,ACC-0593,1.0,There is no way to see two time zones side by side when scheduling.
FB-01568,2026-04-07 19:03:12,support_ticket,ACC-0181,,"Hello, We would love to schedule meetings directly from Slack. Also, we need SAML single sign-on before we can roll out to more teams. Thanks! Thanks, Priya"
FB-01555,2026-04-07 19:08:39,community,ACC-0466,,anyone else seeing this? the sync status is stuck on syncing forever.
FB-01574,2026-04-07 20:11:11,app_store,ACC-0278,5.0,great product and the support team is very responsive.
FB-01563,2026-04-07 20:30:56,support_ticket,ACC-0228,,"Hello, We are considering switching because Tempo got too pricey. Please fix this asap. Best, Priya"
FB-01565,2026-04-07 20:46:11,app_store,ACC-0596,1.0,There is no way to see two time zones side by side when scheduling. Please fix this asap.
FB-01561,2026-04-07 20:48:59,app_store,ACC-0152,4.0,Any plans for a dark theme? every other app has one.
FB-01573,2026-04-07 21:12:18,nps_survey,ACC-0062,9.0,Best scheduling tool we have used.
FB-01558,2026-04-07 21:53:14,app_store,ACC-0283,1.0,The app freezes every time I switch calendars on my Pixel. Please fix this asap.
FB-01585,2026-04-08 07:01:33,nps_survey,ACC-0004,7.0,Dark mode is the only thing missing for me.
FB-01588,2026-04-08 07:07:59,support_ticket,ACC-0416,,"Hi team, We use Tempo every day. The price increase does not feel justified. This is really frustrating."
FB-01587,2026-04-08 07:27:19,community,ACC-0267,,+1 for this: Please add SCIM provisioning so IT can manage users from Entra ID. Is this on the roadmap?
FB-01582,2026-04-08 07:50:48,app_store,ACC-0467,3.0,Performance on my tablet is terrible compared to the web version. Hope this gets fixed soon.
FB-01593,2026-04-08 08:44:43,sales_call,ACC-0020,,"Call notes (Urban Capital): the security lead said ""Tempo saves me hours every week."" Renewal is in 6 weeks."
FB-01591,2026-04-08 08:45:23,support_ticket,ACC-0071,,"Hey there, Our team of 40 people relies on Tempo. Can you connect Tempo with Slack for meeting links. Would really appreciate it. Best, Priya"
FB-01584,2026-04-08 10:54:56,app_store,ACC-0115,4.0,would love a dark theme for late night planning.
FB-01577,2026-04-08 12:03:21,community,ACC-0353,,Deleted meetings keep coming back after every sync. Please fix this asap.
FB-01583,2026-04-08 12:03:22,nps_survey,ACC-0238,5.0,Dark mode is the only thing msising for me.
FB-01589,2026-04-08 12:05:15,community,ACC-0387,,Pricing feedback: Please offer a cheaper plan for nonprofits. Not happy about this.
FB-01579,2026-04-08 12:39:23,app_store,ACC-0102,2.0,Google Calendar sync fails with an error every morning. Please fix this asap.
FB-01576,2026-04-08 14:51:04,support_ticket,ACC-0259,,"Hello, Our team of 25 people relies on Tempo. Every event from Google now shows up twice. Please fix this asap. Thanks, Priya"
FB-01578,2026-04-08 15:28:02,support_ticket,ACC-0390,,"Hello, Tempo is central to how we plan our week. iCloud sync fails with an error whenever I reconnect. Best, Priya"
FB-01581,2026-04-08 16:29:46,support_ticket,ACC-0582,,"I have been a customer for 9 months. The Android app takes forever to load. Not happy about this. Best, Jonas"
FB-01592,2026-04-08 18:29:40,nps_survey,ACC-0595,9.0,"Great product and the support team is very responsive. Also, can we get analytics on meeting load per person."
FB-01575,2026-04-08 18:31:42,support_ticket,ACC-0317,,"Hey there, Meetings I create in Tempo never make it to Google. This is really frustrating. Thanks, Maria"
FB-01586,2026-04-08 20:57:06,nps_survey,ACC-0099,8.0,Please add a dark mode.
FB-01580,2026-04-08 20:58:01,app_store,ACC-0481,2.0,The mobile app drains my battery. Hope this gets fixed soon.
FB-01590,2026-04-08 21:07:40,community,ACC-0023,,Pricing feedback: We are considering switching because Tempo got too pricey. Not happy about this.
FB-01597,2026-04-09 07:33:15,app_store,ACC-0506,2.0,the mobile app takes forever to load. this is really frustrating.
FB-01609,2026-04-09 08:41:39,nps_survey,ACC-0059,4.0,"Way too many email notifications, I am drowning in reminders. Also, our new hires get lost in the onboarding flow."
FB-01595,2026-04-09 09:14:42,nps_survey,ACC-0209,2.0,Calendar sync is completely unreliable again.
FB-01611,2026-04-09 10:20:05,app_store,ACC-0098,1.0,The first-time setup does not explain how anything works. Very annoying.
FB-01596,2026-04-09 10:54:07,support_ticket,ACC-0496,,"Hi team, Two-way sync with Office 365 is broken and changes take horus to appear."
FB-01617,2026-04-09 11:05:25,app_store,ACC-0563,4.0,Super clean interface and very intuitive. Thank you!
FB-01616,2026-04-09 11:38:21,nps_survey,ACC-0490,9.0,Love how easy it is to find a time that works for everyone.
FB-01601,2026-04-09 12:23:56,community,ACC-0120,,Pricing feedback: The new per-seat price is too expensive for a small team. Not happy about this.
FB-01605,2026-04-09 13:23:20,community,ACC-0044,,Feature request: Can you connect Tempo with Slack for meeting links. Thanks!
FB-01614,2026-04-09 13:28:06,app_store,ACC-0032,4.0,Best scheduling tool we have used.
FB-01610,2026-04-09 13:39:35,app_store,ACC-0506,2.0,"Notification stetings are too coarse, it is all or nothing. Not happy about this."
FB-01602,2026-04-09 13:47:17,app_store,ACC-0125,3.0,The price increase does not feel justified. This is really furstrating.
FB-01599,2026-04-09 13:57:56,nps_survey,ACC-0208,6.0,Tapping an event freezes the Android app.
FB-01600,2026-04-09 14:12:09,community,ACC-0504,,Anyone else seeing this? The Android app is so slow it is unusable on older phones.
FB-01608,2026-04-09 14:35:28,app_store,ACC-0184,3.0,I cannot turn off the daily diegst emails. Hope this gets fixed soon.
FB-01603,2026-04-09 14:40:46,app_store,ACC-0191,2.0,Paying per seat makes no sense for occasional users. Hope this gets fixed soon.
FB-01615,2026-04-09 15:40:06,community,ACC-0121,,"Shoutout: Simple, fast and reliable, exactly what we needed. Keep up the great work!"
FB-01613,2026-04-09 17:43:06,app_store,ACC-0161,4.0,Great product and the support team is very responsive.
FB-01594,2026-04-09 17:47:00,support_ticket,ACC-0208,,"Our team of 150 people relies on Tempo. Meetings I create in Tempo never make it to Google Calendar. Thanks, Omar"
FB-01604,2026-04-09 18:43:14,support_ticket,ACC-0568,,"Hi team, Set my Microsoft Teams status automatically when I am in a meeting. Thanks in advance. Best, Chen"
FB-01598,2026-04-09 18:54:34,nps_survey,ACC-0406,6.0,The mobile app drains my battery.
FB-01607,2026-04-09 20:39:01,app_store,ACC-0177,1.0,I get three reminders for every single meeting. Please fix this asap.
FB-01606,2026-04-09 21:15:19,community,ACC-0525,,"Feedback: Way too many email notifications, I am drowning in reminders. Please fix this asap."
FB-01612,2026-04-09 21:59:34,support_ticket,ACC-0073,,"Hi team, Tempo is central to how we plan our week. Exceptions to recurring events are lost when I save. Very annoying."
FB-01627,2026-04-10 08:00:21,app_store,ACC-0079,1.0,Scrolling the calendar on Android is laggy and slow. Not happy about this.
FB-01630,2026-04-10 08:18:45,community,ACC-0158,,+1 for this: Would love a dark theme for late ngiht planning. Is this on the roadmap?
FB-01640,2026-04-10 09:19:55,app_store,ACC-0512,5.0,Our whole company switched and nobody looked back. Five stars.
FB-01628,2026-04-10 09:49:54,app_store,ACC-0231,1.0,tapping an event freezes the mobile app. very annoying.
FB-01634,2026-04-10 10:07:16,nps_survey,ACC-0587,6.0,A Slack bot that posts the daily agenda would be amazing.
FB-01631,2026-04-10 10:53:54,sales_call,ACC-0376,,"Call notes (Lucky Digital): the seucrity lead said ""Offboarding users by hand is a compliance risk, we need SCIM."" Otherwise very happy with the product."
FB-01638,2026-04-10 10:56:40,nps_survey,ACC-0154,9.0,"Simple, fast and reliable, exactly what we needed."
FB-01626,2026-04-10 11:02:42,community,ACC-0055,,[bug] performance on my pixel is terrible compared to the web version. please fix this asap.
FB-01619,2026-04-10 11:03:06,app_store,ACC-0583,2.0,We missed a client call because the invite never synced to Google Calendar.
FB-01623,2026-04-10 12:38:03,support_ticket,ACC-0069,,"Hello, Reconnecting Google does not fix the sync problem. Pelase fix this asap. Thanks, Amara"
FB-01625,2026-04-10 13:17:50,nps_survey,ACC-0347,2.0,Google Calendar sync fails with an error eevry morning.
FB-01635,2026-04-10 18:10:35,support_ticket,ACC-0069,,"Hey there, Tempo is central to how we plan our week. We live in Slack, getting alrets there would help a lot. Also, please add an API endpoint for exporting events."
FB-01629,2026-04-10 18:25:13,app_store,ACC-0095,4.0,"Dark mode please, the white screen hurts my eyes. Is this on the roadmap?"
FB-01639,2026-04-10 18:29:39,app_store,ACC-0029,5.0,"Simple, fast and reliable, exactly what we needed. Thank you!"
FB-01622,2026-04-10 19:06:54,support_ticket,ACC-0406,,"Hello, Tempo is central to how we plan our week. Meetings I create in Tempo never make it to Outlook. Not happy about this. - Maria"
FB-01618,2026-04-10 19:09:45,support_ticket,ACC-0333,,"Hey there, Two-way sync with Office 365 is broken and changes take hours to appear."
FB-01633,2026-04-10 19:11:16,nps_survey,ACC-0136,8.0,"We live in Microsoft Teams, getting alerts there would help a lot."
FB-01624,2026-04-10 19:23:37,community,ACC-0464,,anyone else seeing this? calendar sync is completely unreliable again. very annoying.
FB-01620,2026-04-10 19:30:26,nps_survey,ACC-0119,0.0,Calendar sync is completely unreliable randomly.
FB-01636,2026-04-10 19:42:18,support_ticket,ACC-0101,,Export to Excel would save me hours eevry month.
FB-01637,2026-04-10 20:26:01,support_ticket,ACC-0528,,"Hi Tempo support, Our team of 25 people relies on Tempo. I would like a report of how much time the team spends in meetings. Thanks! - Lukas"
FB-01621,2026-04-10 20:49:48,support_ticket,ACC-0454,,"Hey there, We use Tempo every day. My Google calendar stopped syncing since the update. Hope this gets fixed soon. - Kate"
FB-01632,2026-04-10 21:55:12,sales_call,ACC-0328,,"Call notes (Silver Systems 59): the head of RevOps said ""Meeting times are wrong when attendees are in diffeernt time zones."" Otherwise very happy with the product."
FB-01647,2026-04-11 07:27:34,app_store,ACC-0351,5.0,I would honestly pay extra for a dark mode. Is this on the roadmap?
FB-01653,2026-04-11 07:32:40,nps_survey,ACC-0232,0.0,The first-time setup does not explain how anything works.
FB-01643,2026-04-11 07:43:07,community,ACC-0284,,Bug report: Sync keeps creating duplicate events on my calendar. Hope this gets fixed soon.
FB-01642,2026-04-11 09:23:58,support_ticket,ACC-0095,,"Hi team, We use Tempo every day. Two-way sync with Google is broken and changes take hours to appear. Hope this gets fixed soon."
FB-01645,2026-04-11 12:02:10,support_ticket,ACC-0557,,"Hi team, The Android app is so slow it is unusable on older phones. This is really frustrating. - Omar"
FB-01651,2026-04-11 12:51:29,nps_survey,ACC-0347,1.0,I get three reminders for every single meeting.
FB-01644,2026-04-11 12:54:19,nps_survey,ACC-0098,4.0,Tapping an event freezes the mobile app.
FB-01655,2026-04-11 14:18:50,app_store,ACC-0303,5.0,Our whole company switched and nobody looked back.
FB-01641,2026-04-11 14:36:53,support_ticket,ACC-0207,,"Hey there, Tempo is central to how we plan our week. My Outlook calendar stopped syncing since Tuesday. Please fix this asap. Thanks, Omar"
FB-01649,2026-04-11 15:05:52,community,ACC-0019,,Feature reuqest: Can you connect Tempo with Slack for meeting links.
FB-01646,2026-04-11 16:27:51,nps_survey,ACC-0552,6.0,Dark mode is the only thing misisng for me.
FB-01656,2026-04-11 19:35:52,app_store,ACC-0196,4.0,Our whole company switched and nobody looked back.
FB-01650,2026-04-11 20:24:09,nps_survey,ACC-0155,6.0,Please let me mute notifications for specific calendars.
FB-01652,2026-04-11 21:13:45,support_ticket,ACC-0325,,"Hey there, Notification settings are too coarse, it is all or nothing. Best, Lukas"
FB-01648,2026-04-11 21:26:25,app_store,ACC-0136,1.0,The new per-seat price is too expensive for a small team.
FB-01654,2026-04-11 21:29:52,app_store,ACC-0215,5.0,The team availability view is fantastic. Five satrs.
FB-01660,2026-04-12 07:02:46,support_ticket,ACC-0076,,We use Tempo every day. The sync status is stuck on syncing forever. This is really frustrating. - Maria
FB-01657,2026-04-12 07:34:00,community,ACC-0493,,Two-way sync with iCloud is broken and changes take hours to appear.
FB-01664,2026-04-12 07:43:05,app_store,ACC-0036,4.0,"dark mode please, the white screen hurts my eyes. thanks!"
FB-01663,2026-04-12 07:52:53,app_store,ACC-0465,1.0,the app freezes every time i switch calendars on my older android phone. hope this gets fixed soon.
FB-01659,2026-04-12 08:12:56,support_ticket,ACC-0438,,"Hi team, Tempo is central to how we plan our week. My iCloud calendar stopped syncing randomly. This is really frustrating. Best, Chen"
FB-01658,2026-04-12 09:29:42,community,ACC-0403,,Bug report: Two-way sync with Office 365 is broken and changes take hours to appear. Not happy about this.
FB-01661,2026-04-12 11:23:54,app_store,ACC-0003,2.0,Deleted meetings keep coming back after every sync. Not happy about this.
FB-01666,2026-04-12 14:28:54,sales_call,ACC-0484,,"Call notes (Clear Logistics 33): the IT director said ""The new per-seat price is too expensive for a small team."""
FB-01662,2026-04-12 14:50:12,support_ticket,ACC-0248,,"Hi Tempo support, Tempo is central to how we plan our week. The app freezes every time I switch calendars on my older Android phone. Also, paying per seat makes no sense for occasional users. Hope this gets fixed soon. Thanks, Amara"
FB-01667,2026-04-12 18:18:56,support_ticket,ACC-0108,,"Hi Tempo support, We use Tempo every day. A Teams bot that posts the daily agenda would be amazing. Thanks! Thanks, Deniz"
FB-01668,2026-04-12 18:21:25,support_ticket,ACC-0327,,We use Tempo every day. The booking links alone are worth it. Keep up the great work!
FB-01665,2026-04-12 19:25:38,app_store,ACC-0334,3.0,Would love a dark theme for late night planning.
FB-01687,2026-04-13 07:06:08,app_store,ACC-0054,1.0,Events shift by an hour after daylight saving time.
FB-01671,2026-04-13 07:13:28,app_store,ACC-0072,2.0,Calendar sync is completely unreliable since Tuesday.
FB-01670,2026-04-13 08:56:08,nps_survey,ACC-0238,1.0,Every event from Google now shows up twice.
FB-01688,2026-04-13 10:18:40,app_store,ACC-0289,4.0,I would like a report of how much time the team spends in meetings.
FB-01672,2026-04-13 12:31:13,nps_survey,ACC-0343,3.0,Two-way sync with Office 365 is broken and changes take hours to appear.
FB-01669,2026-04-13 14:14:59,sales_call,ACC-0317,,"Call notes (Bold Studio 83): the IT director said ""My Office 365 calendar stopped syncing since Tuesday."" Expansion to 150 more seats depends on this."
FB-01689,2026-04-13 14:15:18,app_store,ACC-0193,4.0,The team availability view is fantastic. Five stars.
FB-01677,2026-04-13 14:54:52,app_store,ACC-0067,1.0,The iOS app takes forever to load.
FB-01673,2026-04-13 15:27:41,community,ACC-0517,,Two-way sync with iCloud is broken and changes take hours to appear. Please fix this asap.
FB-01684,2026-04-13 15:48:21,app_store,ACC-0168,4.0,Add a night mode option to the mobile app. Would really appreciate it.
FB-01675,2026-04-13 17:32:11,support_ticket,ACC-0444,,"Hello, Half of my iCloud events disappeared from Tempo. Please fix this asap. Best, Maria"
FB-01686,2026-04-13 18:19:35,support_ticket,ACC-0050,,"We use Tempo every day. The scheduler keeps showing GMT instead of my local time. This is really frustrating. Thanks, Luaks"
FB-01683,2026-04-13 18:22:15,app_store,ACC-0235,5.0,Would love a dark theme for late night planning.
FB-01681,2026-04-13 18:27:53,support_ticket,ACC-0474,,"Hey there, I would honestly pay extra for a dark mode. Would really appreciate it. Best, Sofia"
FB-01685,2026-04-13 18:41:09,support_ticket,ACC-0391,,"Hello, Paying per seat makes no sense for occasional users. This is really frustrating. Best, Kate"
FB-01680,2026-04-13 19:15:45,app_store,ACC-0409,1.0,performance on my pixel is terrible compared to the web version.
FB-01676,2026-04-13 19:35:55,community,ACC-0260,,tapping an event freezes the mobile app. hope this gets fixed soon.
FB-01682,2026-04-13 20:40:31,nps_survey,ACC-0172,8.0,Dark mode is the only thing missing for me.
FB-01674,2026-04-13 21:29:40,sales_call,ACC-0069,,"Call notes (Bold Labs): the security lead said ""Deleted meetings keep coming back after every sync."""
FB-01678,2026-04-13 21:33:28,sales_call,ACC-0249,,"Call notes (Green Fodos 69): their CTO said ""The Android app crashes when I open the week view."""
FB-01679,2026-04-13 21:47:09,app_store,ACC-0414,2.0,Tapping an event freezes the mobile app. This is really frustrating.
FB-01703,2026-04-14 08:01:40,support_ticket,ACC-0156,,"Hi team, Paying per seat makes no sense for occasional users. Hope this gets fixed soon. Thanks, Priya"
FB-01704,2026-04-14 08:03:33,app_store,ACC-0285,2.0,it is confusing which time zone the booking link uses.
FB-01708,2026-04-14 08:34:52,sales_call,ACC-0484,,"Call notes (Clear Logistics 33): the security lead said ""Please let me mute notifications for specific calendars."" They mentioned evaluating competitors."
FB-01706,2026-04-14 09:13:55,app_store,ACC-0415,5.0,"We live in Slack, getting alerts there would help a lot."
FB-01705,2026-04-14 09:52:54,support_ticket,ACC-0429,,"Hi team, Please add a Slack integration so reminders show up in our channels. Best, Jonas"
FB-01691,2026-04-14 10:25:15,support_ticket,ACC-0416,,"Hey there, I have been a customer for 6 months. Reconnecting Office 365 does not fix the sync problem. - Maria"
FB-01702,2026-04-14 10:47:45,sales_call,ACC-0020,,"Call notes (Urban Capital): the IT director said ""We cannot renew without SAML SSO and enforced login through Azure AD."" Expansion to 150 more seats depends on this."
FB-01692,2026-04-14 10:53:30,app_store,ACC-0123,3.0,The sync status is stuck on syncing forever. Very annoying.
FB-01713,2026-04-14 12:34:47,app_store,ACC-0237,5.0,Tempo saves me hours every week.
FB-01690,2026-04-14 12:35:07,support_ticket,ACC-0584,,"Hello, Our team of 80 people relies on Tempo. My Outlook calendar stopped syncing randomly. Thanks, Maria"
FB-01709,2026-04-14 12:42:57,app_store,ACC-0381,2.0,Every calendar change triggers an email to the whole team. Very annoying.
FB-01700,2026-04-14 13:00:56,app_store,ACC-0138,3.0,I would honestly pay extra for a dark mode. Thanks in advance.
FB-01710,2026-04-14 15:36:25,app_store,ACC-0309,2.0,Please let me mute notifications for specific calendars. Hope this gets fixed soon.
FB-01712,2026-04-14 16:21:21,nps_survey,ACC-0314,1.0,The setup wizard skipped steps and left my workspace half configured.
FB-01701,2026-04-14 16:51:19,support_ticket,ACC-0357,,"The bright interface is painful at night, we need a dark mode. - Priya"
FB-01694,2026-04-14 17:02:53,support_ticket,ACC-0165,,"I have been a customer for 18 months. Outlook sync fails with an error every few hours. Best, Sofia"
FB-01695,2026-04-14 17:15:28,nps_survey,ACC-0091,0.0,Calendar sync is completely unreliable since the update.
FB-01697,2026-04-14 17:31:24,community,ACC-0248,,Anyone else seeing this? The mobile app drains my battery.
FB-01707,2026-04-14 19:04:22,nps_survey,ACC-0234,8.0,Set my Slack status automatically when I am in a meeting.
FB-01711,2026-04-14 20:03:14,support_ticket,ACC-0374,,"Hello, We need to export meeting data to CSV. Thanks in advance."
FB-01699,2026-04-14 20:40:57,app_store,ACC-0184,5.0,"The bright interface is painful at night, we need a dark mode. Is this on the roadmap?"
FB-01693,2026-04-14 20:49:29,app_store,ACC-0434,2.0,Meetings I create in Tempo never make it to Google Calendar.
FB-01696,2026-04-14 20:53:28,nps_survey,ACC-0373,3.0,The app freezes every time I switch calendars on my oledr Android phone.
FB-01698,2026-04-14 21:34:31,support_ticket,ACC-0202,,"Hello, Tmepo is central to how we plan our week. Tapping an event freezes the Android app. Not happy about this."
FB-01719,2026-04-15 07:40:42,support_ticket,ACC-0515,,"Hi team, I have been a customer for 6 months. The app freezes every time I switch calendars on my tablet. Not happy about this. - Omar"
FB-01727,2026-04-15 08:40:03,support_ticket,ACC-0336,,"Hi team, Our team of 80 people relies on Tempo. Billing us for inactive seats is unfair. Very annoying."
FB-01739,2026-04-15 08:51:21,app_store,ACC-0534,5.0,"Simple, fast and reliable, exactly what we needed. Thank you!"
FB-01723,2026-04-15 09:04:18,sales_call,ACC-0017,,"Call notes (Nova Works): their CTO said ""IT wants to manage access through Entra ID, is SSO on the roadmap."" They mentioned evaluating competitors."
FB-01731,2026-04-15 10:59:25,support_ticket,ACC-0380,,"Hi team, We use Tempo every day. Meeting times are wrong when attendees are in different time zones. Please fix this asap. Thanks, Maria"
FB-01732,2026-04-15 11:08:37,support_ticket,ACC-0435,,"Hello, My time zone setting resets every time I travel. Hope this gets fixed soon. Best, Sofia"
FB-01722,2026-04-15 11:13:19,nps_survey,ACC-0545,5.0,Please follow the system dark theme on Android.
FB-01734,2026-04-15 11:24:48,community,ACC-0404,,feature request: please add a teams integration so reminders show up in our channels. is this on the roadmap?
FB-01733,2026-04-15 11:56:04,app_store,ACC-0196,5.0,We would love to schedule meetings directly from Teams. Thanks in advance.
FB-01724,2026-04-15 12:48:59,community,ACC-0198,,A 20 percent price jump with no new features is frustrating. Not happy about this.
FB-01718,2026-04-15 13:45:57,community,ACC-0112,,The app hangs for ten seconds before showing my schedule. Very annoying.
FB-01736,2026-04-15 15:10:41,community,ACC-0333,,feedback: the reminder spam is making people ignore tempo entirely. this is really frustrating.
FB-01726,2026-04-15 15:23:58,community,ACC-0583,,Pricing feedback: Billing us for inactive seats is unfair.
FB-01738,2026-04-15 15:37:33,nps_survey,ACC-0152,10.0,"Simple, fast and reliable, exactly what we needed."
FB-01715,2026-04-15 16:08:31,support_ticket,ACC-0233,,"Hi Tempo support, We use Tempo every day. Sync keeps creating duplicate events on my calendar. This is really frustrating. Best, Kate"
FB-01717,2026-04-15 16:27:45,nps_survey,ACC-0332,2.0,Reconnecting Office 365 does not fix the sync problem.
FB-01728,2026-04-15 17:15:51,nps_survey,ACC-0111,1.0,Hard to justify the cost to my manager after the price increase.
FB-01720,2026-04-15 17:34:05,community,ACC-0367,,Anyone else seeing this? The mobile app drains my battery. Please fix this asap.
FB-01729,2026-04-15 17:51:31,nps_survey,ACC-0351,1.0,The scheduler keeps showing CET instead of my local time.
FB-01735,2026-04-15 18:17:19,nps_survey,ACC-0307,5.0,The reminder spam is making people ignore Tempo enitrely.
FB-01737,2026-04-15 18:56:40,app_store,ACC-0337,1.0,Recurring standups now show up on the wrong weekday after the redesign. Hope this gets fixed soon.
FB-01725,2026-04-15 19:55:40,app_store,ACC-0271,1.0,the price increase does not feel justified. very annoying.
FB-01714,2026-04-15 20:07:58,app_store,ACC-0569,1.0,Half of my Ofifce 365 events disappeared from Tempo. Hope this gets fixed soon.
FB-01716,2026-04-15 20:09:27,support_ticket,ACC-0588,,"Hi team, The sync status is stuck on syncing forever."
FB-01721,2026-04-15 20:31:17,app_store,ACC-0021,1.0,Performance on my tablet is terrible compared to the web version. Not happy about this.
FB-01730,2026-04-15 20:43:01,support_ticket,ACC-0473,,"Hello, Events shift by an hour after daylight saving time. Hope this gets fixed soon."
FB-01761,2026-04-16 07:37:53,support_ticket,ACC-0112,,"Hi Tepmo support, Tempo is central to how we plan our week. Our finance team needs a monthly utilization report. Thanks! - Jonas"
FB-01749,2026-04-16 07:58:05,support_ticket,ACC-0069,,"Our team of 40 people relies on Tempo. We need SAML single sign-on before we can roll out to more teams. Best, Amara"
FB-01755,2026-04-16 08:07:52,app_store,ACC-0301,4.0,A Slack bot that posts the daliy agenda would be amazing. Thanks in advance.
FB-01759,2026-04-16 09:27:28,nps_survey,ACC-0249,6.0,"We live in Microsoft Teams, getting alerts there would help a lot."
FB-01746,2026-04-16 09:54:56,support_ticket,ACC-0274,,"Hello, The iOS app crashes when I open the week view. Also, exceptions to recurring events are lost when I save. Best, Priya"
FB-01754,2026-04-16 10:28:05,app_store,ACC-0552,2.0,The new per-seat price is too expensive for a small team.
FB-01753,2026-04-16 11:30:57,app_store,ACC-0364,2.0,we are considering switching because tmepo got too pricey.
FB-01743,2026-04-16 12:00:27,app_store,ACC-0418,3.0,Reconnecting Google Calendar does not fix the sync problem. Not happy about this.
FB-01758,2026-04-16 12:05:30,app_store,ACC-0477,4.0,An integration with Taems is the main thing missing for our team.
FB-01757,2026-04-16 12:43:43,nps_survey,ACC-0249,5.0,Please add a Slack integration so reminders show up in our channels.
FB-01747,2026-04-16 13:30:22,app_store,ACC-0107,4.0,please follow the system dark theme on android. thanks!
FB-01740,2026-04-16 13:37:08,nps_survey,ACC-0484,1.0,My Office 365 calendar stopped syncing this week.
FB-01751,2026-04-16 14:27:09,sales_call,ACC-0050,,"Call notes (Harbor Logistics): the office manager said ""Paying per seat makes no sense for occasional users."" Expansion to 12 more saets depends on this."
FB-01750,2026-04-16 15:03:28,app_store,ACC-0475,1.0,Please offer a cheaper plan for nonprofits. Please fix this asap.
FB-01763,2026-04-16 15:33:23,app_store,ACC-0396,5.0,great product and the support team is very responsive.
FB-01752,2026-04-16 15:39:05,nps_survey,ACC-0416,4.0,We are considering switching because Tempo got too pricey.
FB-01742,2026-04-16 15:54:10,app_store,ACC-0465,2.0,Deleted meetings keep coming back after every sync.
FB-01745,2026-04-16 16:51:58,community,ACC-0098,,Anyone else seeing this? The mobile app is so slow it is unusable on older phones. Very annoying.
FB-01760,2026-04-16 17:24:30,nps_survey,ACC-0446,5.0,Every calendar change triggers an email to the whole team.
FB-01762,2026-04-16 17:37:31,support_ticket,ACC-0225,,"Hi team, Recurring standups now show up on the wrong weekday after the redesign. Very annoying."
FB-01744,2026-04-16 20:19:15,sales_call,ACC-0078,,"Call notes (Maple Foods 92): the IT director said ""Office 365 sync fails with an error every morning."" They mentioned evaluating competitors."
FB-01741,2026-04-16 20:31:18,nps_survey,ACC-0055,0.0,Deleted meetings keep coming back after every sync.
FB-01748,2026-04-16 20:53:07,support_ticket,ACC-0473,,"Hey there, We use Tempo every day. We need SAML single sign-on before we can roll out to more teams. Thanks, Chen"
FB-01756,2026-04-16 21:38:21,community,ACC-0254,,Feature request: An integrtaion with Slack is the main thing missing for our team. Thanks in advance.
FB-01779,2026-04-17 08:23:28,support_ticket,ACC-0243,,"Hi team, I have been a customer for 9 months. Please offer a cheaper plan for nonprofits. - Maria"
FB-01776,2026-04-17 10:56:38,nps_survey,ACC-0439,0.0,Billing us for inactive seats is unfair.
FB-01767,2026-04-17 11:07:47,community,ACC-0539,,Anyone else seeing this? The iOS app is so slow it is unusable on older phones.
FB-01775,2026-04-17 12:10:02,support_ticket,ACC-0063,,"Please offer a cheaper plan for nonprofits. Also, I get three reminders for every single meeting. Not happy about this. Best, Lukas"
FB-01778,2026-04-17 13:33:38,nps_survey,ACC-0476,3.0,Billing us for inactive seats is unfair.
FB-01769,2026-04-17 13:48:22,app_store,ACC-0536,4.0,Please add a dark mode.
FB-01783,2026-04-17 13:57:26,app_store,ACC-0560,5.0,Super clean interface and very intuitive.
FB-01768,2026-04-17 14:43:43,support_ticket,ACC-0347,,"Tapping an event freezes the Android app. This is really frustrating. Best, Maira"
FB-01773,2026-04-17 15:08:08,app_store,ACC-0041,4.0,Please follow the system dark theme on mobile.
FB-01774,2026-04-17 15:42:24,nps_survey,ACC-0444,1.0,The new per-seat price is too expensive for a small team.
FB-01777,2026-04-17 15:55:51,app_store,ACC-0475,3.0,billing us for inactive seats is unfair. please fix this asap.
FB-01781,2026-04-17 17:26:04,support_ticket,ACC-0374,,"Hey there, The team availability view is fantastic. Best, Sofia"
FB-01766,2026-04-17 18:30:18,sales_call,ACC-0105,,"Call notes (North Partners): their CTO said ""The mobile app drains my battery."" Otherwise very happy with the product."
FB-01764,2026-04-17 18:40:33,app_store,ACC-0206,1.0,Deleted meetings keep coming back after every sync. Not happy about this.
FB-01782,2026-04-17 19:13:30,community,ACC-0056,,great product and the support team is very responsive.
FB-01784,2026-04-17 19:39:32,support_ticket,ACC-0403,,"Hey there, I have been a customer for 3 months. The team availability view is fantastic. Thank you!"
FB-01770,2026-04-17 20:50:38,nps_survey,ACC-0339,5.0,Please follow the system dark theme on mobile.
FB-01780,2026-04-17 20:58:38,support_ticket,ACC-0279,,Our team of 150 people relies on Tempo. The new per-seat price is too expensive for a small team. Hope this gets fixed soon. - Lukas
FB-01765,2026-04-17 21:03:21,app_store,ACC-0378,1.0,The app hangs for ten seconds before showing my schedule. Not happy about this.
FB-01772,2026-04-17 21:16:08,nps_survey,ACC-0357,7.0,"Please add a dark mode. Also, there is no way to see two time zones side by side when scheduling."
FB-01771,2026-04-17 21:26:54,app_store,ACC-0147,4.0,Would love a dark theme for late night planning. Is this on the roadmap?
FB-01795,2026-04-18 08:00:45,community,ACC-0568,,Shoutout: Our whole company switched and nobody looked back. Five stars.
FB-01788,2026-04-18 09:35:38,support_ticket,ACC-0410,,"Hi team, Tempo is central to how we plan our week. It is confusing which time zone the booking link uses. - Sofia"
FB-01794,2026-04-18 11:41:36,app_store,ACC-0517,2.0,it took me an hour of setup to figure out how to invite my team. not happy about this.
FB-01792,2026-04-18 12:17:09,support_ticket,ACC-0274,,Our team of 12 people relies on Tempo. It took me an hour of setup to figure out how to invite my team. Not happy about this. - Lukas
FB-01796,2026-04-18 13:38:09,nps_survey,ACC-0332,9.0,Our whole company switched and nobody looked back.
FB-01791,2026-04-18 15:02:58,nps_survey,ACC-0488,5.0,An integration with Slack is the main thing missing for our team.
FB-01787,2026-04-18 16:00:27,support_ticket,ACC-0435,,"Hi team, We use Tempo every day. A 20 percent price jump with no new features is frustrating. Hope this gets fixed soon. Thanks, Priya"
FB-01785,2026-04-18 16:58:40,app_store,ACC-0097,3.0,It keeps crashing on startup after the last Android update. Hope this gets fixed soon.
FB-01793,2026-04-18 17:00:40,nps_survey,ACC-0038,6.0,The onboarding neevr explains the difference between workspaces and teams.
FB-01790,2026-04-18 18:12:57,nps_survey,ACC-0061,6.0,A Microsoft Teams bot that posts the daily agenda would be amazing.
FB-01786,2026-04-18 21:24:58,sales_call,ACC-0528,,"Call notes (Green Foods 81): the VP of Operations said ""Please add SCIM provisioning so IT can manage users from OneLogin."""
FB-01789,2026-04-18 21:57:47,support_ticket,ACC-0229,,"Hey there, It is confusing which time zone the booking link uses. Thanks, Priya"
FB-01801,2026-04-19 09:46:09,app_store,ACC-0451,4.0,Please follow the system dark theme on mobile.
FB-01800,2026-04-19 13:46:08,app_store,ACC-0300,4.0,"The bright interface is painful at night, we need a dark mode. Thanks!"
FB-01803,2026-04-19 14:29:27,community,ACC-0560,,Feature request: Any plans for a dark theme? every other app has one. Is this on the roadmap?
FB-01805,2026-04-19 15:13:44,app_store,ACC-0005,5.0,The team availability view is fantastic. Five stars.
FB-01798,2026-04-19 15:25:13,nps_survey,ACC-0321,3.0,The app hangs for ten seconds before showing my schedule.
FB-01797,2026-04-19 16:04:13,nps_survey,ACC-0234,5.0,"Scrolling the calendar on Android is laggy and slow. Also, please add SCIM provisioning so IT can manage users from Okta."
FB-01799,2026-04-19 17:00:01,community,ACC-0534,,"+1 for this: The bright interface is painful at night, we need a dark mode."
FB-01802,2026-04-19 18:05:13,nps_survey,ACC-0558,5.0,I would honestly pay extra for a dark mode.
FB-01804,2026-04-19 20:15:30,app_store,ACC-0433,5.0,please add a teams integration so reminders show up in our channels.
FB-01806,2026-04-19 21:02:27,community,ACC-0365,,"Tempo saves me hours every week. Also, I cannot delete a single instance of a repeating event anymore. Five stars."
FB-01818,2026-04-20 07:29:14,sales_call,ACC-0249,,"Call notes (Green Foods 69): the office manager said ""Please offer a cheaper plan for nonporfits."" Expansion to 25 more seats depends on this."
FB-01825,2026-04-20 07:33:14,app_store,ACC-0539,1.0,please let me mute notifications for specific calendars.
FB-01816,2026-04-20 08:41:09,nps_survey,ACC-0573,8.0,We cannot renew without SAML SSO and enforced login through Okta.
FB-01810,2026-04-20 09:36:56,community,ACC-0371,,bug report: the mobile app drains my battery. this is really frustrating.
FB-01814,2026-04-20 09:45:18,community,ACC-0583,,Idea: I would honestly pay extra for a dark mode. Thanks in advance.
FB-01828,2026-04-20 10:26:09,app_store,ACC-0381,4.0,The team availability view is fantastic. Thank you!
FB-01827,2026-04-20 12:17:04,nps_survey,ACC-0233,5.0,A dashboard showing meeting hours by team would be great.
FB-01820,2026-04-20 12:24:52,nps_survey,ACC-0304,4.0,Paying per seat makes no sense for occasional users.
FB-01809,2026-04-20 12:42:24,app_store,ACC-0284,1.0,The iOS app is so slow it is unusable on older phones. Very annoying.
FB-01821,2026-04-20 13:48:41,nps_survey,ACC-0100,4.0,Paying per seat makes no sense for occasional users.
FB-01817,2026-04-20 14:19:15,support_ticket,ACC-0467,,"Hi team, We are considering switching because Tempo got too pricey. Best, Sofia"
FB-01822,2026-04-20 14:53:09,community,ACC-0162,,feedback: meeting times are wrong when attendees are in different time zones. please fix this asap.
FB-01823,2026-04-20 16:53:03,sales_call,ACC-0484,,"Call notes (Clear Logistics 33): their CTO said ""Meeting times are wrong when attendees are in different time zones."" Expansion to 40 more seats depends on this."
FB-01807,2026-04-20 17:29:46,community,ACC-0400,,"the app hangs for ten seconds before showing my schedule. also, set my slack status automatically when i am in a meeting. very annoying."
FB-01808,2026-04-20 17:44:47,app_store,ACC-0108,3.0,the mobile app drains my battery. not happy about this.
FB-01811,2026-04-20 18:29:32,support_ticket,ACC-0540,,"Hello, The Android app crashes when I open the week view. This is really frustrating."
FB-01819,2026-04-20 18:38:07,app_store,ACC-0172,3.0,The price increase does not feel justified.
FB-01812,2026-04-20 19:05:11,app_store,ACC-0596,4.0,Please add a dark mode. Thanks!
FB-01829,2026-04-20 20:41:49,community,ACC-0300,,shoutout: super clean interface and very intuitive. keep up the great work!
FB-01813,2026-04-20 20:44:57,community,ACC-0599,,Feature request: Any plans for a dark theme? every other app has one. Would really appreciate it.
FB-01826,2026-04-20 20:51:02,app_store,ACC-0312,3.0,Every calendar change triggers an email to the whole team.
FB-01815,2026-04-20 20:54:34,app_store,ACC-0192,5.0,Dark mode is the only thing missing for me. Thanks in advance.
FB-01824,2026-04-20 21:43:01,app_store,ACC-0578,2.0,i get three reminders for every single meeting. not happy about this.
FB-01838,2026-04-21 07:27:32,nps_survey,ACC-0248,5.0,A 20 percent price jump with no new features is frustrating.
FB-01845,2026-04-21 08:53:23,nps_survey,ACC-0088,9.0,Tempo saves me hours every week.
FB-01837,2026-04-21 09:19:26,nps_survey,ACC-0370,6.0,Dark mode is the only thing missing for me.
FB-01834,2026-04-21 11:16:10,support_ticket,ACC-0593,,"Hi team, Our team of 25 people relies on Tempo. Performance on my older Android phone is terrible compared to the web version."
FB-01844,2026-04-21 12:04:48,community,ACC-0098,,Shoutout: Our whole company switcehd and nobody looked back.
FB-01833,2026-04-21 12:50:47,app_store,ACC-0507,1.0,The Android app takes forever to load.
FB-01839,2026-04-21 12:52:49,support_ticket,ACC-0389,,"Hi team, A 20 percent price jump with no new features is frustrating. Very annoying. Thanks, Sofia"
FB-01831,2026-04-21 13:47:16,community,ACC-0092,,bug report: we missed a client call because the invite never synced to outlook. hope this gets fixed soon.
FB-01841,2026-04-21 14:43:52,nps_survey,ACC-0457,2.0,My time zone setting resets every time I travel.
FB-01836,2026-04-21 17:37:50,app_store,ACC-0547,1.0,The Android app is so slow it is unusable on older phones. Please fix this asap.
FB-01843,2026-04-21 18:02:40,community,ACC-0481,,"Feedback: Way too many email notifications, I am drowning in reminders. Hope this gets fixed soon."
FB-01832,2026-04-21 19:23:16,app_store,ACC-0479,1.0,Tapping an event freezes the Android app.
FB-01842,2026-04-21 19:50:26,support_ticket,ACC-0137,,"Can you connect Tempo with Slack for meeting links. Is this on the roadmap? Best, Lukas"
FB-01830,2026-04-21 21:27:34,community,ACC-0475,,bug report: calendar sync is completely unreliable randomly. not happy about this.
FB-01835,2026-04-21 21:45:41,app_store,ACC-0395,1.0,The app freezes every time I switch calendars on my Pixel. Not happy about this.
FB-01840,2026-04-21 21:51:43,sales_call,ACC-0297,,"Call notes (Harbor Works 65): the security lead said ""Events shift by an hour after daylight saving time."" Expansion to 150 more seats depends on this."
FB-01850,2026-04-22 07:53:19,support_ticket,ACC-0515,,"I have been a customer for 9 months. I would honestly pay extra for a dark mode. Thanks in advance. Thanks, Omar"
FB-01847,2026-04-22 08:00:13,nps_survey,ACC-0533,6.0,Scrolling the calendar on mobile is laggy and slow.
FB-01853,2026-04-22 09:07:12,support_ticket,ACC-0017,,"I have been a customer for 3 months. Export to Excel would save me hours every month. Is this on the roadmap? Thanks, Sofia"
FB-01846,2026-04-22 09:36:22,app_store,ACC-0333,3.0,Tapping an event freezes the iOS app.
FB-01855,2026-04-22 09:51:04,app_store,ACC-0463,5.0,Our whole company switched and nobody looked back. Five stars.
FB-01854,2026-04-22 10:10:39,nps_survey,ACC-0067,10.0,Great product and the support team is very responisve.
FB-01851,2026-04-22 13:19:23,community,ACC-0312,,Every calendar change triggers an email to the whole team. Very annoying.
FB-01856,2026-04-22 14:19:01,app_store,ACC-0049,5.0,best scheduling tool we have used.
FB-01849,2026-04-22 17:37:36,app_store,ACC-0320,4.0,dark mode is the only thing missing for me. thanks in advance.
FB-01852,2026-04-22 19:08:38,community,ACC-0029,,Feedback: Please let me mute notifications for specific calendars. Please fix this asap.
FB-01848,2026-04-22 21:38:35,community,ACC-0200,,Bug report: The app hangs for ten seconds before showing my schedule. Please fix this asap.
FB-01867,2026-04-23 07:21:42,nps_survey,ACC-0002,7.0,Dark mode is the only thing missing for me.
FB-01876,2026-04-23 08:33:57,community,ACC-0014,,Shoutout: The team availability view is fnatastic.
FB-01859,2026-04-23 09:09:45,nps_survey,ACC-0063,4.0,Tappnig an event freezes the iOS app.
FB-01863,2026-04-23 09:18:12,app_store,ACC-0364,4.0,Dark mode is the only thing missing for me. Is this on the roadmap?
FB-01866,2026-04-23 09:27:34,app_store,ACC-0525,3.0,"The bright interface is painful at night, we need a dark mode. Is this on the roadmap?"
FB-01862,2026-04-23 10:06:40,app_store,ACC-0582,2.0,The Android app is so slow it is unusable on older phones. Very annoying.
FB-01875,2026-04-23 10:21:28,app_store,ACC-0157,5.0,Best scheduling tool we have used. Keep up the great work!
FB-01860,2026-04-23 10:27:26,nps_survey,ACC-0239,3.0,Scrolling the calendar on iOS is laggy and slow.
FB-01861,2026-04-23 12:07:05,app_store,ACC-0243,2.0,The iOS app crashes when I open the week view. Please fix this asap.
FB-01865,2026-04-23 12:13:09,community,ACC-0564,,Feature request: Would love a dark theme for late night planning. Is this on the roadmap?
FB-01871,2026-04-23 12:35:37,app_store,ACC-0526,3.0,The Pro plan now costs more than tools that do much more. Very annoying.
FB-01868,2026-04-23 13:42:37,sales_call,ACC-0208,,"Call notes (Iron Analytics): the head of RevOps said ""Our security team requires SSO with Okta."" Otherwise very happy with the product."
FB-01874,2026-04-23 14:15:16,support_ticket,ACC-0426,,"Hey there, Changing one recurring meeting creates extra copies of the whole series. Please fix this asap. Best, Maria"
FB-01858,2026-04-23 14:47:15,support_ticket,ACC-0415,,"Hello, Our team of 12 people relies on Tempo. The app freezes every time I switch calendars on my tablet. Also, can you connect Tempo with Slack for meeting links. Hope this gets fixed soon. - Lukas"
FB-01864,2026-04-23 15:57:39,community,ACC-0382,,Feature request: I would honestly pay extra for a dark mode. Thanks in advance.
FB-01873,2026-04-23 16:31:03,sales_call,ACC-0240,,"Call notes (Harbor Labs 36): the office manager said ""An integration with Teams is the main thing missing for our team."""
FB-01870,2026-04-23 16:42:58,support_ticket,ACC-0582,,"Hello, We use Tempo every day. Billing us for inactive seats is unfair. Please fix this asap. Best, Omar"
FB-01872,2026-04-23 17:47:23,sales_call,ACC-0221,,"Call notes (Urban Studio 50): the head of RevOps said ""Invites to our Singapore office arrive with the wrong time."" They mentioned evaluating competitors."
FB-01869,2026-04-23 20:02:49,nps_survey,ACC-0140,3.0,The price increase does not feel justified.
FB-01857,2026-04-23 20:54:15,app_store,ACC-0100,1.0,The mobile app drains my battery. Please fix this asap.
FB-01888,2026-04-24 07:24:02,support_ticket,ACC-0402,,"Hi Tempo support, Can you connect Tempo with Teams for meeting links. Also, push notifications arrive late or twice. Best, Sofia"
FB-01894,2026-04-24 09:11:35,support_ticket,ACC-0581,,"Hey there, We use Tempo every day. Best scheduling tool we have used. Keep up the great work! - Kate"
FB-01890,2026-04-24 09:53:16,nps_survey,ACC-0347,5.0,Please add an API endpoint for exporting events.
FB-01895,2026-04-24 10:04:47,nps_survey,ACC-0368,8.0,The team availability view is fantastic.
FB-01886,2026-04-24 10:34:24,support_ticket,ACC-0123,,"Hi team, Our team of 80 people relies on Tempo. We are considering switching because Tempo got too pricey. Also, reconnecting Google does not fix the sync problem. Not happy about this. Thanks, Deniz"
FB-01877,2026-04-24 11:23:44,app_store,ACC-0595,1.0,Performance on my Piexl is terrible compared to the web version.
FB-01892,2026-04-24 13:17:32,sales_call,ACC-0582,,"Call notes (Rapid Digital 97): the head of RevOps said ""The first-time setup does not explain how anything works."" They mentioned evaluating competitors."
FB-01889,2026-04-24 13:31:21,app_store,ACC-0011,1.0,I cannot turn off the daily digest emails. Very annoying.
FB-01881,2026-04-24 15:22:09,sales_call,ACC-0406,,"Call notes (Iron Labs 92): the office manager said ""Offboarding users by hand is a compliance risk, we need SCIM."""
FB-01885,2026-04-24 17:25:03,support_ticket,ACC-0390,,"Hi team, Our team of 40 people relies on Tempo. The Pro plan now costs more than tools that do much more. Very annoying. Best, Chen"
FB-01893,2026-04-24 17:36:00,support_ticket,ACC-0417,,"Hi Tempo support, The new recurring event editor will not let me set custom repeats. This is really frustrating. Thanks, Priya"
FB-01887,2026-04-24 18:10:49,app_store,ACC-0396,1.0,There is no way to see two time zones side by side when scheduling. Please fix this asap.
FB-01898,2026-04-24 18:42:28,nps_survey,ACC-0543,8.0,The booking links alone are worth it.
FB-01879,2026-04-24 18:48:24,app_store,ACC-0563,3.0,Please add a dark mode. Thanks!
FB-01899,2026-04-24 19:20:56,nps_survey,ACC-0232,10.0,The team availability view is fantastic.
FB-01891,2026-04-24 19:38:12,community,ACC-0178,,"Small thing, but The onboarding never explains the difference between workspaces and teams."
FB-01883,2026-04-24 19:47:31,nps_survey,ACC-0077,2.0,A 20 percnet price jump with no new features is frustrating.
FB-01878,2026-04-24 19:56:32,app_store,ACC-0466,3.0,I wuold honestly pay extra for a dark mode. Thanks!
FB-01880,2026-04-24 19:57:15,support_ticket,ACC-0144,,"Hey there, Our team of 40 people relies on Tempo. Missing SSO support is a blocker in our procurement review. Is this on the roadmap? Thanks, Chen"
FB-01884,2026-04-24 20:05:15,community,ACC-0222,,A 20 percent price jump with no new features is frustrating. Not happy about this.
FB-01882,2026-04-24 20:15:25,sales_call,ACC-0297,,"Call notes (Harbor Works 65): the office manager said ""Missing SSO support is a blocker in our procurement review."" They mentioned evaluating competitors."
FB-01897,2026-04-24 20:48:14,app_store,ACC-0124,5.0,The team availability view is fantastic.
FB-01896,2026-04-24 20:52:03,community,ACC-0035,,Best scheduling tool we have used. Keep up the great work!
FB-01911,2026-04-25 07:37:33,nps_survey,ACC-0349,5.0,We would love to schedule meetings directly from Microsoft Teams.
FB-01910,2026-04-25 09:10:06,nps_survey,ACC-0117,2.0,Events shift by an hour after daylight saving time.
FB-01912,2026-04-25 09:51:39,app_store,ACC-0008,1.0,every calendar change triggers an email to the whole team. hope this gets fixed soon.
FB-01902,2026-04-25 10:29:17,nps_survey,ACC-0146,5.0,Plaese add a dark mode.
FB-01908,2026-04-25 10:57:01,nps_survey,ACC-0366,5.0,Hard to justify the cost to my manager after the price increase.
FB-01913,2026-04-25 11:52:37,community,ACC-0332,,Best scheduling tool we have used. Five stars.
FB-01901,2026-04-25 14:04:00,support_ticket,ACC-0145,,"Hi team, Would love a dark theme for late night planning. - Maria"
FB-01907,2026-04-25 14:24:46,support_ticket,ACC-0279,,"Hey there, The price increase does not feel justified. Very annoying. Thanks, Priya"
FB-01906,2026-04-25 14:44:26,nps_survey,ACC-0402,8.0,We cannot renew without SAML SSO and enforced login through Google Workspace.
FB-01909,2026-04-25 15:26:42,sales_call,ACC-0473,,"Call notes (Maple Logistics 26): their CTO said ""The scheduler keeps showing Pacific time instead of my local time."" Renewal is in 3 weeks."
FB-01900,2026-04-25 18:25:53,sales_call,ACC-0406,,"Call notes (Iron Labs 92): the head of RevOps said ""Reconnecting iCloud does not fix the sync problem."" Renewal is in 6 weeks."
FB-01904,2026-04-25 19:34:10,app_store,ACC-0286,5.0,Any plans for a dark theme? every other app has one.
FB-01905,2026-04-25 20:05:49,support_ticket,ACC-0296,,"Hi Tempo support, Missing SSO support is a blocker in our procurement review. Thanks in advance. Thanks, Priya"
FB-01903,2026-04-25 20:14:54,nps_survey,ACC-0100,6.0,Add a night mode option to the mobile app.
FB-01915,2026-04-26 09:12:43,support_ticket,ACC-0437,,"Please follow the system dark theme on Android. Is this on the roadmap? Best, Lukas"
FB-01921,2026-04-26 11:02:16,community,ACC-0167,,"Shoutout: Simple, fast and reliable, exactly what we needed."
FB-01920,2026-04-26 11:59:11,community,ACC-0106,,Feedback: The onboarding never explains the difference between workspaces and teams.
FB-01917,2026-04-26 12:18:43,support_ticket,ACC-0020,,"Hey there, Our team of 12 people relies on Tempo. There is no way to see two time zones side by side when scheduling. Very annoying. Best, Lukas"
FB-01918,2026-04-26 13:00:43,nps_survey,ACC-0063,6.0,The reminder spam is making people ignore Tempo entirely.
FB-01922,2026-04-26 13:40:44,nps_survey,ACC-0281,10.0,Love how easy it is to find a time that works for everyone.
FB-01914,2026-04-26 14:54:18,app_store,ACC-0456,3.0,Tapping an event freezes the mobile app. Very annoying.
FB-01919,2026-04-26 15:02:45,sales_call,ACC-0101,,"Call notes (Blue Capital 93): the office manager said ""A dashboard showing meeting hours by team would be great."" Renewal is in 3 weeks."
FB-01916,2026-04-26 17:35:19,support_ticket,ACC-0171,,"It is confusing which time zone the booking link uses. Not happy about this. Best, Chen"
FB-01933,2026-04-27 07:04:36,nps_survey,ACC-0228,6.0,Please add a Slack integration so reminders show up in our channels.
FB-01942,2026-04-27 07:11:27,app_store,ACC-0334,5.0,Our whole company switched and nobody looked back. Keep up the gerat work!
FB-01936,2026-04-27 07:59:45,app_store,ACC-0157,1.0,i get three reminders for every single meeting.
FB-01931,2026-04-27 08:40:17,app_store,ACC-0512,3.0,the scheduler keeps showing eastern time instead of my local time.
FB-01924,2026-04-27 10:38:02,nps_survey,ACC-0016,7.0,"Dark mode is the only thing missing for me. Also, please add a Slack integration so reminders show up in our channels."
FB-01934,2026-04-27 10:52:35,nps_survey,ACC-0082,7.0,Set my Teams status automatically when I am in a meeting.
FB-01939,2026-04-27 11:25:12,app_store,ACC-0180,1.0,It took me an hour of setup to figure out how to invite my team. Very annoying.
FB-01940,2026-04-27 11:35:35,app_store,ACC-0121,3.0,Recurring standups now show up on the wrong weekday after the redesign.
FB-01927,2026-04-27 13:13:17,community,ACC-0157,,Would love a dark theme for late night planning. Thanks!
FB-01938,2026-04-27 13:52:02,support_ticket,ACC-0453,,"Hi Tempo support, We use Tempo every day. We need to export meeting data to CSV. Is this on the roadmap?"
FB-01926,2026-04-27 15:28:50,app_store,ACC-0036,4.0,I would honestly pay extra for a dark mode.
FB-01930,2026-04-27 15:50:04,support_ticket,ACC-0195,,"Hello, The Pro plan now costs more than tools that do much more. Also, I cannot turn off the daily digest emails. Not happy about this. Best, Chen"
FB-01944,2026-04-27 16:27:54,sales_call,ACC-0296,,"Call notes (Green Systems 51): their CTO said ""The booking links alone are worth it."""
FB-01937,2026-04-27 16:56:59,app_store,ACC-0350,1.0,The reminder spam is making people ignore Tempo entirely. Hope this gets fixed soon.
FB-01923,2026-04-27 17:05:44,app_store,ACC-0509,2.0,The Android app takes forever to load. Not happy about this.
FB-01932,2026-04-27 17:47:08,sales_call,ACC-0317,,"Call notes (Bold Studio 83): their CTO said ""There is no way to see two time zones side by side when scheduling."" Renewal is in 6 weeks."
FB-01943,2026-04-27 18:03:20,nps_survey,ACC-0478,9.0,"Love how easy it is to find a time that works for everyone. Also, weekly recurring meetings disappear after the fifth week."
FB-01935,2026-04-27 18:04:48,app_store,ACC-0300,3.0,we would love to schedule meetings diretcly from slack. thanks in advance.
FB-01925,2026-04-27 18:17:39,nps_survey,ACC-0559,8.0,Dark mode is the only thing missing for me.
FB-01929,2026-04-27 19:48:24,nps_survey,ACC-0577,0.0,A 20 percent price jump with no new features is frustrating.
FB-01928,2026-04-27 19:48:39,sales_call,ACC-0557,,"Call notes (Harbor Foods 44): their CTO said ""Missing SSO support is a blocker in our procurement review."" Expansion to 80 more seats depends on this."
FB-01941,2026-04-27 21:03:22,nps_survey,ACC-0170,10.0,Tempo saves me hours every week.
FB-01968,2026-04-28 07:04:24,app_store,ACC-0458,5.0,Our wohle company switched and nobody looked back. Keep up the great work!
FB-01953,2026-04-28 07:06:48,support_ticket,ACC-0372,,Tempo is central to how we plan our week. We are considering switching because Tempo got too pricey. This is really frustrating. - Jonas
FB-01955,2026-04-28 07:51:27,nps_survey,ACC-0544,4.0,We are considering switching because Tempo got too pricey.
FB-01964,2026-04-28 08:38:06,support_ticket,ACC-0387,,"Hi team, Tempo is central to how we plan our week. Please add an API endpoint for exporting events. Thanks, Chen"
FB-01947,2026-04-28 09:16:19,support_ticket,ACC-0439,,"Hey there, I have been a customer for 3 months. Scrolling the calendar on Android is laggy and slow. Please fix this asap."
FB-01959,2026-04-28 09:41:16,app_store,ACC-0198,3.0,"We live in Microsoft Teams, getting alerts there would help a lot. Would really appreciate it."
FB-01966,2026-04-28 09:53:12,app_store,ACC-0154,5.0,the booking links alone are worth it. thank you!
FB-01960,2026-04-28 10:07:38,nps_survey,ACC-0447,6.0,"Can you connect Tempo with Slack for meeting links. Also, the setup wizard skipped steps and left my workspace half configured."
FB-01958,2026-04-28 10:21:22,sales_call,ACC-0050,,"Call notes (Harbor Logistics): the head of RevOps said ""It is confusing which time zone the booking link uses."" Otherwise very happy with the product."
FB-01967,2026-04-28 10:32:08,nps_survey,ACC-0240,8.0,Super clean interface and very intuitive.
FB-01952,2026-04-28 10:38:04,app_store,ACC-0336,4.0,"dark mode please, the white screen hurts my eyes. would really appreciate it."
FB-01957,2026-04-28 11:10:32,support_ticket,ACC-0467,,"Hi Tempo support, Our team of 25 people relies on Tempo. Invites to our Sydney office arrive with the wrong time. Also, an integration with Slack is the main thing missing for our team. Very annoying. Best, Priya"
FB-01965,2026-04-28 13:56:56,app_store,ACC-0385,5.0,the booking lniks alone are worth it. keep up the great work!
FB-01950,2026-04-28 14:00:43,community,ACC-0250,,"Idea: Dark mode please, the white screen hurts my eyes."
FB-01961,2026-04-28 15:14:26,nps_survey,ACC-0447,5.0,Please add a Slack integration so reminders show up in our channels.
FB-01946,2026-04-28 15:56:36,nps_survey,ACC-0421,3.0,The app hangs for ten seconds before showing my schedule.
FB-01948,2026-04-28 16:03:17,app_store,ACC-0447,5.0,Please follow the system dark theme on Android. Would really appreciate it.
FB-01949,2026-04-28 19:00:48,app_store,ACC-0121,5.0,Add a night mode option to the iOS app. Is this on the roadmap?
FB-01945,2026-04-28 19:34:16,nps_survey,ACC-0238,4.0,Performance on my iPhone is terrible compared to the web version.
FB-01969,2026-04-28 19:53:03,nps_survey,ACC-0146,8.0,"Simple, fast and reliable, exactly what we needed."
FB-01962,2026-04-28 20:22:13,support_ticket,ACC-0279,,"An integration with Slack is the main thing missing for our team. Also, IT wants to manage access through Google Workspace, is SSO on the roadmap. Thanks, Amara"
FB-01956,2026-04-28 20:29:18,app_store,ACC-0122,1.0,We are considering switching because Tempo got too pricey. Not happy about this.
FB-01951,2026-04-28 20:36:32,app_store,ACC-0375,4.0,Any plans for a dark theme? every other app has one.
FB-01963,2026-04-28 20:52:39,sales_call,ACC-0020,,"Call notes (Urban Capital): the office maanger said ""Can we get analytics on meeting load per person."" They mentioned evaluating competitors."
FB-01954,2026-04-28 21:12:33,support_ticket,ACC-0227,,"Hello, I have been a customer for 6 months. The new per-seat price is too expensive for a small team. Hope this gets fixed soon. Best, Omar"
FB-01983,2026-04-29 07:35:39,support_ticket,ACC-0502,,"Hey there, Tempo is central to how we plan our week. A Slack bot that posts the daily agenda would be amazing."
FB-01972,2026-04-29 08:48:50,community,ACC-0297,,Bug report: The iOS app takes forever to load. Hope this gets fixed soon.
FB-01984,2026-04-29 08:57:05,app_store,ACC-0138,5.0,Best scheduling tool we have used. Keep up the great work!
FB-01981,2026-04-29 10:20:47,app_store,ACC-0272,4.0,"We live in Microsoft Teams, getting alerts there would help a lot. Thanks in advance."
FB-01978,2026-04-29 10:55:59,sales_call,ACC-0020,,"Call notes (Urban Capital): their CTO said ""We are considering switching because Tempo got too pricey."" Expansion to 5 more seats depends on this."
FB-01973,2026-04-29 11:08:04,nps_survey,ACC-0079,5.0,It keeps crashing on startup after the last mobile update.
FB-01970,2026-04-29 11:13:08,app_store,ACC-0597,3.0,Office 365 sync fails with an error all the time. Please fix this asap.
FB-01976,2026-04-29 12:58:46,app_store,ACC-0014,5.0,add a night mode option to the ios app. wuold really appreciate it.
FB-01977,2026-04-29 14:17:04,support_ticket,ACC-0229,,"Hi Tempo support, Tempo is central to how we plan our week. A 20 percent price jump with no new features is frustrating. Hope this gets fixed soon. Best, Priya"
FB-01980,2026-04-29 17:15:22,app_store,ACC-0173,4.0,can you connect tempo with teams for meeting links. thanks in advance.
FB-01974,2026-04-29 18:06:14,nps_survey,ACC-0472,4.0,The mobile app drains my battery.
FB-01979,2026-04-29 18:42:12,app_store,ACC-0422,4.0,can you connect tempo with slack for meeting links. would really appreciate it.
FB-01971,2026-04-29 19:41:34,community,ACC-0143,,Bug report: Performance on my Samsung phone is terirble compared to the web version.
FB-01975,2026-04-29 20:18:36,support_ticket,ACC-0071,,"Hi Tempo support, Our team of 80 peolpe relies on Tempo. Performance on my older Android phone is terrible compared to the web version. Hope this gets fixed soon."
FB-01982,2026-04-29 20:49:17,nps_survey,ACC-0168,6.0,A Slack bot that posts the daily agenda would be amazing.
FB-01986,2026-04-30 07:49:32,app_store,ACC-0391,1.0,Two-way sync with iCloud is broken and changes take hours to appear. This is really frustrating.
FB-01985,2026-04-30 08:06:02,support_ticket,ACC-0582,,"Hi Tempo support, Tempo is central to how we plan our week. Deleted meetings keep coming back after every sync. Hope this gets fixed soon. - Sofia"
FB-01995,2026-04-30 10:53:23,nps_survey,ACC-0262,8.0,Can you connect Tempo with Slack for meeting links.
FB-01989,2026-04-30 10:58:40,nps_survey,ACC-0200,6.0,Please add a dark mode.
FB-01987,2026-04-30 11:47:23,app_store,ACC-0325,1.0,iCloud sync fails with an error every few horus. Not happy about this.
FB-01988,2026-04-30 12:28:12,app_store,ACC-0075,1.0,The iOS app crashes when I open the week view. Not happy about this.
FB-01993,2026-04-30 12:30:32,community,ACC-0146,,Feature request: Please add SCIM provisioning so IT can manage users from Entra ID. Is this on the roadmap?
FB-01997,2026-04-30 12:32:49,support_ticket,ACC-0582,,"Hello, We use Tempo every day. Please let me mute notifications for specific calendars. Not happy about this. Thanks, Amara"
FB-01996,2026-04-30 13:48:28,community,ACC-0248,,Feedback: Evrey calendar change triggers an email to the whole team.
FB-01998,2026-04-30 13:55:53,sales_call,ACC-0296,,"Call notes (Green Systems 51): the office manager said ""Please add an API endpoint for exporting events."" They mentioned evaluating competitors."
FB-01999,2026-04-30 14:42:26,community,ACC-0164,,"Small thing, but The onboarding never explains the difference between workspaces and teams. Hope this gets fixed soon."
FB-01990,2026-04-30 14:46:39,sales_call,ACC-0267,,"Call notes (Silver Capital 59): tehir CTO said ""Would love a dark theme for late night planning."" Otherwise very happy with the product."
FB-01994,2026-04-30 18:07:39,support_ticket,ACC-0215,,"Hi Tempo support, It is confusing which time zone the booking link uses. Please fix this asap."
FB-01991,2026-04-30 20:27:37,nps_survey,ACC-0291,7.0,"Please add a dark mode. Also, the Andriod app takes forever to load."
FB-01992,2026-04-30 21:03:35,nps_survey,ACC-0458,8.0,Please add a dark mode.
FB-02000,2026-04-30 21:06:03,nps_survey,ACC-0039,8.0,"Simple, fast and reliable, exactly what we needed."
FB-02015,2026-05-01 10:28:13,nps_survey,ACC-0473,8.0,I would like a report of how much time the team spends in meetings.
FB-02018,2026-05-01 11:04:20,app_store,ACC-0372,5.0,Love how easy it is to find a time that works for everyone.
FB-02012,2026-05-01 11:12:27,sales_call,ACC-0020,,"Call notes (Urban Capital): the security lead said ""We live in Microsoft Teams, getting alerts there would help a lot."" Expansion to 150 more seats depends on this."
FB-02009,2026-05-01 11:40:45,support_ticket,ACC-0512,,"Hi team, Our team of 25 people relies on Tempo. There is no way to see two time zones side by side when scheduling. Hope this gets fixed soon. Best, Maria"
FB-02004,2026-05-01 11:47:59,community,ACC-0291,,+1 for this: Any plans for a dark theme? every other app has one.
FB-02014,2026-05-01 11:59:03,support_ticket,ACC-0325,,"Hi Tempo support, We use Tempo every day. Every calendar change triggers an email to the whole team. Best, Omar"
FB-02017,2026-05-01 14:04:47,app_store,ACC-0403,4.0,our whole company switched and nobody looked back.
FB-02013,2026-05-01 14:54:47,app_store,ACC-0405,4.0,Please add a Slack integration so reminders show up in our channels. Thanks!
FB-02007,2026-05-01 16:00:20,sales_call,ACC-0221,,"Call notes (Urban Studio 50): their CTO said ""The new per-seat price is too expensive for a small team."" They mentioned evaluating competitors."
FB-02008,2026-05-01 16:01:13,support_ticket,ACC-0227,,"Hello, I have been a customer for 3 months. The new per-seat price is too expensive for a small team. This is really frustrating."
FB-02003,2026-05-01 17:20:52,community,ACC-0508,,+1 for this: I would honestly pay extra for a dark mode. Thanks in advance.
FB-02006,2026-05-01 17:43:02,support_ticket,ACC-0586,,Tempo is central to how we plan our week. The new per-seat price is too expensive for a small team. Very annoying. - Lukas
FB-02001,2026-05-01 17:58:04,app_store,ACC-0361,1.0,Performance on my Pixel is terrible copmared to the web version. This is really frustrating.
FB-02011,2026-05-01 18:16:10,app_store,ACC-0077,5.0,a slack bot that posts the daily agenda would be amazing. would really appreciate it.
FB-02016,2026-05-01 18:34:10,nps_survey,ACC-0191,1.0,The setup wizard skipped steps and left my workspace half configured.
FB-02010,2026-05-01 19:58:20,app_store,ACC-0481,2.0,Invites to our New York office arrive with the wrong time. Not happy about this.
FB-02002,2026-05-01 21:46:31,app_store,ACC-0037,4.0,Dark mode is the only thing missing for me. Thanks in advance.
FB-02005,2026-05-01 21:52:52,support_ticket,ACC-0528,,"Hello, Our team of 40 people relies on Tempo. Offboarding users by hand is a compliance risk, we need SCIM. Is this on the roadmap?"
FB-02026,2026-05-02 08:01:02,app_store,ACC-0452,5.0,best scheduling tool we have used. thank you!
FB-02021,2026-05-02 08:47:10,sales_call,ACC-0183,,"Call notes (Quiet Labs): their CTO said ""The price increase does not feel justified."" Expansion to 25 more seats depends on this."
FB-02019,2026-05-02 09:33:38,support_ticket,ACC-0587,,"Hello, We use Tempo every day. Meetings I create in Tempo never make it to iCloud. Best, Chen"
FB-02022,2026-05-02 13:21:13,support_ticket,ACC-0209,,"Events shift by an hour after daylight saving time. Very annoying. Best, Priya"
FB-02027,2026-05-02 14:34:42,nps_survey,ACC-0321,10.0,"Great product and the support team is very responsive. Also, any plans for a dark theme? every other app has one."
FB-02025,2026-05-02 14:37:36,nps_survey,ACC-0484,9.0,The team availability view is fantastic.
FB-02023,2026-05-02 16:27:41,nps_survey,ACC-0484,3.0,"Notification settings are too coarse, it is all or nothing."
FB-02020,2026-05-02 17:18:11,app_store,ACC-0481,2.0,It keeps crashing on startup after the last iOS update. Very annoying.
FB-02024,2026-05-02 21:21:44,sales_call,ACC-0221,,"Call notes (Urban Studio 50): the VP of Operations said ""Please add an API endpoint for exporting events."""
FB-02032,2026-05-03 07:50:00,community,ACC-0265,,I cannot turn off the daily digest emails. Please fix this asap.
FB-02033,2026-05-03 07:56:01,app_store,ACC-0271,1.0,I cannot turn off the daily digest emails. Please fix this asap.
FB-02029,2026-05-03 11:07:40,app_store,ACC-0429,2.0,Please offer a cheaper plan for nonprofits. This is really frustrating.
FB-02028,2026-05-03 12:36:23,support_ticket,ACC-0369,,"Hey there, The sync status is stuck on syncing forever. This is really frustrating. Best, Kate"
FB-02034,2026-05-03 13:14:46,nps_survey,ACC-0213,5.0,"Way too many email notifications, I am drowning in reminders. Also, the new recurring event editor will not let me set custom repeats."
FB-02031,2026-05-03 15:55:36,support_ticket,ACC-0579,,"Hey there, It is confusing which time zone the booking link uses. Very annoying. Thanks, Omar"
FB-02030,2026-05-03 16:15:04,support_ticket,ACC-0444,,"Hello, Hard to justify the cost to my manager after the price increase. Also, missing SSO support is a blocker in our procurement review. Hope this gets fixed soon. - Kate"
FB-02035,2026-05-03 17:06:50,community,ACC-0182,,Great product and the support team is very responsive. Five stars.
FB-02052,2026-05-04 07:01:41,community,ACC-0161,,shoutout: super clean interface and very intuitive. keep up the great work!
FB-02050,2026-05-04 07:15:12,app_store,ACC-0361,1.0,Setting up the workspace was confusing.
FB-02043,2026-05-04 07:29:17,support_ticket,ACC-0046,,"Hey there, Our team of 5 people relies on Tempo. The Pro plan now costs more than tools that do much more. Not happy about this."
FB-02044,2026-05-04 07:59:16,support_ticket,ACC-0137,,"Please offer a cheaper plan for nonprofits. Also, calendar sync is completely unreliable since the update. Not happy about this. Thanks, Deniz"
FB-02051,2026-05-04 08:17:44,nps_survey,ACC-0575,9.0,Super celan interface and very intuitive.
FB-02041,2026-05-04 08:31:15,app_store,ACC-0243,4.0,"Dark mode please, the white screen hurts my eyes."
FB-02047,2026-05-04 08:58:23,support_ticket,ACC-0493,,"Hi Tempo support, We live in Microsoft Teams, getting alerts there would help a lot. Thanks in advance."
FB-02048,2026-05-04 09:21:00,app_store,ACC-0243,2.0,Please let me mute notifications for specific calendars. Hope this gets fixed soon.
FB-02040,2026-05-04 09:31:51,community,ACC-0226,,"+1 for this: dark mode please, the white screen hurts my eyes. thanks!"
FB-02038,2026-05-04 11:03:11,support_ticket,ACC-0209,,"Hi team, I have been a customer for 3 months. Dark mode is the only thing missing for me. Thanks! Best, Lukas"
FB-02049,2026-05-04 11:33:56,community,ACC-0007,,Feedback: The setup wizard skipped steps and left my workspace half configured. Hope this gets fixed soon.
FB-02039,2026-05-04 11:47:50,support_ticket,ACC-0374,,"Hello, Tempo is central to how we plan our week. I would honeslty pay extra for a dark mode. Best, Lukas"
FB-02045,2026-05-04 12:38:19,community,ACC-0335,,idea: an integration with slack is the main thing missing for our team. is this on the roadmap?
FB-02046,2026-05-04 13:59:03,nps_survey,ACC-0368,5.0,"Please add a Teams integration so reminders show up in our channels. Also, IT wants to manage access through Entra ID, is SSO on the roadmap."
FB-02036,2026-05-04 16:09:20,support_ticket,ACC-0168,,"Hey there, The Android app crashes when I open the week view. This is really frustrating. - Amara"
FB-02042,2026-05-04 16:30:31,support_ticket,ACC-0462,,"Hi team, Paying per seat makes no sense for occasional users. Thanks, Jonas"
FB-02053,2026-05-04 18:33:13,nps_survey,ACC-0178,9.0,"Simple, fast and reliable, exactly what we needed."
FB-02037,2026-05-04 19:51:02,app_store,ACC-0364,2.0,the mobile app is so slow it is unusable on older phones. not happy about this.
FB-02067,2026-05-05 07:21:35,app_store,ACC-0408,1.0,the scheduler keeps showing eastern time instead of my local time. hope this gets fixed soon.
FB-02057,2026-05-05 07:35:22,community,ACC-0552,,Please follow the system dark theme on mobile.
FB-02068,2026-05-05 08:16:29,app_store,ACC-0496,3.0,there is no way to see two time zones side by side when scheduling. hope this gets fixed soon.
FB-02079,2026-05-05 08:47:01,community,ACC-0575,,Best scheduling tool we have used. Thank you!
FB-02059,2026-05-05 09:59:36,support_ticket,ACC-0556,,"Hi team, I have been a customer for 9 months. I would honestly pay extra for a dark mode. Thanks! - Jonas"
FB-02077,2026-05-05 10:57:15,nps_survey,ACC-0515,9.0,Super clean interface and very intuitvie.
FB-02061,2026-05-05 11:10:48,nps_survey,ACC-0484,4.0,"Hard to justify the cost to my manager after the price increase. Also, the first-time setup does not explain how anything works."
FB-02072,2026-05-05 12:41:14,support_ticket,ACC-0270,,"Hi team, Push notifications arrive late or twice. Very annoying."
FB-02058,2026-05-05 12:46:03,app_store,ACC-0547,4.0,Dark mode is the only thing missing for me.
FB-02073,2026-05-05 12:59:16,support_ticket,ACC-0346,,"Hey there, I have been a customer for 18 months. Notification settings are too coarse, it is all or nothing. Also, we are considering switching because Tempo got too pricey. Very annoying. - Lukas"
FB-02060,2026-05-05 13:29:16,sales_call,ACC-0156,,"Call notes (Lucky Media 84): the office manager said ""Offboarding users by hand is a compliance risk, we need SCIM."" They mentioned evaluating competitors."
FB-02065,2026-05-05 14:26:08,support_ticket,ACC-0172,,"Hi Tempo support, I have been a customer for 9 months. It is confusing which time zone the booking link uses. Best, Kate"
FB-02071,2026-05-05 16:02:45,support_ticket,ACC-0354,,"Hey there, I get three reminders for every single meeting."
FB-02078,2026-05-05 16:23:25,sales_call,ACC-0399,,"Call notes (Harbor Digital 86): the security lead said ""Simple, fast and reliable, exactly what we needed."" They mentioned evaluating competitors."
FB-02075,2026-05-05 17:00:39,app_store,ACC-0196,3.0,Please add an API endpoint for exporting events. Thanks in advance.
FB-02074,2026-05-05 17:16:09,support_ticket,ACC-0274,,"Hi team, Our team of 40 people relies on Tempo. I get three reminders for every single meeting. Please fix this asap. - Omar"
FB-02069,2026-05-05 17:32:26,app_store,ACC-0178,5.0,an integration with microsoft teams is the main thing missing for our team. would really appreciate it.
FB-02063,2026-05-05 17:36:37,community,ACC-0365,,Please offer a chepaer plan for nonprofits. This is really frustrating.
FB-02055,2026-05-05 18:07:13,nps_survey,ACC-0352,3.0,Tapping an event freezes the Android app.
FB-02076,2026-05-05 18:11:21,support_ticket,ACC-0328,,"Hi Tempo support, We need to export meeting data to CSV."
FB-02056,2026-05-05 18:53:59,community,ACC-0131,,Anyone else seeing this? The app hangs for ten seconds before showing my schedule. Please fix this asap.
FB-02062,2026-05-05 19:25:42,support_ticket,ACC-0118,,"Hi Tempo support, Our team of 25 people relies on Tempo. Bliling us for inactive seats is unfair. Please fix this asap."
FB-02054,2026-05-05 20:00:36,support_ticket,ACC-0410,,"Hey there, Sync keeps creating duplicate events on my calendar. Very annoying. - Omar"
FB-02064,2026-05-05 20:18:24,community,ACC-0481,,meeting times are wrong when attendees are in different time zones. very annoying.
FB-02070,2026-05-05 20:21:16,sales_call,ACC-0069,,"Call notes (Bold Labs): their CTO said ""Notification settings are too coarse, it is all or nothing."" Renewal is in 6 weeks."
FB-02066,2026-05-05 21:25:43,sales_call,ACC-0017,,"Call notes (Nova Works): the office manager said ""The scheduler keeps showing UTC instead of my lcoal time."" They mentioned evaluating competitors."
FB-02091,2026-05-06 07:49:53,nps_survey,ACC-0369,3.0,We are considering switching because Tempo got too pricey.
FB-02095,2026-05-06 09:18:48,nps_survey,ACC-0113,6.0,A 20 percent price jump with no new features is frustrating.
FB-02086,2026-05-06 09:32:37,app_store,ACC-0064,4.0,please follow the system dark theme on mobile.
FB-02110,2026-05-06 09:39:25,app_store,ACC-0019,5.0,Our whole company switched and nobody looked back. Thank you!
FB-02101,2026-05-06 10:17:39,support_ticket,ACC-0240,,"Hi team, An integration with Slack is the main thing missing for our team. Thnaks! Thanks, Jonas"
FB-02082,2026-05-06 10:42:23,community,ACC-0586,,Anyone else seeing this? The app hangs for ten seconds before showing my schedule. Very annoying.
FB-02096,2026-05-06 11:46:54,support_ticket,ACC-0594,,"Hey there, Tempo is central to how we plan our week. We are considering switching because Tempo got too pricey. Hope this gets fixed soon. Best, Sofia"
FB-02088,2026-05-06 12:22:43,support_ticket,ACC-0237,,"We use Tempo every day. Dark mode please, the white screen hurts my eyes. Is this on the roadmap? Best, Amara"
FB-02098,2026-05-06 12:26:55,support_ticket,ACC-0438,,"Hi team, We use Tempo every day. It is confusing which time zone the booking link uses. Thanks, Omar"
FB-02109,2026-05-06 12:39:01,community,ACC-0449,,Tempo saves me hours every week.
FB-02103,2026-05-06 13:39:32,community,ACC-0460,,"Small thing, but I cannot turn off the daily digest emails. Not happy about this."
FB-02087,2026-05-06 13:56:14,app_store,ACC-0456,3.0,I would honestly pay extra for a dark mode. Thanks!
FB-02083,2026-05-06 14:16:59,support_ticket,ACC-0140,,"Tapping an event freezes the Android app. Thanks, Omar"
FB-02105,2026-05-06 14:29:14,support_ticket,ACC-0162,,"Hi team, Export to Excel would save me hours every month."
FB-02097,2026-05-06 15:00:49,support_ticket,ACC-0392,,"Hello, There is no way to see two time zones side by side when scheduling. Please fix this asap. Thnaks, Jonas"
FB-02094,2026-05-06 15:01:42,app_store,ACC-0074,2.0,We are considering switching becuase Tempo got too pricey.
FB-02092,2026-05-06 16:08:04,sales_call,ACC-0209,,"Call notes (Iron Health 17): the office manager said ""The price increase does not feel justified."""
FB-02084,2026-05-06 16:15:09,support_ticket,ACC-0308,,"Hi Tempo support, It keeps crashing on startup after the last mobile update. Very annyoing. Best, Maria"
FB-02099,2026-05-06 16:41:28,app_store,ACC-0121,2.0,Meeting times are wrong when attendees are in different time zones. Hope this gets fixed soon.
FB-02080,2026-05-06 16:50:04,app_store,ACC-0166,2.0,Calendar sync is completely unreliable for days. Please fix this asap.
FB-02108,2026-05-06 18:33:58,community,ACC-0570,,Sohutout: Tempo saves me hours every week.
FB-02104,2026-05-06 18:34:30,support_ticket,ACC-0069,,We use Tempo every day. Push notifications arrive late or twice. This is really frustrating.
FB-02106,2026-05-06 18:45:32,support_ticket,ACC-0478,,"Hi Tempo support, Can we get analytics on meeting load per person. Best, Sofia"
FB-02093,2026-05-06 19:06:16,sales_call,ACC-0373,,"Call notes (Blue Labs 42): the IT director said ""Billing us for inactive seats is unfair."" Otherwise very happy with the product."
FB-02102,2026-05-06 19:22:15,support_ticket,ACC-0582,,"Hi team, Can you connect Tempo with Slack for meeting links. Thanks! Thanks, Deniz"
FB-02090,2026-05-06 19:58:08,sales_call,ACC-0484,,"Call notes (Clear Logistics 33): the IT director said ""Please add SCIM provisioning so IT can manage users from Google Workspace."""
FB-02100,2026-05-06 20:12:04,support_ticket,ACC-0183,,"Hey there, Can you connect Tempo with Slack for meeting links. Thanks in advance."
FB-02107,2026-05-06 21:10:37,community,ACC-0366,,Onboarding is confusing for anyone who is not technical. This is really frustrating.
FB-02081,2026-05-06 21:30:13,support_ticket,ACC-0179,,"Hello, The app hangs for ten seconds before showing my schedule. Please fix this asap. Best, Deniz"
FB-02089,2026-05-06 21:37:51,support_ticket,ACC-0459,,Tempo is central to how we plan our week. Dark mode is the only thing missing for me.
FB-02085,2026-05-06 21:46:41,support_ticket,ACC-0217,,"Hi Tempo support, It keeps crashing on startup after the last Android update. Please fix this asap."
FB-02118,2026-05-07 07:12:23,sales_call,ACC-0217,,"Call notes (Green Digital 26): the security lead said ""Paying per seat makes no sense for occasional users."" Renewal is in 3 weeks."
FB-02116,2026-05-07 09:14:00,app_store,ACC-0183,5.0,Please follow the system dark theme on Android. Thanks!
FB-02122,2026-05-07 10:11:14,support_ticket,ACC-0146,,"Tempo is central to how we plan our week. I get three reminders for every single meeting. Thanks, Jonas"
FB-02115,2026-05-07 10:42:24,app_store,ACC-0164,3.0,Please add a dark mode. Thanks!
FB-02126,2026-05-07 10:46:34,support_ticket,ACC-0412,,"Hello, I have been a customer for 6 months. Editing one occurrence changes the whloe recurring series. This is really frustrating. - Maria"
FB-02124,2026-05-07 11:07:54,support_ticket,ACC-0024,,I have been a customer for 9 months. I cannot turn off the daily digest emails. This is really frustrating. - Omar
FB-02112,2026-05-07 11:43:07,app_store,ACC-0105,1.0,It keeps crashing on startup after the last mobile update. Hope this gets fixed soon.
FB-02113,2026-05-07 12:06:34,nps_survey,ACC-0549,4.0,The app hangs for ten seconds before showing my schedule.
FB-02114,2026-05-07 13:03:31,nps_survey,ACC-0461,6.0,I would honestly pay extra for a dark mode.
FB-02121,2026-05-07 13:08:49,support_ticket,ACC-0018,,"Hi team, An integration with Slack is the main thing missing for our team. - Deniz"
FB-02119,2026-05-07 14:57:34,nps_survey,ACC-0566,6.0,Please offer a cheaper plan for nonprofits.
FB-02120,2026-05-07 16:17:53,app_store,ACC-0160,3.0,An integration with Slack is the main thing missing for our team. Thanks!
FB-02111,2026-05-07 16:30:36,community,ACC-0224,,My Google calendar stopped syncing again.
FB-02123,2026-05-07 16:37:08,app_store,ACC-0451,3.0,"Notification settings are too coarse, it is all or nothing."
FB-02128,2026-05-07 19:20:59,nps_survey,ACC-0073,10.0,Our whole company switched and nobody looked back.
FB-02127,2026-05-07 20:20:38,app_store,ACC-0526,5.0,Love how easy it is to find a time that works for eevryone. Keep up the great work!
FB-02125,2026-05-07 20:29:44,app_store,ACC-0513,2.0,The onboarding never exlpains the difference between workspaces and teams. Not happy about this.
FB-02117,2026-05-07 20:40:51,support_ticket,ACC-0295,,"Hello, I have been a customer for 6 months. We are considering switching because Tempo got too pricey."
FB-02135,2026-05-08 07:03:52,nps_survey,ACC-0406,6.0,"We need SAML single sign-on before we can roll out to more teams. Also, the Pro plan now costs more than tools that do much more."
FB-02146,2026-05-08 07:17:37,sales_call,ACC-0346,,"Call notes (Iron Analytics 5): the office manager said ""Can we get analytics on meeting load per person."" They mentioned evaluating competitors."
FB-02129,2026-05-08 08:12:41,app_store,ACC-0360,2.0,Sync keeps creating duplicate events on my calendar. Not happy about this.
FB-02138,2026-05-08 08:34:47,support_ticket,ACC-0434,,"Our team of 40 people relies on Tempo. The price increase does not feel justified. Also, set my Slack status automatically when I am in a meeting. Very annoynig. Thanks, Jonas"
FB-02147,2026-05-08 08:36:09,nps_survey,ACC-0130,10.0,Our whole company switched and nobody looked back.
FB-02133,2026-05-08 09:17:44,app_store,ACC-0466,5.0,"The bright interface is painful at night, we need a dark mode."
FB-02141,2026-05-08 09:58:44,community,ACC-0270,,Feautre request: A Microsoft Teams bot that posts the daily agenda would be amazing.
FB-02137,2026-05-08 10:07:51,sales_call,ACC-0346,,"Call notes (Iron Analytics 5): the head of RevOps said ""Please add SCIM provisioning so IT can manage users from Okta."""
FB-02131,2026-05-08 11:28:16,app_store,ACC-0043,2.0,The app hangs for ten seconds before showing my schedule. Hope this gets fixed soon.
FB-02140,2026-05-08 12:49:00,community,ACC-0203,,"+1 for this: A Microsoft Teams bot that posts the daily agenda would be amazing. Also, tapping an event freezes the Android app."
FB-02132,2026-05-08 13:25:23,app_store,ACC-0384,3.0,The mobile app takes forever to load.
FB-02145,2026-05-08 14:57:27,nps_survey,ACC-0357,7.0,Our finance team needs a monthly utiliztaion report.
FB-02143,2026-05-08 15:00:28,support_ticket,ACC-0320,,"Hi team, Tempo is central to how we plan our week. A dashboard showing meeting hours by team would be great. Thanks!"
FB-02144,2026-05-08 17:39:58,nps_survey,ACC-0184,5.0,I would like a report of how much time the team spends in meetings.
FB-02134,2026-05-08 19:19:41,nps_survey,ACC-0550,5.0,Dark mode is the only thing missing for me.
FB-02136,2026-05-08 19:54:04,sales_call,ACC-0208,,"Call notes (Iron Analytics): their CTO said ""Single sign-on with Azure AD is a hard requirement for us."""
FB-02130,2026-05-08 21:06:19,community,ACC-0530,,[Bug] The iOS app takes forever to load. Not happy about this.
FB-02139,2026-05-08 21:09:38,app_store,ACC-0589,4.0,A Slack bot that posts the daily agenda would be amazing. Is this on the roadmap?
FB-02142,2026-05-08 21:55:13,nps_survey,ACC-0380,3.0,"Way too many email notifications, I am drowning in reminders."
FB-02158,2026-05-09 07:07:25,app_store,ACC-0556,2.0,"Way too many email notifications, I am drowning in reminders. Very annoying."
FB-02156,2026-05-09 07:27:22,app_store,ACC-0280,4.0,We would love to schedule meetings directly from Microsoft Teams. Would really appreciate it.
FB-02153,2026-05-09 09:01:02,nps_survey,ACC-0453,6.0,The Pro plan now costs more than tools that do much more.
FB-02151,2026-05-09 09:07:30,support_ticket,ACC-0274,,"Hi Tempo support, We use Tempo every day. Add a night mode option to the Android app. Thanks, Sofia"
FB-02154,2026-05-09 09:34:01,app_store,ACC-0219,3.0,Events shift by an hour after daylight saving time. Hope this gets fixed soon.
FB-02149,2026-05-09 14:17:00,community,ACC-0056,,[Bug] Scrolling the calendar on Andriod is laggy and slow. Please fix this asap.
FB-02155,2026-05-09 15:37:19,support_ticket,ACC-0285,,"Hi Tmepo support, An integration with Teams is the main thing missing for our team. - Amara"
FB-02152,2026-05-09 15:54:24,community,ACC-0370,,Feature request: Any plans for a dark theme? every other app has one. Is this on the roadmap?
FB-02148,2026-05-09 16:49:46,nps_survey,ACC-0058,5.0,"It keeps crashing on startup after the last mobile update. Also, push notifications arrive late or twice."
FB-02150,2026-05-09 17:09:39,community,ACC-0480,,Idea: Please add a dark mode.
FB-02157,2026-05-09 20:11:09,app_store,ACC-0035,2.0,i cannot turn off the daily digest emails. please fix this asap.
FB-02164,2026-05-10 08:39:50,app_store,ACC-0298,2.0,Meeting times are wrong when attendees are in different time zones. Not happy about this.
FB-02163,2026-05-10 10:27:19,support_ticket,ACC-0400,,"Hello, Our team of 150 people relies on Tempo. The app hangs for ten seconds before showing my schedule. - Amara"
FB-02166,2026-05-10 10:33:38,nps_survey,ACC-0596,5.0,A Slack bot that posts the daily agenda would be amazing.
FB-02162,2026-05-10 11:23:26,app_store,ACC-0361,2.0,the app hnags for ten seconds before showing my schedule. very annoying.
FB-02165,2026-05-10 11:49:31,nps_survey,ACC-0128,7.0,Set my Slack status automatically when I am in a meeting.
FB-02167,2026-05-10 15:28:11,app_store,ACC-0099,2.0,Push notifications arrive late or twice. This is really frustrating.
FB-02170,2026-05-10 15:54:26,nps_survey,ACC-0031,8.0,Love how easy it is to find a time that works for everyone.
FB-02169,2026-05-10 18:06:28,community,ACC-0305,,love how easy it is to find a time that works for everyone.
FB-02171,2026-05-10 18:52:35,nps_survey,ACC-0419,10.0,The booking links alone are worth it.
FB-02161,2026-05-10 19:03:23,app_store,ACC-0211,3.0,The app freezes every time I switch calendars on my Samsung phone. Hope this gets fixed soon.
FB-02160,2026-05-10 20:10:18,support_ticket,ACC-0467,,"Hey there, Performance on my iPhone is terrible compared to the web version. Not happy about this."
FB-02168,2026-05-10 20:48:10,nps_survey,ACC-0155,2.0,Push notifications arrive late or twice.
FB-02159,2026-05-10 21:16:27,app_store,ACC-0336,2.0,It keeps crsahing on startup after the last Android update. Not happy about this.
FB-02196,2026-05-11 07:04:48,support_ticket,ACC-0582,,"Hey there, I would like a report of how much time the team spends in meetings. Also, hard to justify the cost to my manager after the price increase. - Lukas"
FB-02193,2026-05-11 08:16:19,app_store,ACC-0536,3.0,Push notifications arrive late or twcie. Please fix this asap.
FB-02184,2026-05-11 08:26:28,app_store,ACC-0360,3.0,A 20 percent price jump with no new features is frustrating. Very annoying.
FB-02175,2026-05-11 09:12:03,support_ticket,ACC-0086,,"Add a ngiht mode option to the Android app. Best, Amara"
FB-02173,2026-05-11 10:18:37,sales_call,ACC-0163,,"Call notes (Urban Digital 44): the IT director said ""Scrolling the calendar on Android is laggy and slow."" Expansion to 40 more seats depends on this."
FB-02180,2026-05-11 10:31:37,sales_call,ACC-0328,,"Call notes (Silver Systems 59): the head of RevOps said ""We cannot renew without SAML SSO and enforced login through Azure AD."" Otherwise very happy with the product."
FB-02192,2026-05-11 10:32:49,app_store,ACC-0409,2.0,Please let me mute notifications for specific calendars. Hope this gets fixed soon.
FB-02182,2026-05-11 10:52:12,nps_survey,ACC-0153,4.0,The Pro plan now costs more than tools that do much more.
FB-02172,2026-05-11 12:04:25,community,ACC-0572,,Anyone else seeing this? Half of my Outlook events disappeared from Tempo.
FB-02189,2026-05-11 12:11:37,nps_survey,ACC-0168,6.0,Can you connect Tempo with Teams for meeting links.
FB-02174,2026-05-11 12:37:18,community,ACC-0418,,Would love a dark theme for late night planning. Would really appreciate it.
FB-02190,2026-05-11 12:51:57,app_store,ACC-0001,4.0,Set my Microsoft Teams status automatically when I am in a meeting. Thanks in advance.
FB-02179,2026-05-11 12:56:58,app_store,ACC-0152,3.0,dark mode is the only thing missing for me. would relaly appreciate it.
FB-02197,2026-05-11 13:34:36,support_ticket,ACC-0232,,"Hi team, Our team of 40 people relies on Tempo. Export to Excel would save me hours every month. Thanks! Best, Jonas"
FB-02187,2026-05-11 13:56:43,support_ticket,ACC-0215,,"Hello, Meeting times are wrong when attendees are in different time zones. Thanks, Lukas"
FB-02186,2026-05-11 16:36:15,app_store,ACC-0176,1.0,Events shift by an hour after daylight saving time. This is really frustrating.
FB-02176,2026-05-11 16:49:35,community,ACC-0282,,Feature request: Dark mode is the only thing missing for me. Would really appreciate it.
FB-02181,2026-05-11 17:49:22,sales_call,ACC-0059,,"Call notes (Urban Robotics): the IT director said ""Offboarding users by hand is a compliance risk, we need SCIM."" They mentioned evaluating competitors."
FB-02188,2026-05-11 18:00:06,nps_survey,ACC-0317,6.0,Can you connect Tempo with Slack for meeting links.
FB-02183,2026-05-11 18:14:29,support_ticket,ACC-0522,,"Hey there, Hard to justify the cost to my mangaer after the price increase. Hope this gets fixed soon. - Deniz"
FB-02191,2026-05-11 19:04:37,nps_survey,ACC-0333,5.0,"Push notifications arrive late or twice. Also, missing SSO support is a blocker in our procurement review."
FB-02177,2026-05-11 19:07:18,support_ticket,ACC-0416,,"Hello, Add a night mode optoin to the Android app. Would really appreciate it."
FB-02185,2026-05-11 19:19:55,app_store,ACC-0386,1.0,My time zone setting resets every time I travel. Not happy about this.
FB-02178,2026-05-11 20:19:02,app_store,ACC-0341,3.0,dark mode is the only thing missing for me. thanks in advacne.
FB-02194,2026-05-11 20:36:49,sales_call,ACC-0059,,"Call notes (Urban Robotics): the head of RevOps said ""We need to exprot meeting data to CSV."" Otherwise very happy with the product."
FB-02198,2026-05-11 20:52:23,nps_survey,ACC-0409,9.0,Super clean interface and very intuitive.
FB-02195,2026-05-11 21:25:36,support_ticket,ACC-0449,,"Hi Tempo support, I have been a customer for 3 months. Our finance team needs a monthly utilization report. Is this on the roadmap?"
FB-02224,2026-05-12 07:12:43,community,ACC-0445,,"Super clean interface and very intuitive. Also, it keeps crashing on startup after the last Android update. Thank you!"
FB-02222,2026-05-12 07:49:13,support_ticket,ACC-0069,,"Way too many email notifications, I am drowning in reminders. Also, paying per seat makes no sense for occasional users. Not happy about this. - Lukas"
FB-02203,2026-05-12 07:55:41,community,ACC-0025,,[Bug] The Android app crashes when I open the week view. Please fix this asap.
FB-02212,2026-05-12 09:15:52,nps_survey,ACC-0037,6.0,Dark mode is the only thing missing for me.
FB-02216,2026-05-12 10:51:18,nps_survey,ACC-0434,5.0,Hard to justify the cost to my manager after the price increase.
FB-02220,2026-05-12 10:59:25,nps_survey,ACC-0105,6.0,Can you connect Tempo with Teams for meeting links.
FB-02219,2026-05-12 11:03:35,app_store,ACC-0336,2.0,There is no way to see two time zones side by side when scheduling. This is really frustrating.
FB-02200,2026-05-12 11:51:19,support_ticket,ACC-0028,,"Hi team, We use Tempo every day. Sync keeps creating duplicate events on my calendar. Very annoying. - Kate"
FB-02218,2026-05-12 11:54:56,nps_survey,ACC-0201,2.0,The scheduler keeps showing Eastern time instead of my local time.
FB-02210,2026-05-12 15:24:10,support_ticket,ACC-0221,,Our team of 25 people relies on Tempo. I would honestly pay exrta for a dark mode. Thanks!
FB-02208,2026-05-12 15:33:07,nps_survey,ACC-0023,5.0,"The bright interface is painful at night, we need a dark mode."
FB-02201,2026-05-12 16:34:05,support_ticket,ACC-0568,,"Hi team, Tempo is central to how we plan our week. Sync keeps creating duplicate events on my calendar. Not happy about this. - Priya"
FB-02215,2026-05-12 16:45:37,app_store,ACC-0468,1.0,Hard to justify the cost to my manager after the price increase. This is really frustrating.
FB-02225,2026-05-12 17:08:14,nps_survey,ACC-0185,10.0,Best shceduling tool we have used.
FB-02221,2026-05-12 17:09:54,community,ACC-0583,,"Feedback: Every calendar change triggers an email to the whole team. Also, can we get analytics on meeitng load per person."
FB-02217,2026-05-12 17:32:44,sales_call,ACC-0335,,"Call notes (North Partners 47): the office manager said ""Meeting times are wrong when attendees are in different time zones."" Expansion to 12 more seats depends on this."
FB-02223,2026-05-12 17:39:46,community,ACC-0235,,"idea: our finance team needs a monthly utilization report. also, dark mode is the only thing missing for me. thanks!"
FB-02199,2026-05-12 17:40:17,support_ticket,ACC-0528,,"Two-way sync with Google Calendar is broken and changes take hours to appear. Not happy about this. Thanks, Sofia"
FB-02206,2026-05-12 18:25:19,app_store,ACC-0260,3.0,Scrolling the calendar on iOS is laggy and slow.
FB-02202,2026-05-12 19:33:40,app_store,ACC-0381,2.0,Meetings I create in Tempo never make it to Goolge. Please fix this asap.
FB-02207,2026-05-12 19:51:59,nps_survey,ACC-0105,5.0,The Android app takes forever to load.
FB-02205,2026-05-12 19:59:57,app_store,ACC-0438,3.0,The app hangs for ten seconds before showing my schedule.
FB-02226,2026-05-12 20:07:21,nps_survey,ACC-0575,8.0,The booking links alone are worth it.
FB-02211,2026-05-12 20:21:10,support_ticket,ACC-0265,,"Hey there, Tempo is central to how we plan our week. Please add a dark mode. Best, Priya"
FB-02213,2026-05-12 20:32:27,sales_call,ACC-0017,,"Call notes (Nova Works): the head of RevOps said ""Missing SSO support is a blocker in our procurement review."" Renewal is in 3 weeks."
FB-02214,2026-05-12 20:57:34,support_ticket,ACC-0069,,"Hello, Our team of 12 people relies on Tempo. Missing SSO support is a blocker in our procurement review. Thanks, Deniz"
FB-02204,2026-05-12 20:57:53,nps_survey,ACC-0056,6.0,The Android app crashes when I open the week view.
FB-02209,2026-05-12 21:49:38,support_ticket,ACC-0220,,"Hi team, The bright interface is painful at night, we need a dark mode."
FB-02251,2026-05-13 07:14:48,app_store,ACC-0214,4.0,Our whole company switched and nobody looked back.
FB-02245,2026-05-13 07:23:42,nps_survey,ACC-0316,8.0,I would like a report of how much time the team spends in meetings.
FB-02248,2026-05-13 07:41:14,app_store,ACC-0084,1.0,The onboarding never epxlains the difference between workspaces and teams. Not happy about this.
FB-02244,2026-05-13 08:40:02,support_ticket,ACC-0073,,"Hi Tempo support, I would like a report of how much time the team spends in meetings. Best, Chen"
FB-02246,2026-05-13 09:11:28,sales_call,ACC-0156,,"Call notes (Lucky Media 84): the IT director said ""We need to export meeting data to CSV."" Renewal is in 2 weeks."
FB-02235,2026-05-13 09:21:41,nps_survey,ACC-0462,7.0,Dark mode is the only thing missnig for me.
FB-02236,2026-05-13 09:43:14,app_store,ACC-0579,5.0,Please add a dark mode. Is this on the roadmap?
FB-02237,2026-05-13 11:12:08,support_ticket,ACC-0063,,"Hello, Our team of 25 people relies on Tempo. The bright intefrace is painful at night, we need a dark mode. Is this on the roadmap?"
FB-02228,2026-05-13 11:31:39,app_store,ACC-0443,2.0,The app freezes every time I switch calendars on my iPhone. This is really frustrating.
FB-02249,2026-05-13 12:25:29,support_ticket,ACC-0153,,"Hey there, Editing one occurrence changes the whole recurring series. Hope this gets fixed soon. - Omar"
FB-02238,2026-05-13 12:45:40,support_ticket,ACC-0194,,"Hey there, Our team of 80 people relies on Tempo. I would honestly pay extra for a dark mode. Best, Amara"
FB-02233,2026-05-13 12:56:29,app_store,ACC-0032,3.0,The mobile app drains my battery. Very annoying.
FB-02240,2026-05-13 13:04:19,community,ACC-0349,,The Pro plan now costs more than tools that do much more. Hope this gets fixed soon.
FB-02239,2026-05-13 13:22:29,support_ticket,ACC-0321,,"Offboarding users by hand is a compliance risk, we need SCIM. - Jonas"
FB-02227,2026-05-13 13:28:30,sales_call,ACC-0137,,"Call notes (Green Works 44): the IT director said ""Reconnecting iCloud does not fix the sync problem."""
FB-02250,2026-05-13 13:42:01,app_store,ACC-0372,5.0,The team availability view is fantastic.
FB-02242,2026-05-13 15:36:13,app_store,ACC-0225,1.0,Push notificatoins arrive late or twice.
FB-02230,2026-05-13 17:06:05,app_store,ACC-0157,1.0,The iOS app is so slow it is unusable on older phones. Please fix this asap.
FB-02229,2026-05-13 17:13:46,nps_survey,ACC-0078,1.0,Performance on my iPhone is terrible compared to the web version.
FB-02231,2026-05-13 19:36:41,app_store,ACC-0107,1.0,the app freezes every time i switch calendars on my older android phone.
FB-02241,2026-05-13 20:09:44,nps_survey,ACC-0505,7.0,Set my Teams status automatically when I am in a meeting.
FB-02234,2026-05-13 21:12:09,community,ACC-0453,,Bug report: Performance on my Samsung phone is terrible compared to the web version. Please fix this asap.
FB-02232,2026-05-13 21:12:32,support_ticket,ACC-0468,,"Hi Tempo support, We use Tempo every day. It keeps crashing on startup after the last Android update. Please fix this asap. - Lukas"
FB-02247,2026-05-13 21:18:44,community,ACC-0472,,"small thing, but the first-time setup does not explain how antyhing works."
FB-02243,2026-05-13 21:27:18,support_ticket,ACC-0590,,"Hello, Tempo is central to how we plan our week. I would like a report of how much time the team spends in meetings."
FB-02262,2026-05-14 08:31:23,support_ticket,ACC-0431,,"Hello, We use Tempo every day. We are considering switching because Tempo got too pricey. Also, dark mode is the only thing missing for me. Not happy about this. Thanks, Lukas"
FB-02254,2026-05-14 08:41:58,app_store,ACC-0094,2.0,The mobile app drains my battery.
FB-02267,2026-05-14 09:04:18,app_store,ACC-0239,4.0,Please add a Slack integration so reminders show up in our channels. Thanks in advance.
FB-02261,2026-05-14 09:13:16,nps_survey,ACC-0078,3.0,The Pro plan now costs more than tools that do much more.
FB-02257,2026-05-14 12:33:04,app_store,ACC-0512,3.0,the app freezes every time i switch calendars on my samsung phone. hope this gets fixed soon.
FB-02266,2026-05-14 12:34:04,nps_survey,ACC-0265,2.0,Meeting times are wrong when attendees are in different time zones.
FB-02269,2026-05-14 14:02:05,community,ACC-0125,,please add a slack integration so reminders show up in our channels. thanks in advance.
FB-02252,2026-05-14 14:16:05,support_ticket,ACC-0473,,"Hi team, My Offcie 365 calendar stopped syncing randomly. Very annoying."
FB-02258,2026-05-14 15:07:25,nps_survey,ACC-0032,5.0,"The iOS app is so slow it is unusable on older phones. Also, I would like a report of how much time the team spends in meetings."
FB-02260,2026-05-14 15:38:45,sales_call,ACC-0317,,"Call notes (Bold Studio 83): the head of RevOps said ""Please add SCIM provisioning so IT can manage users from OneLogin."" Expansion to 80 more seats depends on this."
FB-02253,2026-05-14 16:20:39,nps_survey,ACC-0394,3.0,Meetings I create in Tempo never make it to iCloud.
FB-02265,2026-05-14 16:33:11,community,ACC-0575,,the scheduler keeps showing pacific time instead of my local time. please fix this asap.
FB-02270,2026-05-14 17:04:46,community,ACC-0179,,The setup wizard skipped steps and left my workspace half configured.
FB-02271,2026-05-14 18:21:21,support_ticket,ACC-0497,,"Hey there, I have been a customer for 6 months. Love how easy it is to find a time that works for everyone. Five stars. - Maria"
FB-02263,2026-05-14 18:39:17,support_ticket,ACC-0333,,"Hi team, Tempo is central to how we plan our week. Events shift by an hour after daylight saving time. Also, single sign-on with Auzre AD is a hard requirement for us. Thanks, Amara"
FB-02256,2026-05-14 18:47:57,community,ACC-0011,,"performance on my tablet is terrible compared to the web version. also, onboarding is confusing for anyone who is not technical. please fix this asap."
FB-02259,2026-05-14 18:50:40,nps_survey,ACC-0295,5.0,I would honestly pay extra for a dark mode.
FB-02255,2026-05-14 20:17:10,app_store,ACC-0148,1.0,Tapping an event freezes the iOS app. Hope this gets fixed soon.
FB-02268,2026-05-14 21:10:11,support_ticket,ACC-0031,,"Hi Tempo support, We use Tempo every day. We live in Slack, getting alerts there would help a lot. Is this on the roadmap? Best, Lukas"
FB-02264,2026-05-14 21:48:34,sales_call,ACC-0077,,"Call notes (Iron Partners 31): the office manager said ""The scheduler keeps showing UTC instead of my local time."" Expansion to 150 more seats depends on this."
FB-02281,2026-05-15 07:02:18,nps_survey,ACC-0090,6.0,I would honestly pay extra for a dark mode.
FB-02279,2026-05-15 07:23:49,app_store,ACC-0596,4.0,any plans for a dark theme? every other app has one. would really appreciate it.
FB-02294,2026-05-15 08:18:05,community,ACC-0090,,feature request: i would like a report of how much time the team spends in meetings.
FB-02288,2026-05-15 08:46:29,app_store,ACC-0132,4.0,We would love to schedule meetings directly from Salck. Is this on the roadmap?
FB-02287,2026-05-15 10:10:03,nps_survey,ACC-0376,3.0,Invites to our Sydney office arrive with the wrong time.
FB-02273,2026-05-15 11:23:27,app_store,ACC-0034,2.0,Tapping an event freezes the iOS app. Very annoying.
FB-02290,2026-05-15 11:26:54,app_store,ACC-0578,3.0,Please let me mute notifications for specific calendars. Hope this gets fixed soon.
FB-02284,2026-05-15 11:29:53,app_store,ACC-0472,4.0,"Dark mode please, the white screen hurts my eyes."
FB-02283,2026-05-15 11:41:53,support_ticket,ACC-0042,,"Hello, Tempo is central to how we plan our week. Would love a dark theme for late night planning."
FB-02277,2026-05-15 12:11:58,support_ticket,ACC-0185,,"Hello, Tempo is central to how we plan our week. The app hangs for ten seconds before showing my schedule. This is really frustrating. Best, Amara"
FB-02276,2026-05-15 12:13:23,app_store,ACC-0133,3.0,Tapping an event freezes the iOS app. Not happy about this.
FB-02282,2026-05-15 12:40:32,app_store,ACC-0352,4.0,Please follow the system dark theme on iOS.
FB-02291,2026-05-15 12:50:03,support_ticket,ACC-0029,,"Hi team, I have been a customer for 9 months. Push notifications arrive late or twice."
FB-02289,2026-05-15 14:37:14,support_ticket,ACC-0376,,"Hi Tempo support, We live in Slack, getting alerts there would help a lot. Also, billing us for inactive seats is unfair. Is this on the roadmap? Thanks, Amara"
FB-02293,2026-05-15 18:04:27,app_store,ACC-0180,5.0,i would like a report of how much time the team spends in meteings. would really appreciate it.
FB-02272,2026-05-15 19:40:28,support_ticket,ACC-0155,,"Hey there, My iCloud calendar stopped syncing for days. This is really frustrating. - Lukas"
FB-02274,2026-05-15 19:58:24,app_store,ACC-0509,1.0,Performance on my older Android pohne is terrible compared to the web version. Hope this gets fixed soon.
FB-02280,2026-05-15 20:01:46,app_store,ACC-0354,4.0,"Dark mode please, the white screen hurts my eyes."
FB-02292,2026-05-15 20:50:15,sales_call,ACC-0557,,"Call notes (Harbor Foods 44): their CTO said ""Can we get analytics on meteing load per person."""
FB-02286,2026-05-15 20:52:50,nps_survey,ACC-0552,4.0,The price increase does not feel justified.
FB-02278,2026-05-15 20:54:03,nps_survey,ACC-0252,5.0,"Dark mode please, the white screen hurts my eyes."
FB-02295,2026-05-15 20:58:30,nps_survey,ACC-0227,9.0,"Simple, fast and reliable, exactly what we needed."
FB-02285,2026-05-15 21:21:37,nps_survey,ACC-0463,7.0,"Dark mode please, the white screen hurts my eyes."
FB-02275,2026-05-15 21:53:46,nps_survey,ACC-0417,5.0,Performance on my Pixel is terrible compared to the web version.
FB-02299,2026-05-16 07:08:26,nps_survey,ACC-0360,0.0,A 20 percent price jump with no new features is frustrating.
FB-02296,2026-05-16 07:23:56,support_ticket,ACC-0194,,I have been a customer for 18 months. Would love a dark theme for late night planning. Thanks in advance.
FB-02302,2026-05-16 08:05:30,sales_call,ACC-0328,,"Call notes (Silver Systems 59): the office manager said ""We live in Microsoft Teams, getting alerts there would help a lot."""
FB-02300,2026-05-16 09:09:31,sales_call,ACC-0105,,"Call notes (North Partners): the security lead said ""A 20 percent price jump with no new features is frustrating."" Renewal is in 6 weeks."
FB-02305,2026-05-16 11:03:25,nps_survey,ACC-0589,10.0,The booking links alone are worth it.
FB-02306,2026-05-16 12:18:22,nps_survey,ACC-0240,10.0,Super clean interface and very intuitive.
FB-02301,2026-05-16 12:27:25,sales_call,ACC-0541,,"Call notes (Bright Studio 64): the head of RevOps said ""Set my Microsoft Teams status automatically when I am in a meeting."""
FB-02303,2026-05-16 13:35:11,community,ACC-0544,,+1 for this: Export to Excel would save me hours every month.
FB-02297,2026-05-16 15:42:51,app_store,ACC-0511,5.0,Please follow the system dark theme on Android. Thanks in advance.
FB-02298,2026-05-16 20:47:16,support_ticket,ACC-0339,,"Hi Tempo support, The bright interface is painful at night, we need a dark mode. Thanks, Maria"
FB-02304,2026-05-16 21:07:48,app_store,ACC-0056,2.0,Our new hires get lost in the onboarding flow. This is really frustrating.
FB-02307,2026-05-17 07:00:29,app_store,ACC-0583,1.0,The Android app crashes when I open the week view. Please fix this asap.
FB-02313,2026-05-17 07:55:38,sales_call,ACC-0077,,"Call notes (Iron Partners 31): their CTO said ""Push notifications arrive late or twice."" Otherwise very happy with the product."
FB-02314,2026-05-17 09:28:47,app_store,ACC-0037,4.0,the booking links alone are worth it. keep up the great work!
FB-02310,2026-05-17 13:51:36,support_ticket,ACC-0212,,"Hi team, Tempo is central to how we plan our week. The new per-seat price is too expensive for a small team."
FB-02309,2026-05-17 17:36:02,community,ACC-0269,,+1 for this: Would love a dark theme for late night planning. Is this on the roadmap?
FB-02312,2026-05-17 18:00:16,support_ticket,ACC-0444,,"Hi Tmepo support, We would love to schedule meetings directly from Slack. Thanks!"
FB-02311,2026-05-17 20:22:24,support_ticket,ACC-0152,,"Hey there, Tempo is central to how we plan our week. A Microsoft Teams bot that posts the daliy agenda would be amazing. Also, please let me mute notifications for specific calendars. Would really appreciate it. Thanks, Sofia"
FB-02308,2026-05-17 21:46:20,community,ACC-0129,,please follow the system dark theme on android. thanks in advance.
FB-02315,2026-05-18 07:59:46,support_ticket,ACC-0580,,"Hey there, I have been a customer for 9 months. The mobile app takes forever to load. Very annoying."
FB-02335,2026-05-18 08:51:06,support_ticket,ACC-0185,,"Hi team, A Microsoft Teams bot that posts the daily agenda would be amazing. Would really appreciate it. Best, Chen"
FB-02336,2026-05-18 09:08:47,sales_call,ACC-0296,,"Call notes (Green Systems 51): the IT director said ""I get three reminders for every single meeting."""
FB-02317,2026-05-18 09:15:26,nps_survey,ACC-0513,5.0,It keeps crashing on startup after the last Android update.
FB-02318,2026-05-18 09:34:22,app_store,ACC-0445,2.0,Tapping an event freezes the Android app.
FB-02321,2026-05-18 10:07:11,app_store,ACC-0575,1.0,The app hangs for ten seconds before showing my schedule.
FB-02333,2026-05-18 11:17:28,app_store,ACC-0102,4.0,Can you connect Tempo with Slack for meeting links. Would really appreciate it.
FB-02341,2026-05-18 11:38:11,community,ACC-0414,,shoutout: love how easy it is to find a time that works for everyone.
FB-02334,2026-05-18 12:39:59,nps_survey,ACC-0006,7.0,Please add a Slack integration so reminders show up in our channels.
FB-02338,2026-05-18 13:03:07,community,ACC-0065,,feedback: setting up the workspace was confusing. not happy about this.
FB-02339,2026-05-18 13:28:38,nps_survey,ACC-0318,10.0,Love how easy it is to find a time that works for everyone.
FB-02329,2026-05-18 13:34:50,community,ACC-0152,,Pricing feedback: The Pro plan now costs more than tools that do much more.
FB-02316,2026-05-18 14:10:31,app_store,ACC-0287,3.0,scrolling the calendar on ios is laggy and slow.
FB-02323,2026-05-18 14:25:46,support_ticket,ACC-0074,,"Tempo is central to how we plan our week. Performance on my iPhone is terrible compared to the web version. Not happy about this. Thanks, Priya"
FB-02337,2026-05-18 16:16:05,nps_survey,ACC-0131,5.0,Our finance team needs a monthly utilization report.
FB-02319,2026-05-18 16:23:15,support_ticket,ACC-0203,,"We use Tempo every day. Tapping an event freezes the Android app. Also, please let me mute notifications for specific calendars. Very annoying. Best, Priya"
FB-02324,2026-05-18 16:29:26,community,ACC-0147,,I would honeslty pay extra for a dark mode. Thanks!
FB-02342,2026-05-18 17:21:43,community,ACC-0223,,Shoutout: Tempo svaes me hours every week. Five stars.
FB-02332,2026-05-18 17:31:03,support_ticket,ACC-0348,,"Hello, I have been a customer for 18 months. There is no way to see two time zones side by side when scheduling. Also, would love a dark theme for late night planning. Thanks, Amara"
FB-02322,2026-05-18 18:26:23,app_store,ACC-0383,2.0,Performance on my Pixel is terrible compared to the web version. Hope this gets fixed soon.
FB-02331,2026-05-18 18:42:10,support_ticket,ACC-0490,,"Hi team, Meeting tiems are wrong when attendees are in different time zones. Very annoying. - Chen"
FB-02327,2026-05-18 20:21:52,support_ticket,ACC-0314,,Our team of 12 people relies on Tempo. Please follow the system dark theme on mobile. - Priya
FB-02326,2026-05-18 20:23:30,community,ACC-0158,,Feature request: Dark mode is the only thing missing for me. Is this on the roadmap?
FB-02328,2026-05-18 20:37:15,app_store,ACC-0279,3.0,paying per seat makes no sense for occasional users. very annoying.
FB-02320,2026-05-18 21:06:04,app_store,ACC-0365,1.0,Scrolling the calendar on Android is laggy and slow. Hope this gets fixed soon.
FB-02340,2026-05-18 21:14:57,app_store,ACC-0326,4.0,the team availbaility view is fantastic. keep up the great work!
FB-02330,2026-05-18 21:37:42,support_ticket,ACC-0573,,"Hi team, The scheduler keeps showing GMT instead of my local time. Please fix this asap."
FB-02325,2026-05-18 21:57:13,app_store,ACC-0038,3.0,"The bright interface is painful at night, we need a dark mode. Wuold really appreciate it."
FB-02348,2026-05-19 07:17:10,nps_survey,ACC-0077,4.0,A 20 percent price jump with no new features is frustrating.
FB-02347,2026-05-19 08:25:49,app_store,ACC-0381,4.0,Please follow the system dark theme on Android.
FB-02349,2026-05-19 09:49:15,sales_call,ACC-0435,,"Call notes (North Logistics 63): the security lead said ""Events shift by an hour afetr daylight saving time."" They mentioned evaluating competitors."
FB-02343,2026-05-19 10:29:07,support_ticket,ACC-0249,,"Hello, The sync status is stuck on syncing forever. Hope this gets fixed soon."
FB-02355,2026-05-19 12:28:52,community,ACC-0357,,Shoutout: Our whole company switched and nobody looked back. Thank you!
FB-02353,2026-05-19 13:05:50,sales_call,ACC-0484,,"Call notes (Clear Logistics 33): the security lead said ""A dashboard showing meeting hours by team would be great."" Renewal is in 6 weeks."
FB-02351,2026-05-19 16:52:50,community,ACC-0323,,Feedback: Please let me mute notifications for specific calendars. Very annoying.
FB-02350,2026-05-19 17:20:16,app_store,ACC-0163,4.0,Set my Teams status automatically when I am in a meeting.
FB-02345,2026-05-19 17:50:01,support_ticket,ACC-0503,,"Our team of 80 people relies on Tempo. Any plans for a dark theme? every other app has one. Best, Lukas"
FB-02354,2026-05-19 18:18:45,app_store,ACC-0395,1.0,Setting up the workspace was confusing.
FB-02352,2026-05-19 19:19:52,support_ticket,ACC-0181,,"Hey there, Can we get analytics on meeting load per person. Thanks in advance."
FB-02344,2026-05-19 21:34:12,app_store,ACC-0366,2.0,The Android app takes forever to load. Please fix this asap.
FB-02346,2026-05-19 21:43:09,support_ticket,ACC-0106,,"Hi team, Please follow the system dark theme on Andorid. Best, Deniz"
FB-02361,2026-05-20 07:09:00,app_store,ACC-0544,2.0,the mobile app is so slow it is unusable on older phones. hope this gets fixed soon.
FB-02360,2026-05-20 08:11:15,app_store,ACC-0599,2.0,the app hangs for ten seconds before showing my schedule. very annoying.
FB-02369,2026-05-20 08:22:08,support_ticket,ACC-0162,,"Hi team, Tempo is central to how we plan our week. Set my Slack status automatically when I am in a meeting. Is this on the roadmap? Best, Amara"
FB-02365,2026-05-20 08:32:27,support_ticket,ACC-0082,,"Hello, We need SAML single sign-on before we can roll out to more teams. Would really appreciate it. Thanks, Sofia"
FB-02372,2026-05-20 09:18:56,support_ticket,ACC-0167,,"Hi Tempo support, Best scheduling tool we have used. Five stars."
FB-02358,2026-05-20 09:50:01,app_store,ACC-0555,1.0,tapping an event freezes the mobile app. not happy about this.
FB-02362,2026-05-20 10:00:17,app_store,ACC-0425,1.0,the mobile app drains my battery.
FB-02367,2026-05-20 10:11:43,app_store,ACC-0366,2.0,We are considering switching because Tempo got too pricey. This is really frustrating.
FB-02363,2026-05-20 10:15:01,community,ACC-0344,,Anyone else seeing this? The Android app crashes when I open the week view. Please fix this asap.
FB-02359,2026-05-20 14:03:38,support_ticket,ACC-0083,,"Hi Tempo support, Tempo is central to how we plan our week. The iOS app crashes when I open the week view. Very annoying. Best, Chen"
FB-02371,2026-05-20 15:13:07,community,ACC-0295,,shoutout: the team availability view is fantastic. five stars.
FB-02370,2026-05-20 16:46:05,community,ACC-0105,,"Can we get analytics on meeting load per person. Also, chanigng one recurring meeting creates extra copies of the whole series. Thanks!"
FB-02368,2026-05-20 19:04:04,app_store,ACC-0293,3.0,events shift by an hour after daylight saving time. very annoying.
FB-02356,2026-05-20 20:03:07,support_ticket,ACC-0452,,"Hi Tempo support, Our team of 25 people releis on Tempo. The sync status is stuck on syncing forever. Also, the mobile app drains my battery."
FB-02357,2026-05-20 21:03:23,sales_call,ACC-0082,,"Call notes (North Ventures 86): the IT director said ""Sync keeps creating duplicate events on my calendar."" Expansion to 25 more seats depends on this."
FB-02366,2026-05-20 21:05:02,app_store,ACC-0091,2.0,Hard to justify the cost to my manager after the price increase.
FB-02364,2026-05-20 21:53:36,sales_call,ACC-0346,,"Call notes (Iron Analytics 5): their CTO said ""Please add SCIM provisioning so IT can manage users from Google Workspace."" They mentioned evaluating competitors."
FB-02384,2026-05-21 07:17:10,nps_survey,ACC-0259,0.0,"Notification settings are too coarse, it is all or nothing."
FB-02377,2026-05-21 07:39:28,app_store,ACC-0159,1.0,It keeps crashing on startup after the last iOS update.
FB-02374,2026-05-21 08:40:52,nps_survey,ACC-0033,5.0,The iOS app takes forever to load.
FB-02373,2026-05-21 09:38:21,sales_call,ACC-0402,,"Call notes (North Partners 2): the office manager said ""Deleted meetings keep coming back after every sync."" Expansion to 80 more seats depends on this."
FB-02383,2026-05-21 11:12:17,nps_survey,ACC-0423,0.0,Please let me mute notifications for specific calnedars.
FB-02375,2026-05-21 12:11:02,support_ticket,ACC-0309,,"Tempo is central to how we plan our week. It keeps crashing on startup after the last mobile update. Not happy about this. Best, Kate"
FB-02382,2026-05-21 12:26:14,community,ACC-0456,,My time zone setting resets every time I traevl. Not happy about this.
FB-02381,2026-05-21 12:26:56,support_ticket,ACC-0331,,"Hi team, Tempo is central to how we plan our week. Hard to justify the cost to my manager after the price increase. Thanks, Lukas"
FB-02379,2026-05-21 13:28:02,support_ticket,ACC-0586,,"Hi Tempo support, Tempo is central to how we plan our week. IT wants to manage access through Google Workspace, is SSO on the roadmap. Thanks! Thanks, Amara"
FB-02378,2026-05-21 13:43:15,app_store,ACC-0367,4.0,Any plans for a dark theme? every other app has one. Thanks!
FB-02386,2026-05-21 14:50:18,community,ACC-0262,,"Small thing, but I cannot turn off the daily digest emails. Very annoying."
FB-02385,2026-05-21 15:05:47,support_ticket,ACC-0150,,"I have been a customer for 18 months. Every calendar change triggers an email to the whole team. Please fix this asap. Best, Lukas"
FB-02380,2026-05-21 16:59:21,support_ticket,ACC-0528,,"Hey there, I have been a customer for 18 months. Please add SCIM provisioning so IT can manage users from Okta."
FB-02376,2026-05-21 17:41:00,app_store,ACC-0363,1.0,Tapping an event freezes the mobile app. Very annoying.
FB-02389,2026-05-21 18:40:14,app_store,ACC-0359,4.0,great product and the support team is very responsive.
FB-02388,2026-05-21 18:44:49,app_store,ACC-0290,3.0,Can we get analytics on meeting load per person. Is this on the roadmap?
FB-02387,2026-05-21 20:48:33,nps_survey,ACC-0571,7.0,A dashboard showing meeting hours by team would be great.
FB-02396,2026-05-22 07:15:30,app_store,ACC-0255,4.0,Please follow the system dark theme on Android. Thanks in advance.
FB-02394,2026-05-22 07:29:41,app_store,ACC-0461,3.0,Any plans for a dark theme? every other app has one. Would really appreciate it.
FB-02392,2026-05-22 08:34:07,app_store,ACC-0353,2.0,The app freezes every time I switch calendars on my Pixel. Very annoying.
FB-02407,2026-05-22 09:50:18,nps_survey,ACC-0131,5.0,"Please add an API endpoint for exporting events. Also, the new recurring event editor will not let me set custom repeats."
FB-02405,2026-05-22 10:01:40,nps_survey,ACC-0555,5.0,"Notification settings are too coarse, it is all or nothing."
FB-02397,2026-05-22 10:04:33,app_store,ACC-0307,5.0,"The bright interface is painful at night, we need a dark mode. Is this on the roadmap?"
FB-02403,2026-05-22 10:16:06,support_ticket,ACC-0369,,"Hi team, We use Tempo every day. I get three reminders for every single meeting. This is really frustrating. - Omar"
FB-02390,2026-05-22 10:50:20,support_ticket,ACC-0567,,"Hello, I have been a customer for 9 months. The iOS app is so slow it is unusable on older phones. Thanks, Priya"
FB-02411,2026-05-22 10:57:37,support_ticket,ACC-0508,,"Hello, Our team of 150 people relies on Tempo. Changing one recurring meeting creates extra copies of the whole series. Hope this gets fiexd soon. - Deniz"
FB-02398,2026-05-22 11:13:04,support_ticket,ACC-0598,,"Hi Tempo support, Our team of 25 people relies on Tempo. Please offer a cheaper plan for nonprofits. Hope this gets fixed soon. Best, Sofia"
FB-02402,2026-05-22 11:28:59,app_store,ACC-0561,4.0,"We live in Slack, getting alerts there would help a lot. Would really appreciate it."
FB-02401,2026-05-22 12:57:36,community,ACC-0237,,Set my Teams status automatically when I am in a meeting. Would really appreciate it.
FB-02399,2026-05-22 13:02:41,app_store,ACC-0465,2.0,Please offer a cheaper plan for nonprofits. Hope this gets fixed soon.
FB-02414,2026-05-22 13:13:01,app_store,ACC-0521,4.0,our whole company switched and nobody looked back.
FB-02400,2026-05-22 13:57:28,app_store,ACC-0465,3.0,please offer a cheaper plan for nonprofits. hope this gets fixed soon.
FB-02415,2026-05-22 14:51:39,community,ACC-0302,,"The booking links alone are worth it. Also, the bright interface is painful at night, we need a dark mode."
FB-02410,2026-05-22 14:55:40,nps_survey,ACC-0534,6.0,The setup wizard skipped steps and left my workspace half configured.
FB-02391,2026-05-22 16:13:05,nps_survey,ACC-0374,6.0,"The app freezes every time I switch calendars on my iPhone. Also, I would like a report of how much time the team spends in meetings."
FB-02393,2026-05-22 16:35:08,app_store,ACC-0278,1.0,Scrolling the calendar on Android is laggy and slow. Please fix this asap.
FB-02406,2026-05-22 17:01:18,sales_call,ACC-0209,,"Call notes (Iron Health 17): the VP of Operations said ""Can we get analytics on meeting load per person."" Renewal is in 2 weeks."
FB-02412,2026-05-22 17:10:05,support_ticket,ACC-0009,,"We use Tempo every day. Simple, fast and reliable, exactly what we needed."
FB-02413,2026-05-22 17:10:33,nps_survey,ACC-0168,8.0,"Simple, fast and reliable, exactly what we needed."
FB-02409,2026-05-22 20:58:55,app_store,ACC-0583,1.0,The onboarding never explains the difference between worskpaces and teams. Hope this gets fixed soon.
FB-02395,2026-05-22 21:17:10,app_store,ACC-0250,3.0,Would love a dark theme for late night planning. Would really appreciate it.
FB-02408,2026-05-22 21:41:14,sales_call,ACC-0347,,"Call notes (Blue Robotics 26): the head of RevOps said ""Can we get analytics on meeting load per person."" Expansion to 150 more seats depends on this."
FB-02404,2026-05-22 21:44:50,nps_survey,ACC-0452,5.0,I get three reminders for every single meeting.
FB-02420,2026-05-23 07:33:21,support_ticket,ACC-0553,,A Slack bot that posts the daily agenda would be amazing.
FB-02423,2026-05-23 12:12:25,nps_survey,ACC-0377,9.0,"Simple, fast and reliable, exactly what we needed."
FB-02421,2026-05-23 12:53:39,support_ticket,ACC-0105,,"Hello, Push notifications arrive late or twice. Best, Deniz"
FB-02418,2026-05-23 13:30:03,sales_call,ACC-0082,,"Call notes (North Ventures 86): the IT director said ""A 20 percent price jump with no new features is frustrating."" Expansion to 80 more seats depends on this."
FB-02422,2026-05-23 15:42:29,nps_survey,ACC-0217,1.0,Onboarding is confusing for anyone who is not technical.
FB-02419,2026-05-23 16:04:19,support_ticket,ACC-0489,,"Hi Tempo supoprt, Set my Microsoft Teams status automatically when I am in a meeting. Best, Priya"
FB-02417,2026-05-23 18:41:33,support_ticket,ACC-0296,,"Hey there, Tempo is central to how we plan our week. IT wants to manage access through Azure AD, is SSO on the roadmap. Best, Jonas"
FB-02416,2026-05-23 21:20:21,app_store,ACC-0070,4.0,"dark mode please, the white screen hurts my eyes. is this on the roadmap?"
FB-02428,2026-05-24 09:27:16,community,ACC-0494,,Please offer a cheaper plan for nonprofits. This is really frustrating.
FB-02430,2026-05-24 12:07:23,sales_call,ACC-0587,,"Call notes (Nova Robotics 16): the office manager said ""Invites to our Sydney office arrive with the wrong time."" Otherwise very happy with the product."
FB-02431,2026-05-24 13:07:01,support_ticket,ACC-0278,,"Hey there, Tempo is central to how we plan our week. The scheduler keeps shoiwng UTC instead of my local time. Thanks, Omar"
FB-02427,2026-05-24 15:27:53,app_store,ACC-0275,4.0,dark mode is the only thing missing for me. thanks in advance.
FB-02424,2026-05-24 15:34:37,community,ACC-0254,,[Bug] The sync status is stuck on syncing forever. Not happy aobut this.
FB-02426,2026-05-24 17:01:06,support_ticket,ACC-0370,,"Hi Tempo support, Tempo is central to how we plan our week. Any plans for a dark theme? every other app has one. Would really appreciate it. Best, Priya"
FB-02425,2026-05-24 19:45:53,nps_survey,ACC-0371,5.0,The Android app takes forever to load.
FB-02434,2026-05-24 20:52:41,nps_survey,ACC-0243,9.0,The team availability view is fantastic.
FB-02433,2026-05-24 20:58:55,community,ACC-0235,,Tempo saves me hours every week.
FB-02429,2026-05-24 21:13:53,nps_survey,ACC-0347,1.0,Paying per seat makes no sense for occasional users.
FB-02432,2026-05-24 21:43:02,nps_survey,ACC-0324,5.0,"Can you connect Tempo with Microsoft Teams for meeting links. Also, the setup wizard skipped steps and left my workspace half configured."
FB-02450,2026-05-25 07:14:41,app_store,ACC-0539,3.0,"We live in Slack, getting alerts there would help a lot. Would really appreciate it."
FB-02455,2026-05-25 07:53:21,sales_call,ACC-0586,,"Call notes (Iron Capital 45): the office manager said ""Editing one occurrence changes the whole recurring series."" Otherwise very happy with the product."
FB-02442,2026-05-25 08:05:57,app_store,ACC-0238,4.0,add a night mode option to the mobile app. thanks in advance.
FB-02438,2026-05-25 08:29:17,nps_survey,ACC-0095,6.0,The app freezes every time I switch calendars on my Samsung phone.
FB-02440,2026-05-25 09:19:33,app_store,ACC-0118,3.0,dark mode is the only thing missing for me. thanks in advance.
FB-02444,2026-05-25 10:07:40,community,ACC-0594,,Pricing feedback: A 20 percent price jump with no new features is frustrating. Please fix this asap.
FB-02451,2026-05-25 10:40:31,support_ticket,ACC-0083,,"Hi Tempo support, Our team of 12 people relies on Tempo. I cannot turn off the daily digest emails. Not happy about this. - Jnoas"
FB-02435,2026-05-25 11:18:05,community,ACC-0042,,Sync keeps creating duplicate events on my calendar. Please fix this asap.
FB-02452,2026-05-25 12:01:46,community,ACC-0023,,"small thing, but notification settings are too coarse, it is all or nothing. also, onboarding is confusing for anyone who is not technical."
FB-02448,2026-05-25 12:14:44,nps_survey,ACC-0181,6.0,"The new per-seat price is too expensive for a small team. Also, can you connect Tempo with Slack for meeting links."
FB-02458,2026-05-25 12:25:11,app_store,ACC-0090,4.0,The booking links alone are worth it. Five stars.
FB-02456,2026-05-25 12:37:13,support_ticket,ACC-0267,,"Hi team, I have been a customer for 9 months. Best scheduling tool we have used. Keep up the great work!"
FB-02454,2026-05-25 12:47:21,support_ticket,ACC-0364,,I have been a customer for 6 months. Setting up the workspace was confusing. - Amara
FB-02437,2026-05-25 12:59:16,nps_survey,ACC-0422,2.0,The mobile app drains my battery.
FB-02453,2026-05-25 13:13:52,support_ticket,ACC-0493,,"Hello, We use Tmepo every day. I would like a report of how much time the team spends in meetings. Thanks! Best, Deniz"
FB-02447,2026-05-25 13:16:20,sales_call,ACC-0297,,"Call notes (Harbor Works 65): the head of RevOps said ""Paying per seat makes no sense for occasional users."""
FB-02457,2026-05-25 15:50:33,nps_survey,ACC-0347,8.0,Love how easy it is to find a time that works for eevryone.
FB-02443,2026-05-25 17:31:39,nps_survey,ACC-0390,3.0,Billing us for inactive seats is unfair.
FB-02441,2026-05-25 17:52:22,community,ACC-0362,,"Feature request: The bright interface is painful at night, we need a dark mode. Thanks in advance."
FB-02445,2026-05-25 18:05:33,support_ticket,ACC-0465,,"Hi Tempo support, Paying per seat makes no sense for occasional users. Very annoying. Best, Priya"
FB-02446,2026-05-25 18:48:36,nps_survey,ACC-0535,6.0,The new per-seat price is too expensive for a small team.
FB-02436,2026-05-25 18:54:39,support_ticket,ACC-0369,,"Hello, My Outlook calendar stopped syncing since Tuesday. Plaese fix this asap. Thanks, Maria"
FB-02449,2026-05-25 19:58:01,support_ticket,ACC-0317,,"Hey there, We use Tempo every day. The scheduler keeps showing UTC instead of my local time. - Chen"
FB-02439,2026-05-25 21:47:50,community,ACC-0521,,Tapping an event freezes the mobile app. This is really frustrating.
FB-02464,2026-05-26 08:04:04,sales_call,ACC-0373,,"Call notes (Blue Labs 42): the IT director said ""Single sign-on with Okta is a hard requirement for us."" They mentioned evaluating competitors."
FB-02462,2026-05-26 09:04:01,community,ACC-0110,,idea: add a night mode option to the ios app. is this on the roadmap?
FB-02476,2026-05-26 09:48:31,app_store,ACC-0235,5.0,best scheduling tool we have used.
FB-02474,2026-05-26 09:51:47,app_store,ACC-0590,2.0,"Notification settings are too coarse, it is all or nothing. Very annoying."
FB-02475,2026-05-26 10:59:21,support_ticket,ACC-0200,,"Hello, We use Tempo every day. The new recurring event editor will not let me set custom repeats. Not happy about this. Thanks, Deniz"
FB-02463,2026-05-26 11:00:18,nps_survey,ACC-0425,6.0,"Any plnas for a dark theme? every other app has one. Also, the Android app is so slow it is unusable on older phones."
FB-02460,2026-05-26 11:07:24,support_ticket,ACC-0229,,"Hey there, We use Tempo every day. Scrolling the calendar on iOS is laggy and slow. Not happy about this."
FB-02468,2026-05-26 12:50:21,support_ticket,ACC-0101,,"Hi Tempo support, It is confusing which time zone the booking link uses. Very annoying. - Maria"
FB-02461,2026-05-26 13:54:21,nps_survey,ACC-0260,1.0,The mobile app drains my battery.
FB-02470,2026-05-26 14:18:36,community,ACC-0198,,feature request: an integration with slack is the main thing missing for our team. thanks!
FB-02473,2026-05-26 15:16:12,community,ACC-0368,,+1 for this: a microsoft teams bot that posts the daily agenda would be amazing. thanks!
FB-02472,2026-05-26 15:38:46,support_ticket,ACC-0202,,"Hey there, Please add a Teams integration so reminders show up in our channels. Best, Omar"
FB-02459,2026-05-26 17:04:06,app_store,ACC-0250,2.0,The mobile app drains my battery. Very annoying.
FB-02467,2026-05-26 17:41:13,support_ticket,ACC-0163,,"Hey there, We use Tempo every day. Paying per seat makes no sense for occasional users. Best, Kate"
FB-02477,2026-05-26 18:15:26,community,ACC-0234,,"Shoutout: Best scheduling tool we have used. Also, IT wants to manage access through OneLogin, is SSO on the roadmap. Five stars."
FB-02465,2026-05-26 20:52:55,support_ticket,ACC-0373,,"Hi team, Offboarding users by hand is a compliance risk, we need SCIM. Also, please let me mute notifications for specific calendars. Is this on the roadmap? Best, Maria"
FB-02471,2026-05-26 20:59:11,support_ticket,ACC-0085,,"Hi team, Can you connect Tempo with Teams for meeting links. Would really appreciate it. Thanks, Maria"
FB-02466,2026-05-26 21:03:47,community,ACC-0599,,We are considering switching because Tempo got too pricey. Hope this gets fixed soon.
FB-02469,2026-05-26 21:47:45,support_ticket,ACC-0183,,"Our team of 12 people rleies on Tempo. The scheduler keeps showing UTC instead of my local time. Thanks, Kate"
FB-02480,2026-05-27 07:11:04,support_ticket,ACC-0259,,"Hi Tempo support, My Office 365 calendar stopped syncing randomly. Hope this gets fixed soon. Best, Lukas"
FB-02483,2026-05-27 07:27:20,community,ACC-0279,,Pricing feedback: We are considering switching because Tempo got too pricey.
FB-02490,2026-05-27 08:15:02,app_store,ACC-0311,5.0,Tempo saves me hours every week.
FB-02486,2026-05-27 10:23:54,app_store,ACC-0067,1.0,push notifications arrive late or twice. not happy about this.
FB-02482,2026-05-27 11:28:23,app_store,ACC-0477,1.0,The Pro plan now costs more than tolos that do much more. This is really frustrating.
FB-02478,2026-05-27 14:06:47,support_ticket,ACC-0205,,"Hi team, Half of my Google Calendar events disappeared from Tempo."
FB-02485,2026-05-27 15:30:17,app_store,ACC-0117,1.0,i cannot turn off the daily digest emails.
FB-02479,2026-05-27 15:50:10,support_ticket,ACC-0575,,"Hello, Tempo is central to how we plan our week. Office 365 sync fails with an error every morning. Very annoying. Thanks, Maria"
FB-02489,2026-05-27 15:58:18,nps_survey,ACC-0470,8.0,Our whole company switched and nobody looked back.
FB-02481,2026-05-27 19:13:29,app_store,ACC-0284,2.0,it keeps crashing on startup after the last android update. please fix this asap.
FB-02488,2026-05-27 19:46:13,sales_call,ACC-0208,,"Call notes (Iron Analytics): the VP of Operations said ""We need to export meeting data to CSV."" Renewal is in 8 weeks."
FB-02484,2026-05-27 19:52:13,app_store,ACC-0477,4.0,An integration with Teams is the main thing missing for our team. Thanks!
FB-02487,2026-05-27 21:38:09,support_ticket,ACC-0473,,Please add an API endpoint for exporting events. Would really appreciate it. - Lukas
FB-02508,2026-05-28 07:55:20,nps_survey,ACC-0105,6.0,We need to export meeting data to CSV.
FB-02510,2026-05-28 08:02:38,community,ACC-0579,,"no guidance during setup, i did not know where to start. also, i get three reminders for every single meeting. hope this gets fixed soon."
FB-02501,2026-05-28 08:07:35,app_store,ACC-0409,1.0,A 20 percent price jump with no new features is frustrating. This is really frustrating.
FB-02512,2026-05-28 08:12:51,app_store,ACC-0503,4.0,Best scheduling tool we have used. Keep up the great work!
FB-02504,2026-05-28 08:15:47,support_ticket,ACC-0439,,"Hi team, Tempo is central to how we plan our week. An integration with Teams is the main thing missing for our team. Would really appreciate it."
FB-02495,2026-05-28 08:47:27,app_store,ACC-0555,2.0,the app hangs for ten seconds before showing my schedule.
FB-02505,2026-05-28 09:16:29,support_ticket,ACC-0505,,"Hi Tempo support, We would love to schedule meetings directly from Teams. Thanks! Thanks, Amara"
FB-02493,2026-05-28 09:44:13,nps_survey,ACC-0273,2.0,The app freezes every time I switch calendars on my tablet.
FB-02506,2026-05-28 09:44:26,nps_survey,ACC-0467,5.0,I cannot turn off the daily digest emails.
FB-02496,2026-05-28 11:17:25,community,ACC-0275,,[bug] scrolling the calendar on mobile is laggy and slow.
FB-02499,2026-05-28 12:37:33,nps_survey,ACC-0137,0.0,"Please offer a cheaper plan for nnoprofits. Also, offboarding users by hand is a compliance risk, we need SCIM."
FB-02498,2026-05-28 12:50:26,app_store,ACC-0266,4.0,"Dark mode please, the white screen hurts my eyes."
FB-02511,2026-05-28 12:57:30,nps_survey,ACC-0125,8.0,Love how easy it is to find a time that works for everyone.
FB-02502,2026-05-28 15:06:39,sales_call,ACC-0582,,"Call notes (Rapid Digital 97): the VP of Operations said ""It is confusing which time zone the booking link uses."" Otherwise very happy with the product."
FB-02491,2026-05-28 16:52:58,community,ACC-0423,,Reconnecting Google does not fix the sync problem. This is really frustrating.
FB-02497,2026-05-28 17:00:41,community,ACC-0238,,Bug rpeort: The iOS app crashes when I open the week view. Please fix this asap.
FB-02507,2026-05-28 17:18:08,sales_call,ACC-0316,,"Call notes (Bright Health 60): the security lead said ""Can we get analytics on meeting load per person."" Expansion to 80 more seats depends on this."
FB-02500,2026-05-28 17:41:00,support_ticket,ACC-0387,,"Hello, Tempo is central to how we plan our week. A 20 percent price jump with no new features is frustrating. Best, Priya"
FB-02494,2026-05-28 18:21:38,support_ticket,ACC-0462,,"Hello, The app hangs for ten seconds before showing my schedule. Thanks, Pryia"
FB-02503,2026-05-28 19:25:54,app_store,ACC-0108,3.0,The scheduler keeps showing Eastern time instead of my local time. Please fix this asap.
FB-02509,2026-05-28 20:38:12,support_ticket,ACC-0477,,"Hi team, I have been a customer for 18 months. No guidance during setup, I did not know whree to start. This is really frustrating. Best, Chen"
FB-02492,2026-05-28 20:41:18,community,ACC-0074,,Bug report: The mobile app crashes when I open the week view. Very annoying.
FB-02524,2026-05-29 08:51:42,app_store,ACC-0248,3.0,Set my Teams status automatically when I am in a meeting. Is this on the roadamp?
FB-02529,2026-05-29 09:18:07,app_store,ACC-0047,1.0,Our new hires get lost in the onboarding flow. Please fix this asap.
FB-02516,2026-05-29 09:56:21,app_store,ACC-0030,3.0,Please follow the system dark theme on Android. Thanks!
FB-02525,2026-05-29 10:15:44,app_store,ACC-0465,2.0,Push notifications arrive late or twice. This is really frustrating.
FB-02520,2026-05-29 10:34:39,community,ACC-0532,,Pricing feedback: Paying per seat makes no sense for occasional users. Very annoying.
FB-02514,2026-05-29 10:35:56,app_store,ACC-0469,4.0,please add a dark mode.
FB-02515,2026-05-29 10:50:31,nps_survey,ACC-0199,6.0,"The bright interface is painful at night, we need a dark mode. Also, billing us for inactive seats is unfair."
FB-02518,2026-05-29 11:45:49,sales_call,ACC-0484,,"Call notes (Clear Logistics 33): the VP of Operations said ""IT wants to manage access through OneLogin, is SSO on the roadmap."" They mentioned evaluating competitors."
FB-02519,2026-05-29 12:45:40,sales_call,ACC-0137,,"Call notes (Green Works 44): the security lead said ""Offboarding users by hand is a compliance risk, we need SCIM."" Renewal is in 3 weeks."
FB-02523,2026-05-29 15:06:51,sales_call,ACC-0347,,"Call notes (Blue Robotics 26): the head of RevOps said ""Meeting times are wrong when attendees are in different time zones."" They mentioned evaluating competitors."
FB-02532,2026-05-29 15:53:55,nps_survey,ACC-0544,4.0,It took me an hour of setup to figure out how to invite my team.
FB-02533,2026-05-29 17:31:46,app_store,ACC-0258,1.0,The repeat every other week option is broken.
FB-02521,2026-05-29 18:03:48,nps_survey,ACC-0152,6.0,Billing us for inacitve seats is unfair.
FB-02526,2026-05-29 18:43:21,support_ticket,ACC-0102,,"Hi Tempo support, I have been a customer for 3 months. Please let me mute notifications for specific calendars. Also, there is no way to see two time zones side by side when scheduling. Very annoying."
FB-02534,2026-05-29 19:25:44,nps_survey,ACC-0285,9.0,The team availability view is fantastic.
FB-02535,2026-05-29 20:12:49,app_store,ACC-0440,5.0,"simple, fast and reliable, exactly what we needed."
FB-02530,2026-05-29 20:24:47,app_store,ACC-0523,2.0,"No guidance during setup, I did not know where to start. Hope this gets fixed soon."
FB-02527,2026-05-29 20:54:07,support_ticket,ACC-0001,,"Hey there, We use Tempo every day. I get three reminders for every single meeting."
FB-02531,2026-05-29 21:01:03,support_ticket,ACC-0388,,"Hello, We use Tempo every day. It took me an hour of setup to figure out how to invite my team. Not happy about this. Best, Priya"
FB-02513,2026-05-29 21:03:41,app_store,ACC-0100,3.0,Tapping an event freezes the mobile app.
FB-02522,2026-05-29 21:25:45,app_store,ACC-0575,2.0,Please offer a cheaper plan for nonprofits. Please fix this asap.
FB-02528,2026-05-29 21:36:13,nps_survey,ACC-0185,7.0,"Export to Excel would save me hours every month. Also, changing one recurring meetnig creates extra copies of the whole series."
FB-02517,2026-05-29 21:44:26,support_ticket,ACC-0544,,"Our team of 40 people relies on Tempo. I would honestly pay extra for a dark mode. Best, Jonas"
FB-02536,2026-05-30 08:47:21,app_store,ACC-0238,3.0,The app hangs for ten seconds beofre showing my schedule. Please fix this asap.
FB-02540,2026-05-30 14:45:42,nps_survey,ACC-0486,5.0,"Way too many email notifications, I am drowning in reminders."
FB-02538,2026-05-30 17:48:23,nps_survey,ACC-0059,8.0,Missing SSO support is a blocker in our procurement review.
FB-02541,2026-05-30 19:52:25,support_ticket,ACC-0126,,"Hello, I have been a customer for 6 months. The new recurring event editor will not let me set custom repeats. Hope this gets fixed soon. - Deniz"
FB-02537,2026-05-30 20:09:54,support_ticket,ACC-0448,,"Please add a dark mode. Would really appreciate it. Thanks, Amara"
FB-02539,2026-05-30 21:16:13,support_ticket,ACC-0335,,"Hi Tempo support, Tempo is central to how we plan our week. Set my Teams status automatically when I am in a meeting. Is this on the roadmap? Best, Chen"
FB-02543,2026-05-31 07:06:19,support_ticket,ACC-0108,,"Hey there, Please add a dark mode. Thanks in advance. Best, Maria"
FB-02542,2026-05-31 14:26:41,support_ticket,ACC-0228,,"Hey there, Tempo is central to how we plan our week. Performance on my Samsung phone is terrible compared to the web version. Very annoying."
FB-02546,2026-05-31 15:01:55,app_store,ACC-0408,1.0,the setup wizard skipped steps and left my workspace half configured.
FB-02547,2026-05-31 15:42:40,nps_survey,ACC-0347,10.0,Love how easy it is to find a time that wroks for everyone.
FB-02544,2026-05-31 16:17:01,support_ticket,ACC-0557,,"Hello, Our team of 5 people relies on Tempo. Paying per seat makes no sense for occasional users. Thanks, Sofia"
FB-02545,2026-05-31 16:23:07,support_ticket,ACC-0020,,"Hi team, We use Tempo evrey day. It is confusing which time zone the booking link uses."
FB-02548,2026-05-31 18:54:00,nps_survey,ACC-0539,10.0,"Simple, fast and reliable, exatcly what we needed. Also, my time zone setting resets every time I travel."
FB-02549,2026-06-01 07:56:41,app_store,ACC-0151,2.0,It keeps crashing on statrup after the last Android update. Please fix this asap.
FB-02557,2026-06-01 09:45:49,support_ticket,ACC-0424,,"Hello, Set my Teams status automatically when I am in a meeting. Is this on the roadmap? - Amara"
FB-02554,2026-06-01 11:13:59,sales_call,ACC-0208,,"Call notes (Iron Analytics): the IT director said ""IT wants to manage access through Google Workspace, is SSO on the roadmap."" Expansion to 5 more seats depends on this."
FB-02552,2026-06-01 11:15:33,app_store,ACC-0532,4.0,please follow the system dark theme on android. thanks!
FB-02564,2026-06-01 13:38:34,community,ACC-0372,,Feedback: The onboarding never explains the difference between workspaces and teams. Not happy about this.
FB-02556,2026-06-01 14:57:43,app_store,ACC-0523,2.0,Hard to justify the cost to my manager after the pirce increase. Please fix this asap.
FB-02555,2026-06-01 15:06:42,support_ticket,ACC-0101,,"Single sign-on with Azure AD is a hard requirement for us. Is this on the roadmap? Best, Kate"
FB-02553,2026-06-01 15:07:55,nps_survey,ACC-0094,8.0,"The bright interface is painful at night, we need a dark mode."
FB-02558,2026-06-01 16:51:32,sales_call,ACC-0069,,"Call notes (Bold Labs): the VP of Operations said ""Set my Slack status automatically when I am in a meeting."" Expansion to 80 more seats depends on this."
FB-02563,2026-06-01 16:56:54,app_store,ACC-0425,1.0,"No guidance during setup, I did not know where to start."
FB-02562,2026-06-01 19:37:16,community,ACC-0209,,Feature request: Export to Excel would save me hours every month.
FB-02550,2026-06-01 19:58:54,nps_survey,ACC-0111,2.0,It keeps crashing on startup after the last Android update.
FB-02559,2026-06-01 20:02:25,app_store,ACC-0468,4.0,We would love to schedule meetings directly from Teams. Would really appreciate it.
FB-02560,2026-06-01 20:34:07,app_store,ACC-0514,1.0,i cannot turn off the daily digest emails. hope this gets fixed soon.
FB-02551,2026-06-01 20:40:30,app_store,ACC-0404,5.0,Add a night mode option to the iOS app. Thanks in advance.
FB-02561,2026-06-01 21:28:47,support_ticket,ACC-0028,,"Hey there, Tempo is central to how we plan our week. I cannot turn off the daily digest emails. Hope this gets fixed soon."
FB-02588,2026-06-02 07:24:05,nps_survey,ACC-0484,9.0,Tempo saves me hours every week.
FB-02574,2026-06-02 07:31:55,sales_call,ACC-0073,,"Call notes (Maple Health): the security lead said ""Offboarding users by hand is a compliance risk, we need SCIM."" Expansion to 5 more seats depends on this."
FB-02576,2026-06-02 08:04:48,app_store,ACC-0513,3.0,We are considering switching because Tempo got too pricey. Please fix this asap.
FB-02565,2026-06-02 08:50:44,support_ticket,ACC-0421,,"Hello, Half of my Google events disappeared from Tempo. Please fix this asap. Thanks, Priya"
FB-02584,2026-06-02 09:58:34,support_ticket,ACC-0077,,"Please let me mute notifications for specific calendars. Hope this gets fixed soon. Best, Priya"
FB-02568,2026-06-02 10:20:29,nps_survey,ACC-0201,0.0,The app freezes every time I switch calendars on my Samsung phone.
FB-02575,2026-06-02 12:01:43,app_store,ACC-0550,1.0,Paying per seat makes no sense for occasional users.
FB-02580,2026-06-02 12:26:33,app_store,ACC-0019,1.0,The reminder spam is making people ignore Tempo entirely. Not happy about this.
FB-02582,2026-06-02 12:39:26,community,ACC-0302,,Please let me mute notifications for specific calendars.
FB-02570,2026-06-02 12:55:28,app_store,ACC-0173,4.0,please add a dark mode. would really appreciate it.
FB-02572,2026-06-02 13:44:42,app_store,ACC-0251,4.0,Please follow the system dark theme on mobile. Is this on the roadmap?
FB-02571,2026-06-02 15:06:54,app_store,ACC-0110,4.0,Dark mode is the only thing missing for me. Thanks in advance.
FB-02581,2026-06-02 16:27:49,nps_survey,ACC-0443,0.0,Push notifications arrvie late or twice.
FB-02578,2026-06-02 16:39:09,support_ticket,ACC-0170,,Please offer a cheaper plan for nonprofits. Hope this gets fixed soon. - Priya
FB-02587,2026-06-02 16:58:50,support_ticket,ACC-0158,,"Hi Tempo support, I have been a customer for 24 months. The team availability view is fantastic."
FB-02583,2026-06-02 17:22:14,app_store,ACC-0594,2.0,Every calendar change triggers an email to the whole team. This is really frustratnig.
FB-02573,2026-06-02 17:42:25,app_store,ACC-0298,5.0,Dark mode is the only thing missing for me. Is this on the roadmap?
FB-02586,2026-06-02 18:02:23,sales_call,ACC-0105,,"Call notes (North Partners): the office manager said ""Recurring standups now show up on the wrong weekday after the redesign."""
FB-02585,2026-06-02 18:38:33,support_ticket,ACC-0515,,"Hi team, Way too many eamil notifications, I am drowning in reminders. Please fix this asap."
FB-02567,2026-06-02 18:43:03,nps_survey,ACC-0183,0.0,The mobile app drains my battery.
FB-02579,2026-06-02 18:55:15,app_store,ACC-0015,1.0,There is no way to see two time zones side by side when scheduling.
FB-02577,2026-06-02 19:07:26,nps_survey,ACC-0016,1.0,The Pro plan now costs more than tools that do much more.
FB-02566,2026-06-02 19:15:07,sales_call,ACC-0296,,"Call notes (Green Systems 51): their CTO said ""My Google Calendar calendar stopped syncing since the update."" Otherwise very happy with the product."
FB-02569,2026-06-02 20:19:03,support_ticket,ACC-0192,,"Hello, Performance on my older Android phone is terrible compared to the web version."
FB-02602,2026-06-03 08:18:29,nps_survey,ACC-0273,8.0,Great product and the support team is very responsive.
FB-02595,2026-06-03 08:32:32,sales_call,ACC-0484,,"Call notes (Clear Logistics 33): the IT director said ""The Pro plan now costs more than tools that do much more."""
FB-02599,2026-06-03 08:50:32,sales_call,ACC-0497,,"Call notes (Blue Foods 41): the head of RevOps said ""I would like a report of how much time the team spends in meetings."" Expansion to 12 more seats depends on this."
FB-02596,2026-06-03 09:11:03,nps_survey,ACC-0057,4.0,Hard to justify the cost to my manager after the price increase.
FB-02590,2026-06-03 09:27:43,app_store,ACC-0483,4.0,Please add a dark mode.
FB-02593,2026-06-03 11:16:07,nps_survey,ACC-0321,6.0,We need SAML single sign-on before we can roll out to more teams.
FB-02597,2026-06-03 16:17:47,app_store,ACC-0196,3.0,The reminder spam is making people ignore Tempo entirely. Not happy about this.
FB-02600,2026-06-03 19:14:56,nps_survey,ACC-0111,0.0,Onboarding is confusing for anyone who is not technical.
FB-02603,2026-06-03 19:23:15,community,ACC-0098,,Our whole company switched and nobody looked back. Keep up the great work!
FB-02591,2026-06-03 19:30:24,sales_call,ACC-0274,,"Call notes (Urban Logistics): the head of RevOps said ""I would honestly pay extra for a dark mode."" Renewal is in 3 weeks."
FB-02594,2026-06-03 20:04:56,sales_call,ACC-0069,,"Call notes (Bold Labs): the security lead said ""The price increase does not feel justified."" Otherwise very happy with the product."
FB-02592,2026-06-03 20:11:55,nps_survey,ACC-0101,5.0,"Offboarding users by hand is a compliance risk, we need SCIM."
FB-02601,2026-06-03 20:32:40,app_store,ACC-0128,5.0,super clean interface and very intutiive.
FB-02598,2026-06-03 20:48:31,support_ticket,ACC-0391,,"Hi Tempo support, We use Tepmo every day. Push notifications arrive late or twice."
FB-02589,2026-06-03 21:28:56,community,ACC-0396,,Anyone else seeing this? Scrolling the calendar on iOS is laggy and slow. This is really frustrating.
FB-02610,2026-06-04 07:28:46,nps_survey,ACC-0122,6.0,"It is confusing which time zone the booking link uses. Also, the setup wizard skipped steps and left my workspace half configured."
FB-02605,2026-06-04 07:29:52,app_store,ACC-0055,1.0,The app hangs for ten seconds before showing my schedule. Not happy about this.
FB-02616,2026-06-04 08:57:35,support_ticket,ACC-0413,,"Hey there, We use Tempo every day. I would like a report of how much time the team spends in meetings. Best, Deniz"
FB-02617,2026-06-04 09:22:25,community,ACC-0380,,The booking links alone are worth it.
FB-02604,2026-06-04 10:01:48,community,ACC-0266,,[Bug] Performance on my Pixel is terrible compared to the web version. Hope this gets fixed soon.
FB-02611,2026-06-04 12:58:21,support_ticket,ACC-0120,,"An integration with Temas is the main thing missing for our team. Thanks! Best, Lukas"
FB-02614,2026-06-04 13:02:46,support_ticket,ACC-0074,,"Hello, We use Tmepo every day. Can you connect Tempo with Teams for meeting links. Thanks in advance."
FB-02612,2026-06-04 13:17:21,community,ACC-0196,,feature request: we would love to schedule meetings directly from microsoft teams. thanks in advance.
FB-02615,2026-06-04 14:21:24,sales_call,ACC-0399,,"Call notes (Harbor Digital 86): the VP of Operations said ""Notification settings are too coarse, it is all or nothing."" Expansion to 150 more seats depends on this."
FB-02613,2026-06-04 14:28:49,support_ticket,ACC-0419,,"Hey there, An integration with Microsoft Teams is the main thing missing for our team. Is this on the roadmap? Thanks, Chen"
FB-02608,2026-06-04 15:58:02,app_store,ACC-0175,4.0,add a night mode option to the ios app.
FB-02609,2026-06-04 16:51:39,nps_survey,ACC-0059,2.0,The new per-seat price is too expensive for a small team.
FB-02607,2026-06-04 17:20:25,app_store,ACC-0038,4.0,would love a dark theme for late night planning. is this on the roadmap?
FB-02606,2026-06-04 21:29:14,app_store,ACC-0353,1.0,The Android app is so slow it is unusable on odler phones. Hope this gets fixed soon.
FB-02634,2026-06-05 07:36:38,app_store,ACC-0228,4.0,Great product and the support team is very responsive.
FB-02625,2026-06-05 08:32:45,support_ticket,ACC-0229,,"Hey there, We use Tempo every day. The new per-seat price is too expensive for a small team. Hope this gets fixed soon. - Lukas"
FB-02620,2026-06-05 10:15:23,support_ticket,ACC-0591,,"Hi team, The iOS app takes forever to load. Very annoying. - Chen"
FB-02626,2026-06-05 10:24:10,nps_survey,ACC-0426,2.0,We are considering switching because Tempo got too pricey.
FB-02624,2026-06-05 12:02:31,nps_survey,ACC-0250,7.0,Wolud love a dark theme for late night planning.
FB-02627,2026-06-05 13:17:28,community,ACC-0581,,"Small thing, but It is confusing which time zone the booking link uses. Also, the price increase does not feel justified. Not happy about this."
FB-02629,2026-06-05 14:03:05,sales_call,ACC-0069,,"Call notes (Bold Labs): the head of RevOps said ""We would love to schedule meetings directly from Microsoft Teams."" Otherwise very happy with the product."
FB-02635,2026-06-05 14:28:44,nps_survey,ACC-0456,8.0,Super clean interface and very intuitive.
FB-02623,2026-06-05 14:36:37,community,ACC-0269,,Idea: Please follow the system dark theme on Android.
FB-02633,2026-06-05 14:50:40,nps_survey,ACC-0419,1.0,The first-time setup does not explain how anything works.
FB-02630,2026-06-05 16:10:25,support_ticket,ACC-0012,,Our team of 12 people relies on Tempo. I cannot turn off the daily digest emails. Please fix this asap. - Amara
FB-02628,2026-06-05 16:20:39,app_store,ACC-0567,4.0,We would love to schedule meetings directly from Teams. Would really appreciate it.
FB-02631,2026-06-05 16:58:00,nps_survey,ACC-0063,8.0,Export to Excel would save me hours every month.
FB-02618,2026-06-05 17:03:56,support_ticket,ACC-0152,,"Hey there, Reconnecting iCloud does not fix the sync problem. - Sofia"
FB-02622,2026-06-05 17:40:22,app_store,ACC-0546,4.0,I would honestly pay extra for a dark mode. Thanks in advance.
FB-02632,2026-06-05 18:30:09,sales_call,ACC-0444,,"Call notes (Lucky Labs 64): the office manager said ""Our finance team needs a monthly utilization report."" Expansion to 80 more seats depends on this."
FB-02619,2026-06-05 20:16:57,support_ticket,ACC-0373,,"Hi Tempo support, Tempo is central to how we plan our week. Meetings I create in Tempo never make it to Office 365. Thanks, Jonas"
FB-02621,2026-06-05 20:34:36,support_ticket,ACC-0408,,"Hi Tempo support, Please add a dark mode. Best, Sofia"
FB-02636,2026-06-05 21:55:23,app_store,ACC-0430,4.0,our whole company switched and nobody looked back.
FB-02637,2026-06-06 07:50:00,app_store,ACC-0351,1.0,The mobile app takes forever to load. Hope this gets fixed soon.
FB-02639,2026-06-06 08:38:13,community,ACC-0309,,"Idea: Dark mode please, the white screen hurts my eyes. Thanks!"
FB-02640,2026-06-06 12:34:24,app_store,ACC-0505,4.0,Add a night mode option to the Android app.
FB-02643,2026-06-06 13:55:00,app_store,ACC-0520,5.0,can we get analytics on meeting load per person. thanks!
FB-02638,2026-06-06 16:56:38,nps_survey,ACC-0318,5.0,"Add a night mode option to the mobile app. Also, the setup wizard skipped steps and left my workspace half configured."
FB-02641,2026-06-06 19:10:08,community,ACC-0325,,Events shift by an hour after daylight saving time. Not happy about this.
FB-02642,2026-06-06 20:52:15,support_ticket,ACC-0552,,"Hello, We use Tempo every day. There is no way to see two time zones side by side when scheduling. Hope this gets fixed soon. Thanks, Lukas"
FB-02650,2026-06-07 07:46:06,community,ACC-0599,,A 20 percent price jump with no new features is frustrating. This is really frustrating.
FB-02652,2026-06-07 08:41:07,support_ticket,ACC-0082,,"Hi Tempo support, Every calendar change triggers an email to the whole team. Very annoying. Best, Chen"
FB-02657,2026-06-07 10:04:25,nps_survey,ACC-0006,9.0,Best scheduling tool we have used.
FB-02646,2026-06-07 10:44:11,nps_survey,ACC-0353,0.0,Scrolling the calendar on iOS is laggy and slow.
FB-02645,2026-06-07 12:26:38,nps_survey,ACC-0196,0.0,The Android app is so slow it is unusable on older phones.
FB-02654,2026-06-07 12:59:37,app_store,ACC-0243,4.0,Great product and the support team is very responsive. Keep up the great work!
FB-02649,2026-06-07 13:28:02,nps_survey,ACC-0515,8.0,Any plans for a dark theme? every other app has one.
FB-02644,2026-06-07 14:02:11,support_ticket,ACC-0535,,"Hello, Two-way sync with Office 365 is broken and changes take hours to appear. Also, the first-time setup does not explain how anything works. Best, Maria"
FB-02656,2026-06-07 15:47:40,community,ACC-0323,,Shoutout: Best scheduling tool we have used.
FB-02648,2026-06-07 16:19:27,nps_survey,ACC-0242,7.0,Dark mode is the only thing missing for me.
FB-02653,2026-06-07 17:22:05,support_ticket,ACC-0078,,"Hey there, The repeat every other week option is broken. Please fix this asap."
FB-02651,2026-06-07 17:26:48,support_ticket,ACC-0515,,"Tempo is central to how we plan our week. We are considering switching because Tempo got too pricey. Very annoying. Thanks, Chen"
FB-02655,2026-06-07 18:47:00,support_ticket,ACC-0598,,"Simple, fast and reliable, exactly what we needed. Keep up the great work!"
FB-02647,2026-06-07 20:14:23,support_ticket,ACC-0469,,"Hey there, The mobile app takes forever to load."
FB-02674,2026-06-08 07:10:11,sales_call,ACC-0588,,"Call notes (Maple Robotics 64): the security lead said ""We cannot renew without SAML SSO and enforced login through Okta."" Renewal is in 3 weeks."
FB-02682,2026-06-08 07:18:05,nps_survey,ACC-0588,5.0,Pelase add an API endpoint for exporting events.
FB-02658,2026-06-08 07:24:11,support_ticket,ACC-0557,,"Hello, We use Tempo every day. Meetings I create in Tempo never make it to Outlook. Thanks, Sofia"
FB-02660,2026-06-08 07:44:54,support_ticket,ACC-0450,,Meetings I create in Tempo never make it to Outlook. - Deniz
FB-02686,2026-06-08 09:15:22,nps_survey,ACC-0224,8.0,"Simple, fast and rleiable, exactly what we needed."
FB-02668,2026-06-08 09:37:26,nps_survey,ACC-0005,5.0,I would honestly pay extra for a dark mode.
FB-02673,2026-06-08 09:39:59,sales_call,ACC-0020,,"Call notes (Urban Capital): the head of RevOps said ""IT wants to manage access through Azure AD, is SSO on the roadmap."" They mentioned evaluating competitors."
FB-02661,2026-06-08 10:07:07,nps_survey,ACC-0015,0.0,Outlook sync fails with an error whenever I reconnect.
FB-02681,2026-06-08 10:24:57,nps_survey,ACC-0380,6.0,Every calendar change triggers an email to the whole team.
FB-02664,2026-06-08 10:59:21,community,ACC-0004,,Bug report: It keeps crashing on startup after the last iOS update.
FB-02663,2026-06-08 11:04:00,app_store,ACC-0360,1.0,The mobile app drains my battery. Please fix this asap.
FB-02685,2026-06-08 11:31:06,nps_survey,ACC-0137,3.0,The new recurring event editor will not let me set custom repeats.
FB-02672,2026-06-08 11:52:35,app_store,ACC-0461,4.0,Would love a dark tehme for late night planning.
FB-02683,2026-06-08 12:46:55,support_ticket,ACC-0073,,"Hello, Export to Excel would save me hours every month. Is this on the roadmap? Best, Omar"
FB-02666,2026-06-08 12:50:38,nps_survey,ACC-0568,2.0,Scrolling the calendar on mobile is laggy and slow.
FB-02676,2026-06-08 13:42:08,community,ACC-0372,,"Small thing, but Events shift by an hour after daylight saving time. Please fix this asap."
FB-02675,2026-06-08 13:53:19,nps_survey,ACC-0568,5.0,The new per-seat price is too expensive for a small team.
FB-02671,2026-06-08 14:04:48,app_store,ACC-0060,4.0,Please add a dark mode. Thanks in advance.
FB-02665,2026-06-08 14:30:41,support_ticket,ACC-0128,,"Hey there, Our team of 40 people relies on Tempo. Performance on my iPhone is terrible compared to the web version. This is really frustrating. - Priya"
FB-02687,2026-06-08 15:01:24,nps_survey,ACC-0450,9.0,Best scheduling tool we have used.
FB-02667,2026-06-08 16:24:55,community,ACC-0503,,dark mode is the only thing missing for me. thanks in advance.
FB-02688,2026-06-08 16:35:53,nps_survey,ACC-0569,9.0,Super clean interface and very intuitive.
FB-02670,2026-06-08 16:53:14,support_ticket,ACC-0347,,"Hey there, Our team of 25 people reiles on Tempo. Any plans for a dark theme? every other app has one. Also, it is confusing which time zone the booking link uses. Thanks!"
FB-02680,2026-06-08 17:31:38,nps_survey,ACC-0071,5.0,"Notification settings are too coarse, it is all or nothing."
FB-02679,2026-06-08 18:13:57,community,ACC-0438,,"Idea: We live in Slack, getting alerts there would help a lot."
FB-02678,2026-06-08 19:44:18,support_ticket,ACC-0096,,"Hi Tempo support, We use Tempo every day. An integration with Microsoft Teams is the main thing missing for our team. Is this on the roadmap? - Chen"
FB-02689,2026-06-08 20:02:16,app_store,ACC-0529,5.0,Super clean interface and very intuitive. Five stras.
FB-02662,2026-06-08 20:43:11,app_store,ACC-0386,3.0,The Android app crashes when I open the week view. Please fix this asap.
FB-02669,2026-06-08 20:47:49,community,ACC-0214,,feature request: please follow the system dark theme on ios.
FB-02677,2026-06-08 21:32:40,community,ACC-0587,,+1 for this: A Microsoft Teams bot that posts the daily agenda would be amazing. Thanks!
FB-02659,2026-06-08 21:34:45,sales_call,ACC-0069,,"Call notes (Bold Labs): their CTO said ""Two-way sync with Office 365 is broken and changes take hours to appear."""
FB-02684,2026-06-08 21:41:53,support_ticket,ACC-0391,,"Hi team, Our new hires get lost in the onboarding flow. Not happy about this. - Kate"
FB-02699,2026-06-09 07:14:52,nps_survey,ACC-0402,5.0,The scheduler keeps showing Pacific time instead of my local time.
FB-02702,2026-06-09 07:24:52,sales_call,ACC-0028,,"Call notes (Blue Robotics): the security lead said ""Export to Excel would save me hours every month."" Otherwise very happy with the product."
FB-02698,2026-06-09 08:42:56,support_ticket,ACC-0298,,"Paying per seat makes no sense for occasional users. Thanks, Kate"
FB-02695,2026-06-09 10:16:58,sales_call,ACC-0328,,"Call notes (Silver Systems 59): the VP of Operations said ""Offboarding users by hand is a compliance risk, we need SCIM."" Otherwise very happy with the product."
FB-02705,2026-06-09 11:11:12,nps_survey,ACC-0271,10.0,The team availability view is fantastic.
FB-02694,2026-06-09 12:10:19,app_store,ACC-0307,4.0,Any plans for a dark theme? every other app has one.
FB-02693,2026-06-09 13:33:05,app_store,ACC-0013,4.0,Any plans for a dark theme? every other app has one. Is this on the roadmap?
FB-02691,2026-06-09 13:37:56,app_store,ACC-0012,4.0,please follow the sysetm dark theme on android.
FB-02690,2026-06-09 14:20:06,support_ticket,ACC-0542,,"Hey there, I have been a customer for 18 months. The app freezes every time I switch calendars on my Pixel. - Kate"
FB-02692,2026-06-09 15:01:58,app_store,ACC-0319,5.0,I would honestly pay extra for a dark mode. Thanks in advance.
FB-02706,2026-06-09 15:07:11,app_store,ACC-0122,4.0,Our whole company switched and nobody looked back.
FB-02696,2026-06-09 17:11:16,nps_survey,ACC-0444,0.0,The new per-seat price is too expensive for a small team.
FB-02700,2026-06-09 17:41:38,support_ticket,ACC-0225,,"Hi Tempo support, Way too many email notifications, I am drowning in reminders. Not happy about this."
FB-02704,2026-06-09 18:33:40,nps_survey,ACC-0117,3.0,Changing one recurring meeting creates extra copies of the whloe series.
FB-02697,2026-06-09 19:56:07,nps_survey,ACC-0216,0.0,"Billing us for inactive seats is unfair. Also, the Android app takes forever to load."
FB-02701,2026-06-09 20:50:38,support_ticket,ACC-0221,,"Hey there, We need to export meeting data to CSV. Would really appreciate it. - Jonas"
FB-02703,2026-06-09 20:59:47,support_ticket,ACC-0390,,"Hi team, Setting up the workspace was confusing. Thanks, Jonas"
FB-02712,2026-06-10 07:23:09,nps_survey,ACC-0565,3.0,"The price increase does not feel justified. Also, I get three reminders for every single meeting."
FB-02719,2026-06-10 08:06:14,community,ACC-0041,,Shoutout: Love how easy it is to find a time that works for everyone.
FB-02718,2026-06-10 09:49:51,app_store,ACC-0276,5.0,Our whole company switched and nobody looked back.
FB-02714,2026-06-10 10:07:10,support_ticket,ACC-0196,,"Hi team, Tempo is central to how we plan our week. Export to Excel would save me hours every month. Would really appreciate it. Thanks, Sofia"
FB-02708,2026-06-10 11:38:12,nps_survey,ACC-0028,6.0,Plesae add a dark mode.
FB-02720,2026-06-10 12:03:53,nps_survey,ACC-0041,10.0,Our whole company switched and nobody looked back.
FB-02707,2026-06-10 14:25:04,app_store,ACC-0253,5.0,Please add a dark mode. Is this on the roadmap?
FB-02715,2026-06-10 17:12:47,community,ACC-0387,,"can we get analytics on meeting load per person. also, can you connect tempo with teams for meeting links. thanks in advance."
FB-02709,2026-06-10 18:17:35,app_store,ACC-0063,2.0,The new per-seat price is too expensive for a small team.
FB-02710,2026-06-10 18:43:52,app_store,ACC-0026,1.0,Hard to justify the cost to my manager after the price increase. Very annoying.
FB-02716,2026-06-10 19:07:12,support_ticket,ACC-0039,,"Hi Tempo support, Please add an API endpoint for exporting events. Would really appreciate it."
FB-02713,2026-06-10 19:40:24,app_store,ACC-0193,1.0,please let me mute notifications for specific calendars. not happy aobut this.
FB-02721,2026-06-10 20:14:53,nps_survey,ACC-0062,9.0,Great product and the support team is very responsive.
FB-02717,2026-06-10 20:35:14,community,ACC-0372,,Our whole company switched and nobody looekd back. Thank you!
FB-02711,2026-06-10 21:45:12,nps_survey,ACC-0207,1.0,Paying per seat makes no sense for occasional users.
FB-02725,2026-06-11 07:48:48,app_store,ACC-0341,2.0,The app freezes every time I switch calendars on my older Android phone.
FB-02732,2026-06-11 08:30:08,nps_survey,ACC-0588,6.0,My time zone setting restes every time I travel.
FB-02736,2026-06-11 08:38:35,community,ACC-0280,,Idea: Can you connect Tempo with Teams for meeting links. Would really appreciate it.
FB-02729,2026-06-11 12:55:25,community,ACC-0222,,billing us for inactive seats is unfair. very annoying.
FB-02733,2026-06-11 14:05:45,nps_survey,ACC-0280,6.0,Set my Teams status automatically when I am in a meeting.
FB-02728,2026-06-11 14:10:50,community,ACC-0200,,Idea: Please add a dark mode. Thanks in advance.
FB-02724,2026-06-11 14:34:42,app_store,ACC-0589,2.0,It keeps crashnig on startup after the last Android update. This is really frustrating.
FB-02737,2026-06-11 15:07:04,support_ticket,ACC-0474,,"Hi Tempo support, I would like a report of how much time the team spends in meetings. Also, half of my Google Calendar events disappeared from Tempo. Thanks, Omar"
FB-02738,2026-06-11 15:07:59,community,ACC-0235,,Tempo saves me hours every week. Keep up the great work!
FB-02723,2026-06-11 16:44:03,sales_call,ACC-0380,,"Call notes (Bright Media 36): the IT director said ""The mobile app drains my battery."" Renewal is in 8 weeks."
FB-02727,2026-06-11 17:07:51,support_ticket,ACC-0578,,"Hi team, Any plans for a dark theme? every other app has one. Best, Kate"
FB-02722,2026-06-11 18:13:44,support_ticket,ACC-0592,,"Hey there, The sync status is stuck on syncing forever. Not happy about this. - Lukas"
FB-02734,2026-06-11 19:49:41,app_store,ACC-0213,5.0,Set my Slack status automatically when I am in a meeting. Would really appreciate it.
FB-02731,2026-06-11 19:54:30,nps_survey,ACC-0579,4.0,A 20 percent price jump with no new features is frustrating.
FB-02735,2026-06-11 20:42:40,nps_survey,ACC-0036,7.0,"We would love to schedule meetings directly from Slack. Also, it is confusing which time zone the booking link uses."
FB-02726,2026-06-11 20:52:06,community,ACC-0081,,feature request: any plans for a dark theme? every other app has one. would really appreciate it.
FB-02730,2026-06-11 20:56:06,community,ACC-0207,,Pricing feedback: Please offer a cheaper plan for nonprofits. This is really frustrating.
FB-02742,2026-06-12 08:40:52,community,ACC-0008,,Anyone else seeing this? It keeps crashing on startup after the last mobile update. Please fix this asap.
FB-02748,2026-06-12 09:37:37,support_ticket,ACC-0117,,"Hey there, I have been a customer for 3 months. Can you connect Tempo with Slack for meeting links. Is this on the roadmap? Thanks, Deniz"
FB-02744,2026-06-12 10:02:52,nps_survey,ACC-0116,6.0,"Billing us for inactive seats is unfair. Also, no guidance during setup, I did not know where to start."
FB-02741,2026-06-12 10:13:15,app_store,ACC-0398,2.0,The app freezes every time I switch calendars on my iPhone.
FB-02754,2026-06-12 11:39:31,support_ticket,ACC-0017,,"Hello, Great product and the support team is very responsive. Five stars. - Sofia"
FB-02745,2026-06-12 11:45:56,app_store,ACC-0547,2.0,We are considering switching because Tempo got too pricey. Very annoying.
FB-02746,2026-06-12 11:59:50,community,ACC-0141,,My time zone setting resets every time I travel. Hope this gets fixed soon.
FB-02747,2026-06-12 12:18:31,nps_survey,ACC-0259,8.0,A Slack bot that posts the daily agenda would be amazing.
FB-02751,2026-06-12 14:34:12,nps_survey,ACC-0124,2.0,Every calendar change triggers an email to the whole team.
FB-02743,2026-06-12 15:25:53,sales_call,ACC-0373,,"Call notes (Blue Labs 42): the security lead said ""We need SAML single sign-on before we can roll out to more teams."" They mentioned evaluating competitors."
FB-02740,2026-06-12 16:10:16,community,ACC-0204,,Anyone else seeing this? The Android app crashes when I open the week view.
FB-02749,2026-06-12 16:51:08,support_ticket,ACC-0098,,"Hi team, An integration with Slcak is the main thing missing for our team. Would really appreciate it."
FB-02752,2026-06-12 17:28:19,sales_call,ACC-0050,,"Call notes (Harbor Logistics): the office manager said ""A dashboard showing meeting hours by team would be great."""
FB-02753,2026-06-12 19:19:10,support_ticket,ACC-0400,,"Hello, Our team of 25 people relies on Tempo. Setting up the workspace was confusing. Very annoying. - Kate"
FB-02739,2026-06-12 19:36:26,community,ACC-0407,,"Anyone else seeing this? Sync keeps creating duplicate events on my calendar. Also, push notifications arrive late or twice. Hope this gets fixed soon."
FB-02750,2026-06-12 20:34:18,nps_survey,ACC-0477,6.0,Push notifications arrive late or twice.
FB-02756,2026-06-13 08:43:04,community,ACC-0155,,the new per-seat price is too expensive for a small team. this is really frustrating.
FB-02760,2026-06-13 09:03:23,app_store,ACC-0549,5.0,the booknig links alone are worth it. keep up the great work!
FB-02759,2026-06-13 13:19:10,nps_survey,ACC-0168,9.0,Tempo saves me hours every week.
FB-02761,2026-06-13 13:49:53,app_store,ACC-0186,5.0,Super clean intefrace and very intuitive. Five stars.
FB-02758,2026-06-13 14:14:41,support_ticket,ACC-0376,,"Hi Tempo support, We use Tempo every day. Please let me mute notifications for specific calendars. Thanks, Sofia"
FB-02757,2026-06-13 14:46:28,sales_call,ACC-0588,,"Call notes (Maple Robotics 64): the IT director said ""Notification settings are too coarse, it is all or nothing."" Renewal is in 6 weeks."
FB-02755,2026-06-13 16:37:42,app_store,ACC-0248,1.0,Please offer a cheaper plan for nonprofits. This is really frustrating.
FB-02772,2026-06-14 08:04:41,support_ticket,ACC-0168,,"Notification settings are too coarse, it is all or nothing. Please fix this asap. - Lukas"
FB-02764,2026-06-14 09:34:59,nps_survey,ACC-0365,6.0,Please add a dark mode.
FB-02775,2026-06-14 09:46:30,support_ticket,ACC-0109,,"Hey there, The booking links alone are worth it. - Lukas"
FB-02762,2026-06-14 12:02:23,support_ticket,ACC-0280,,The iOS app crashes when I open the week view. Not happy about this. - Priya
FB-02776,2026-06-14 12:13:05,app_store,ACC-0423,5.0,love how easy it is to find a time that works for everyone. thnak you!
FB-02774,2026-06-14 12:49:14,nps_survey,ACC-0392,10.0,"The booking links alone are worth it. Also, the Android app takes forever to load."
FB-02769,2026-06-14 13:22:44,community,ACC-0426,,"Small thing, but Events shift by an hour after daylight saving time. Please fix this asap."
FB-02771,2026-06-14 14:26:50,sales_call,ACC-0435,,"Call notes (North Logistics 63): the security lead said ""My time zone setting resets every time I travel."" Otherwise very happy with the product."
FB-02765,2026-06-14 15:06:31,sales_call,ACC-0528,,"Call notes (Green Foods 81): their CTO said ""IT wants to manage access through OneLogin, is SSO on the roadmap."" Renewal is in 3 weeks."
FB-02763,2026-06-14 16:27:16,community,ACC-0132,,Anyone else seeing this? The mobile app is so slow it is unusable on older phones. Very annoying.
FB-02767,2026-06-14 16:47:07,nps_survey,ACC-0378,6.0,The Pro plan now csots more than tools that do much more.
FB-02773,2026-06-14 17:34:28,community,ACC-0410,,"Anyone else seeing this? The repeat every other week option is broken. Also, export to Excel would save me hours every month. Very annoying."
FB-02770,2026-06-14 19:52:58,community,ACC-0099,,My time zone setting resets every time I travel.
FB-02766,2026-06-14 20:05:15,sales_call,ACC-0328,,"Call notes (Silver Systems 59): the IT director said ""IT wants to manage access through Azure AD, is SSO on the roadmap."" Otherwise very happy with the product."
FB-02768,2026-06-14 21:07:45,support_ticket,ACC-0279,,"Hi team, Our team of 150 people relies on Tempo. Paying per seat makes no sense for occasional users. Hope this gets fixed soon. Thanks, Kate"
FB-02779,2026-06-15 07:49:18,app_store,ACC-0446,1.0,It keeps crashing on startup after the last mobile update. This is really frustrating.
FB-02784,2026-06-15 08:04:12,nps_survey,ACC-0018,3.0,The Pro plan now cotss more than tools that do much more.
FB-02777,2026-06-15 08:20:34,support_ticket,ACC-0208,,We use Tempo every day. Two-way sync with Google Calendar is broken and changes take hours to appear.
FB-02795,2026-06-15 09:01:16,support_ticket,ACC-0073,,"Hey there, Our team of 12 people relies on Tempo. Changing one recurring meeting creates extra copies of the whole series. Very annoying. - Kate"
FB-02798,2026-06-15 09:57:22,community,ACC-0154,,shoutout: best scheduling tool we have used. thank you!
FB-02791,2026-06-15 11:06:50,nps_survey,ACC-0287,7.0,Can you connect Tempo with Slack for meeting links.
FB-02783,2026-06-15 11:22:54,community,ACC-0192,,A 20 percent price jump with no new features is frustrating.
FB-02782,2026-06-15 11:28:38,app_store,ACC-0195,4.0,Please follow the system dark theme on iOS. Would really appreciate it.
FB-02792,2026-06-15 11:38:00,sales_call,ACC-0221,,"Call notes (Urban Studio 50): the VP of Operations said ""Push notifications arrive late or twice."""
FB-02799,2026-06-15 11:48:53,nps_survey,ACC-0085,9.0,Super clean interface and very intuitive.
FB-02793,2026-06-15 12:07:51,support_ticket,ACC-0267,,"Hey there, The reminder spam is making people ignore Tempo entirely. Also, I would like a report of how much time the team spends in meetings. Best, Omar"
FB-02787,2026-06-15 12:27:45,support_ticket,ACC-0390,,"Hello, My time zone setitng resets every time I travel. Very annoying."
FB-02781,2026-06-15 12:28:44,app_store,ACC-0576,4.0,Add a night mode option to the Android app.
FB-02788,2026-06-15 13:08:01,support_ticket,ACC-0137,,"Hi team, Our team of 25 people relies on Tempo. Please add a Slack integration so reminders show up in our channels. Thanks! - Deniz"
FB-02789,2026-06-15 13:30:23,support_ticket,ACC-0335,,"Hello, We use Tempo every day. Set my Microsoft Teams status automatically when I am in a meeting. Best, Lukas"
FB-02780,2026-06-15 13:54:46,app_store,ACC-0476,2.0,The app hangs for ten seconds before showing my schedule.
FB-02796,2026-06-15 14:01:13,support_ticket,ACC-0449,,"Hey there, Editing one occurrence changes the whole recurring series. This is really frustrating. Thanks, Omar"
FB-02786,2026-06-15 14:20:58,app_store,ACC-0202,2.0,We are considering switching because Tempo got too pricey. This is really frustrating.
FB-02797,2026-06-15 19:07:48,app_store,ACC-0210,1.0,Editing one occurrence changes the whole recurring series. Not happy about this.
FB-02794,2026-06-15 19:22:32,support_ticket,ACC-0444,,"Hello, We use Tempo every day. No guidance during setup, I did not know where to start. Not happy about this. Thanks, Sofia"
FB-02778,2026-06-15 19:52:15,support_ticket,ACC-0214,,"Hi team, I have been a customer for 24 months. Performance on my iPhone is terrible compared to the web version. Also, invites to our Sydney office arrive with the wrong time. Hope this gets fixed soon. Thanks, Maria"
FB-02790,2026-06-15 21:35:57,support_ticket,ACC-0205,,"Can you connect Tempo with Microsoft Teams for meeting links. Is this on the roadmap? Thanks, Jonas"
FB-02785,2026-06-15 21:44:36,nps_survey,ACC-0155,6.0,The price increase does not feel justified.
FB-02800,2026-06-16 07:28:06,support_ticket,ACC-0368,,"Hello, Reconnecting Outlook does not fix the sync problem. Best, Priya"
FB-02802,2026-06-16 08:23:38,community,ACC-0013,,Feature request: Please add a dark mode. Is this on the roadmap?
FB-02819,2026-06-16 08:58:43,support_ticket,ACC-0059,,"I have been a customer for 18 months. Best scheduling tool we have used. Thanks, Deniz"
FB-02805,2026-06-16 09:57:02,support_ticket,ACC-0568,,Any plans for a dark theme? every other app has one. Thanks!
FB-02801,2026-06-16 10:05:11,sales_call,ACC-0406,,"Call notes (Iron Labs 92): the IT director said ""Tapping an event ferezes the iOS app."" They mentioned evaluating competitors."
FB-02817,2026-06-16 10:58:58,support_ticket,ACC-0467,,"Hi Tempo support, I have been a customer for 24 months. The onboarding never explains the difference between workspaces and teams. This is really frustrating. Thanks, Kate"
FB-02809,2026-06-16 11:37:51,nps_survey,ACC-0473,1.0,My time zone setting resets every time I travel.
FB-02818,2026-06-16 11:49:02,support_ticket,ACC-0147,,"Hey there, Our team of 25 people relies on Tempo. Weekly recurring meetings disappear after the third week. Thanks, Kate"
FB-02820,2026-06-16 12:20:40,support_ticket,ACC-0132,,"Hi team, Our team of 25 people relies on Tempo. Simple, fast and reliable, exactly what we needed. Thank you! Thanks, Omar"
FB-02803,2026-06-16 13:32:36,nps_survey,ACC-0529,7.0,Add a night mode option to the Android app.
FB-02808,2026-06-16 14:34:17,support_ticket,ACC-0303,,"Hello, The new per-seat price is too expensive for a small team. This is really frustrating. - Omar"
FB-02810,2026-06-16 16:39:46,app_store,ACC-0113,2.0,there is no way to see two time zones side by side when scheduling. very annoying.
FB-02804,2026-06-16 16:57:34,support_ticket,ACC-0517,,"Hey there, Our team of 12 people relies on Tempo. Please follow the system dark theme on iOS. Thanks!"
FB-02814,2026-06-16 17:52:32,support_ticket,ACC-0182,,Our team of 80 people relies on Tempo. We need to export meeting data to CSV. Is this on the roadmap?
FB-02821,2026-06-16 18:09:21,support_ticket,ACC-0162,,"Hello, I have been a customer for 6 months. Simple, fast and reliable, exactly what we needed. Thnak you! - Kate"
FB-02806,2026-06-16 19:00:05,app_store,ACC-0364,4.0,Please add a dark mode. Is this on the roadmap?
FB-02811,2026-06-16 19:28:14,support_ticket,ACC-0593,,"Hi Tempo support, We use Tempo evrey day. Please add a Microsoft Teams integration so reminders show up in our channels. Would really appreciate it. - Omar"
FB-02816,2026-06-16 19:56:16,support_ticket,ACC-0249,,Can we get analytics on meeting load per person. Would really appreciate it. - Maria
FB-02813,2026-06-16 20:04:27,support_ticket,ACC-0192,,"Hi Tempo support, Tempo is central to how we plan our week. A Teams bot that posts the daily aegnda would be amazing."
FB-02812,2026-06-16 20:16:00,support_ticket,ACC-0274,,"Hi team, Our team of 40 people relies on Tempo. An integration with Slack is the main thing missing for our team."
FB-02815,2026-06-16 20:45:51,app_store,ACC-0016,4.0,we need to export meeting data to csv.
FB-02807,2026-06-16 21:45:43,nps_survey,ACC-0484,8.0,"Offboarding users by hand is a compliance risk, we need SCIM."
FB-02831,2026-06-17 07:52:10,support_ticket,ACC-0484,,"Hey there, Our finance team needs a monthly utilization report. Thanks! Best, Sofia"
FB-02826,2026-06-17 07:56:58,support_ticket,ACC-0557,,"IT wants to mnaage access through OneLogin, is SSO on the roadmap. Also, the mobile app drains my battery. Would really appreciate it. - Chen"
FB-02829,2026-06-17 08:39:03,support_ticket,ACC-0170,,"I get three reminders for every single meeting. This is really frustrating. Thanks, Deniz"
FB-02836,2026-06-17 10:10:12,app_store,ACC-0071,4.0,super clean interface and very intuitive. five stars.
FB-02834,2026-06-17 10:15:07,support_ticket,ACC-0417,,"Hey there, Tempo is central to how we plan our week. Weekly recurring meetings disappear after the third week. Very annoying. Thanks, Kate"
FB-02835,2026-06-17 10:45:36,community,ACC-0302,,"Shoutout: Our whole company switched and nobody looked back. Also, a dashboard showing meeting hours by team would be great. Thank you!"
FB-02822,2026-06-17 11:40:17,app_store,ACC-0299,1.0,The mobile app drains my battery. This is really frustrating.
FB-02833,2026-06-17 11:42:04,community,ACC-0592,,Anyone else seeing this? Weekly recurring meetings disappear after the second week.
FB-02825,2026-06-17 13:37:38,community,ACC-0128,,"The bright interface is painful at night, we need a dark mode. Thanks in advance."
FB-02828,2026-06-17 14:03:09,support_ticket,ACC-0115,,"Hi team, I have been a customer for 6 months. Set my Slack status automatically when I am in a meeting. Best, Sofia"
FB-02824,2026-06-17 14:53:51,app_store,ACC-0154,4.0,Please add a dark mode. Is this on the rodamap?
FB-02827,2026-06-17 16:05:19,nps_survey,ACC-0271,5.0,Paying per seat makes no sense for occasional users.
FB-02837,2026-06-17 16:59:35,community,ACC-0171,,The team availability view is fantastic.
FB-02830,2026-06-17 18:17:16,nps_survey,ACC-0052,0.0,Push notifications arrive late or twice.
FB-02823,2026-06-17 19:48:32,community,ACC-0117,,"Idea: Dark mode please, the white screen hurts my eyes. Would really appreciate it."
FB-02832,2026-06-17 20:33:20,support_ticket,ACC-0290,,"Hi Tempo support, Our team of 150 people relies on Tempo. Setting up the workspace was confusing. Very annoying. - Lukas"
FB-02840,2026-06-18 07:28:12,nps_survey,ACC-0052,6.0,Two-way sync with Outlook is broken and changes take hours to appear.
FB-02839,2026-06-18 07:55:30,support_ticket,ACC-0457,,"Hi Tempo support, Two-way sync with iCloud is broken and changes take hours to appear. Not happy about this. Best, Kate"
FB-02863,2026-06-18 07:56:20,support_ticket,ACC-0364,,"Hi team, Our team of 5 people relies on Tempo. The team availabiilty view is fantastic. Best, Deniz"
FB-02862,2026-06-18 08:17:20,app_store,ACC-0035,5.0,great product and the support team is very responsive. five stars.
FB-02861,2026-06-18 09:10:11,support_ticket,ACC-0233,,"Hi team, I cannot delete a single instance of a repeating event anymore. Very annoying. Thanks, Amara"
FB-02847,2026-06-18 09:41:31,community,ACC-0132,,"dark mode please, the white screen hurts my eyes. also, tapping an event freezes the android app. is this on the roadmap?"
FB-02844,2026-06-18 09:58:22,community,ACC-0303,,Bug report: The iOS app takes forever to load. Please fix this asap.
FB-02849,2026-06-18 10:34:01,community,ACC-0187,,Please add a dark mode. Thanks!
FB-02856,2026-06-18 10:47:46,support_ticket,ACC-0297,,"Hi team, Tempo is central to how we plan our week. The reminder spam is making people ignore Tempo entirely. Best, Omar"
FB-02842,2026-06-18 13:01:14,app_store,ACC-0546,2.0,The Android app crashes when I open the week view.
FB-02865,2026-06-18 13:25:08,app_store,ACC-0036,5.0,tempo saves me hours every week. thank you!
FB-02859,2026-06-18 13:36:01,nps_survey,ACC-0328,2.0,Changing one recurring meeting creates extra copies of the whole series.
FB-02853,2026-06-18 14:00:34,support_ticket,ACC-0059,,"Hello, Tempo is central to how we plan our week. Hard to justify the cost to my manager after the price increase. Best, Kate"
FB-02852,2026-06-18 14:15:43,sales_call,ACC-0170,,"Call notes (Bright Ventures 89): the VP of Operations said ""Missing SSO support is a blocker in our procurement review."" Otherwise very happy with the product."
FB-02864,2026-06-18 16:19:17,nps_survey,ACC-0411,10.0,Love how easy it is to find a time that works for everyone.
FB-02860,2026-06-18 17:36:46,support_ticket,ACC-0343,,Our team of 40 people relies on Tempo. Recurring standups now show up on the wrong weekday after the redesign. Hope this gets fixed soon. - Sofia
FB-02846,2026-06-18 18:07:45,support_ticket,ACC-0264,,"Hey there, I have been a customer for 18 months. Dark mode is the only thing missing for me. Thanks!"
FB-02858,2026-06-18 18:24:47,support_ticket,ACC-0406,,"Hello, A dashboard showing meeting hours by team would be great. - Amara"
FB-02843,2026-06-18 18:49:03,app_store,ACC-0172,1.0,the android app crashes when i open the week view.
FB-02845,2026-06-18 18:49:33,nps_survey,ACC-0145,3.0,The mobile app is so slow it is unusable on older phones.
FB-02838,2026-06-18 18:55:54,support_ticket,ACC-0373,,"Hello, Our team of 12 people relies on Tempo. Office 365 sync fails with an error whenever I reconnect. Please fix this asap. Thanks, Lukas"
FB-02854,2026-06-18 19:45:05,nps_survey,ACC-0333,2.0,The Pro plan now costs more than tools that do much more.
FB-02841,2026-06-18 19:45:07,support_ticket,ACC-0346,,"Hey there, Tempo is central to how we plan our week. Deleted meetings keep coming back after every sync. - Lukas"
FB-02857,2026-06-18 19:49:31,support_ticket,ACC-0135,,"Hi team, The reminder spam is making people ignore Tempo entirely. Please fix this asap. - Jonas"
FB-02855,2026-06-18 20:23:49,app_store,ACC-0009,3.0,Can you conenct Tempo with Microsoft Teams for meeting links. Thanks!
FB-02851,2026-06-18 21:17:00,sales_call,ACC-0557,,"Call notes (Harbor Foods 44): the IT director said ""Please add SCIM provisioning so IT can manage users from Google Workspace."""
FB-02850,2026-06-18 21:39:22,app_store,ACC-0390,4.0,"Dark mode please, the white screen hurts my eyes. Would really appreciate it."
FB-02866,2026-06-18 21:57:09,nps_survey,ACC-0101,9.0,Super clean interface and very intuitive.
FB-02848,2026-06-18 21:59:01,app_store,ACC-0175,5.0,any plans for a dark theme? every other app has one.
FB-02869,2026-06-19 07:04:01,nps_survey,ACC-0002,5.0,Tapping an event freezes the Android app.
FB-02868,2026-06-19 07:20:05,community,ACC-0139,,The Android app is so slow it is unusable on older phones.
FB-02879,2026-06-19 07:37:53,nps_survey,ACC-0568,3.0,I cannot turn off the daily digest emails.
FB-02871,2026-06-19 08:17:41,nps_survey,ACC-0142,8.0,Add a night mode otpion to the Android app.
FB-02885,2026-06-19 10:53:34,app_store,ACC-0554,5.0,Our whole company switched and nobody looked back.
FB-02875,2026-06-19 11:13:08,support_ticket,ACC-0153,,"Hi team, Our team of 5 people relies on Tempo. There is no way to see two time zones side by side when scheduling. Best, Omar"
FB-02878,2026-06-19 11:33:49,support_ticket,ACC-0439,,"Hi Tempo support, We use Tempo every day. Every calendar change triggers an email to the whole team. Very annoying. Thanks, Jonas"
FB-02883,2026-06-19 12:27:40,nps_survey,ACC-0219,10.0,Love how easy it is to find a time that works for everyone.
FB-02867,2026-06-19 12:53:29,support_ticket,ACC-0071,,"Hi Tempo support, We use Tempo every day. The app hangs for ten seconds before shoiwng my schedule. Not happy about this. Best, Lukas"
FB-02873,2026-06-19 14:11:32,app_store,ACC-0048,3.0,the new per-seat price is too expensive for a small team. please fix this asap.
FB-02872,2026-06-19 18:34:54,sales_call,ACC-0296,,"Call notes (Green Systems 51): the office manager said ""Our security team requires SSO with Okta."" Ohterwise very happy with the product."
FB-02884,2026-06-19 18:45:09,app_store,ACC-0535,5.0,The booking links alone are worth it. Keep up the great work!
FB-02881,2026-06-19 18:52:29,app_store,ACC-0338,5.0,Best scheduling tool we have used. Five satrs.
FB-02882,2026-06-19 18:58:17,nps_survey,ACC-0002,9.0,Love how easy it is to find a time that works for everyone.
FB-02876,2026-06-19 19:29:26,app_store,ACC-0386,1.0,Meeting times are wrong when attendees are in different time zones. Please fix this asap.
FB-02880,2026-06-19 20:09:59,support_ticket,ACC-0454,,"Hi Tempo support, I cannot delete a single instance of a repeating event anymore. Please fix this asap. Thanks, Omar"
FB-02874,2026-06-19 20:23:34,nps_survey,ACC-0478,1.0,The price increase does not feel justified.
FB-02870,2026-06-19 20:34:24,app_store,ACC-0487,4.0,Dark mode is the only thing missing for me. Is this on the rodamap?
FB-02877,2026-06-19 20:56:10,nps_survey,ACC-0592,2.0,I cannot turn off the daily digest emails.
FB-02895,2026-06-20 08:07:24,app_store,ACC-0237,1.0,recurring standups now show up on the wrong weekday after the redesign. please fix this asap.
FB-02893,2026-06-20 08:09:37,app_store,ACC-0055,2.0,Please let me mute notifications for specific calendars.
FB-02886,2026-06-20 11:45:50,support_ticket,ACC-0351,,"Hi Tempo support, Scrolling the calendar on mobile is laggy and slow. - Priya"
FB-02887,2026-06-20 12:19:03,app_store,ACC-0261,3.0,The Android app takes forever to load.
FB-02891,2026-06-20 13:17:12,support_ticket,ACC-0097,,"Hey there, Tepmo is central to how we plan our week. The reminder spam is making people ignore Tempo entirely. Please fix this asap. Best, Maria"
FB-02888,2026-06-20 14:25:25,app_store,ACC-0074,4.0,Would love a dark theme for late night planning. Thanks in advance.
FB-02889,2026-06-20 17:23:44,support_ticket,ACC-0107,,"Hello, Tempo is central to how we plan our week. My time zone setting resets every time I travel. This is relaly frustrating. - Priya"
FB-02892,2026-06-20 18:42:34,support_ticket,ACC-0467,,"Hi team, Push notifications arrive late or twice. Hope this gets fixed soon. - Deniz"
FB-02894,2026-06-20 19:26:25,support_ticket,ACC-0575,,"Hello, We use Tempo every day. Recurring standups now show up on the wrong weekday after the redesign. Hope this gets fixed soon."
FB-02890,2026-06-20 19:57:35,app_store,ACC-0365,4.0,An integration with Slack is the main thing missing for our team.
FB-02905,2026-06-21 07:34:49,app_store,ACC-0511,5.0,Our finance team needs a monthly utilziation report. Is this on the roadmap?
FB-02903,2026-06-21 10:21:42,sales_call,ACC-0270,,"Call notes (Blue Studio 6): the IT director said ""My time zone setting resets every time I travel."" Renewal is in 3 weeks."
FB-02899,2026-06-21 11:01:35,community,ACC-0580,,"+1 for this: The bright interface is painful at night, we need a dark mode. Would really appreciate it."
FB-02900,2026-06-21 11:23:45,app_store,ACC-0442,4.0,please add a dark mode.
FB-02904,2026-06-21 11:24:29,community,ACC-0210,,Feature request: A Slack bot that posts the daily agenda would be amazing.
FB-02901,2026-06-21 11:37:11,nps_survey,ACC-0244,2.0,Billing us for inactive setas is unfair.
FB-02902,2026-06-21 12:33:16,support_ticket,ACC-0502,,Meeting times are wrong when attendees are in different time zones. Hope this gets fixed soon. - Amara
FB-02896,2026-06-21 12:37:38,app_store,ACC-0379,1.0,Sync keeps creating duplicate events on my calendar. Please fix this asap.
FB-02898,2026-06-21 13:25:18,support_ticket,ACC-0304,,"Hi Tempo support, Please add a dark mode. Also, can we get analytics on meeting load per person. Thanks in advance. Best, Priya"
FB-02907,2026-06-21 19:31:33,community,ACC-0558,,"Recurring standups now show up on the wrong weekday after the redesign. Also, we missed a client call because the invite never synced to Outlook."
FB-02906,2026-06-21 20:54:27,app_store,ACC-0113,1.0,"No guidance during setup, I did not know where to start."
FB-02897,2026-06-21 21:42:37,app_store,ACC-0393,1.0,The Android app is so slow it is unusable on older phones.
FB-02911,2026-06-22 07:20:42,sales_call,ACC-0316,,"Call notes (Bright Health 60): the head of RevOps said ""I would honestly pay extra for a dark mode."" Renewal is in 3 weeks."
FB-02908,2026-06-22 12:50:29,support_ticket,ACC-0221,,"Hey there, I have been a customer for 24 months. Calendar sync is completely unreliable again. This is really frustrating."
FB-02918,2026-06-22 13:15:03,community,ACC-0584,,Shoutout: Tempo saves me hours every week. Five stars.
FB-02919,2026-06-22 14:56:07,nps_survey,ACC-0433,10.0,Great product and the support team is very responsive.
FB-02910,2026-06-22 15:05:29,community,ACC-0570,,feature request: please follow the system dark theme on android. is this on the roadmap?
FB-02914,2026-06-22 15:11:41,app_store,ACC-0065,1.0,Please let me mute notifications for specific calendars.
FB-02915,2026-06-22 15:29:26,support_ticket,ACC-0077,,"Hey there, Tempo is central to how we plan our week. Can we get analyitcs on meeting load per person. Is this on the roadmap? Best, Jonas"
FB-02912,2026-06-22 16:03:34,nps_survey,ACC-0124,6.0,The scheduler keeps showing GMT instead of my local time.
FB-02920,2026-06-22 20:09:50,community,ACC-0024,,Shoutout: The team availability view is fantastic. Keep up the great work!
FB-02909,2026-06-22 20:12:48,nps_survey,ACC-0440,5.0,The app freezes every time I switch calendars on my Pixel.
FB-02916,2026-06-22 20:39:30,community,ACC-0192,,I cannot delete a single instance of a repeating event anymore. Please fix this asap.
FB-02913,2026-06-22 21:16:27,nps_survey,ACC-0464,4.0,Invites to our Sao Paulo office arrive with the wrong time.
FB-02917,2026-06-22 21:58:43,support_ticket,ACC-0592,,"Hello, I cannot delete a single instance of a repeating event anymore. Please fix this asap."
FB-02937,2026-06-23 07:16:57,app_store,ACC-0215,2.0,Weekly recurring meetings disappear after the fourth week. Very annoying.
FB-02941,2026-06-23 07:33:40,support_ticket,ACC-0078,,"Hi Tempo support, Tempo is central to how we plan our week. Great product and the support team is very responsive. - Omar"
FB-02938,2026-06-23 08:03:51,app_store,ACC-0148,3.0,The repeat every other week option is broken. Very annoying.
FB-02939,2026-06-23 09:35:57,nps_survey,ACC-0541,0.0,Changing one recurring meeting creates extra copies of the whole series.
FB-02933,2026-06-23 10:17:41,app_store,ACC-0111,3.0,The new per-seat price is too expensive for a small team. Very annoying.
FB-02931,2026-06-23 10:19:43,sales_call,ACC-0137,,"Call notes (Green Works 44): the security lead said ""Signle sign-on with Google Workspace is a hard requirement for us."""
FB-02936,2026-06-23 11:49:33,nps_survey,ACC-0436,2.0,The first-time setup does not explain how anything works.
FB-02928,2026-06-23 12:06:55,nps_survey,ACC-0256,7.0,Add a night mode option to the mobile app.
FB-02927,2026-06-23 12:19:46,nps_survey,ACC-0595,4.0,It keeps crashing on startup after the last mobile update.
FB-02924,2026-06-23 12:57:57,app_store,ACC-0535,2.0,The iOS app takes forever to load. Please fix this asap.
FB-02943,2026-06-23 14:08:09,community,ACC-0071,,Best scheduling tool we have used.
FB-02930,2026-06-23 14:34:47,app_store,ACC-0136,3.0,Any plans for a dark theme? every other app has one.
FB-02929,2026-06-23 15:13:55,support_ticket,ACC-0483,,"Hello, Our team of 25 people relies on Tempo. Please add a dark mode. Would really appreciate it. Thanks, Omar"
FB-02942,2026-06-23 16:09:39,community,ACC-0514,,"Super clean interface and very intuitive. Also, export to Excel would save me hours every month."
FB-02940,2026-06-23 16:56:53,app_store,ACC-0203,3.0,Recurring standups now show up on the wrong weekday atfer the redesign.
FB-02926,2026-06-23 19:29:25,sales_call,ACC-0135,,"Call notes (Lucky Analytics): the security lead said ""The mobile app drains my battery."" They mentioned evaluating competitors."
FB-02934,2026-06-23 19:36:51,support_ticket,ACC-0552,,"Hey there, My time zone setting rseets every time I travel."
FB-02932,2026-06-23 20:29:58,support_ticket,ACC-0434,,"Hi team, We use Tempo every day. A 20 percent price jump with no new features is frustrating. This is really frustrating. Best, Chen"
FB-02923,2026-06-23 20:35:54,sales_call,ACC-0185,,"Call notes (Blue Studio): the head of RevOps said ""The app freezes every time I switch calendars on my tablet."" They mentioned evaluating competitors."
FB-02944,2026-06-23 20:57:27,community,ACC-0128,,"Shoutout: Our whole company switched and nobody looked back. Also, it took me an hour of setup to figure out how to invite my team."
FB-02925,2026-06-23 21:00:10,community,ACC-0256,,Anyone else seeing this? Tapping an event freezes the iOS app. This is really frustrating.
FB-02921,2026-06-23 21:16:02,nps_survey,ACC-0449,5.0,Every event from iCloud now shows up twice.
FB-02922,2026-06-23 21:24:39,app_store,ACC-0079,1.0,Performance on my Samsung phone is terrible compared to the web version. Not happy about this.
FB-02935,2026-06-23 21:48:43,support_ticket,ACC-0170,,"Hey there, We use Tempo every day. Every calendar change triggers an email to the whole team. Best, Amara"
FB-02946,2026-06-24 07:30:33,support_ticket,ACC-0069,,"Hi team, It keeps crsahing on startup after the last mobile update. Very annoying. Thanks, Deniz"
FB-02954,2026-06-24 07:37:54,nps_survey,ACC-0368,1.0,We are cosnidering switching because Tempo got too pricey.
FB-02965,2026-06-24 07:58:46,community,ACC-0320,,Feature request: Please add an API endpoint for exporting events.
FB-02958,2026-06-24 09:34:34,app_store,ACC-0503,5.0,we would love to schedule meetings directly from microsoft teams. would really appreciate it.
FB-02955,2026-06-24 10:59:53,app_store,ACC-0007,1.0,we are considering switching because tempo got too pricey. not happy about this.
FB-02967,2026-06-24 11:13:36,nps_survey,ACC-0202,9.0,Best scheduling tool we have used.
FB-02963,2026-06-24 12:13:55,app_store,ACC-0142,5.0,Export to Excel would save me hours every month.
FB-02947,2026-06-24 12:53:51,support_ticket,ACC-0045,,"Our team of 25 people relies on Tempo. Tapping an event freezes the iOS app. Please fix this asap. Best, Amara"
FB-02950,2026-06-24 14:07:10,support_ticket,ACC-0489,,"Hi Tempo support, Please add a dark mode. Is this on the roadmap? Best, Aamra"
FB-02948,2026-06-24 14:08:23,app_store,ACC-0441,1.0,The mobile app is so slow it is unusable on older phones. This is really frustrating.
FB-02956,2026-06-24 14:53:48,app_store,ACC-0333,3.0,my time zone setting resets every time i travel. please fix this asap.
FB-02966,2026-06-24 15:26:13,support_ticket,ACC-0017,,"Hello, Great product and the support team is very responsive. - Chen"
FB-02962,2026-06-24 15:31:52,nps_survey,ACC-0116,6.0,"I get three reminders for every single meeting. Also, we need SAML single sign-on before we can roll out to more teams."
FB-02957,2026-06-24 15:32:09,sales_call,ACC-0069,,"Call notes (Bold Labs): the office manager said ""Invites to our Sydney office arrive with the wrong time."""
FB-02949,2026-06-24 15:35:59,community,ACC-0362,,Bug report: Scrolling the calendar on Android is laggy and slow.
FB-02951,2026-06-24 15:40:43,app_store,ACC-0453,5.0,i would honestly pay extra for a dark mode. thanks in advance.
FB-02953,2026-06-24 16:15:07,nps_survey,ACC-0357,0.0,Hard to justify the cost to my manager after the price increase.
FB-02961,2026-06-24 17:35:24,nps_survey,ACC-0107,1.0,The reminder spam is making people ignore Tempo entirely.
FB-02959,2026-06-24 19:00:43,community,ACC-0514,,+1 for this: can you connect tempo with microsoft teams for meeting links.
FB-02945,2026-06-24 20:17:33,support_ticket,ACC-0017,,"Hi team, Our team of 150 people relies on Tempo. Sync keeps creating duplicate events on my calendar. - Amara"
FB-02952,2026-06-24 20:53:42,support_ticket,ACC-0275,,"Hi Tempo support, Our team of 150 people relies on Tempo. Any plans for a dark theme? every other app has one. Thanks, Chen"
FB-02968,2026-06-24 20:55:04,nps_survey,ACC-0299,10.0,The booking links alone are worth it.
FB-02960,2026-06-24 21:45:15,app_store,ACC-0499,4.0,We would love to schedule meetings directly from Slack. Is this on the roadmap?
FB-02964,2026-06-24 21:48:44,support_ticket,ACC-0202,,"Hello, I have been a customer for 6 months. Can we get analytics on meeting load per person. Thanks in advance."
FB-02984,2026-06-25 08:08:52,app_store,ACC-0171,1.0,It is confusing which time zone the booking link uses. Hope this gets fixed soon.
FB-02969,2026-06-25 08:10:06,community,ACC-0255,,Sync keeps creating duplciate events on my calendar. This is really frustrating.
FB-02979,2026-06-25 09:17:20,nps_survey,ACC-0374,0.0,The new per-seat price is too expensive for a small team.
FB-02972,2026-06-25 09:44:16,community,ACC-0273,,[Bug] Scrolling the calendar on moible is laggy and slow. This is really frustrating.
FB-02985,2026-06-25 10:30:00,sales_call,ACC-0101,,"Call notes (Blue Capital 93): the IT director said ""Meeting times are wrong when attendees are in different time zones."" Otherwise very happy with the product."
FB-02983,2026-06-25 10:39:26,community,ACC-0038,,Feedback: Invites to our London office arrive with the wrong time.
FB-02995,2026-06-25 11:31:10,app_store,ACC-0436,5.0,the team availability view is fantastic. keep up the great work!
FB-02993,2026-06-25 12:05:17,community,ACC-0520,,"Small thing, but Our new hires get lost in the onboarding flow."
FB-02981,2026-06-25 12:16:13,app_store,ACC-0241,3.0,Paying per seat makes no sense for occsaional users. Very annoying.
FB-02992,2026-06-25 13:44:22,support_ticket,ACC-0199,,"Hello, We use Tempo every day. I would like a report of how much time the team spends in meetings. Is this on the roadmap? Best, Amara"
FB-02980,2026-06-25 14:55:50,support_ticket,ACC-0434,,"Hi Tempo support, A 20 percent price jump with no new features is frustrating. Also, the app freezes every time I switch calendars on my tablet. Best, Amara"
FB-02978,2026-06-25 15:15:14,app_store,ACC-0460,5.0,Would love a dark theme for late night planning.
FB-02974,2026-06-25 15:38:42,nps_survey,ACC-0430,7.0,"Please follow the system dark theme on iOS. Also, a 20 percent price jump with no new features is frustrating."
FB-02988,2026-06-25 16:01:32,app_store,ACC-0434,4.0,A Microsoft Teams bot that posts the daily agenda would be amazing.
FB-02989,2026-06-25 16:10:57,app_store,ACC-0209,4.0,Please add a Slack integration so reminders show up in our channels.
FB-02986,2026-06-25 17:16:18,support_ticket,ACC-0085,,"Meeting times are wrong when attendees are in different time zones. This is really frustrating. Best, Omar"
FB-02977,2026-06-25 17:47:51,app_store,ACC-0213,3.0,Dark mode is the only thing missing for me. Would really appreciate it.
FB-02990,2026-06-25 18:12:49,community,ACC-0049,,"small thing, but way too many email notifications, i am drowning in reminders. this is really frustrating."
FB-02996,2026-06-25 18:14:03,community,ACC-0267,,"Simple, fast and reliable, exactly what we needed. Thank you!"
FB-02991,2026-06-25 18:45:05,app_store,ACC-0025,2.0,I get three reminders for every single meeting.
FB-02973,2026-06-25 19:09:05,app_store,ACC-0315,3.0,"Dark mode please, the white screen hurts my eyes. Is this on the roamdap?"
FB-02982,2026-06-25 20:08:30,sales_call,ACC-0112,,"Call notes (Summit Analytics 23): the head of RevOps said ""Billing us for inactive seats is unfair."" Renewal is in 8 weeks."
FB-02987,2026-06-25 20:17:23,support_ticket,ACC-0065,,"Tempo is central to how we plan our week. There is no way to see two time zones side by side when scheduling. Also, single sign-on with Okta is a hard requirement for us. Please fix this asap. Best, Amara"
FB-02975,2026-06-25 20:38:01,community,ACC-0080,,Idea: Dark mode is the only thing missing for me.
FB-02971,2026-06-25 21:10:03,nps_survey,ACC-0167,2.0,It keeps crashing on startup after the last Android update.
FB-02976,2026-06-25 21:28:15,nps_survey,ACC-0551,8.0,Please add a dark mode.
FB-02994,2026-06-25 21:41:02,community,ACC-0215,,"Anyone else seeing this? The new recurring event editor will not let me set custom repeats. Also, I would like a report of how much time the team spends in meteings. Not happy about this."
FB-02970,2026-06-25 21:50:31,app_store,ACC-0094,1.0,The app freezes every time I switch calendars on my iPhone.
FB-03004,2026-06-26 07:20:07,app_store,ACC-0400,4.0,any plans for a dark theme? every other app has one. thanks in advance.
FB-03006,2026-06-26 07:33:33,app_store,ACC-0596,4.0,"The bright interface is painful at night, we need a dark mode."
FB-02999,2026-06-26 07:47:55,sales_call,ACC-0217,,"Call notes (Green Digital 26): the VP of Operations said ""The iOS app crashes when I open the week view."" Renewal is in 3 weeks."
FB-03014,2026-06-26 09:37:28,community,ACC-0021,,Shoutout: Best scheduling tool we have used. Thank you!
FB-03008,2026-06-26 09:53:40,support_ticket,ACC-0399,,"Hi Tempo support, Set my Slack status automatically when I am in a meeting. Would really appreciate it."
FB-03012,2026-06-26 10:31:13,app_store,ACC-0259,4.0,A dashboard showing meeting hours by team would be great. Thanks in advance.
FB-03013,2026-06-26 12:45:04,app_store,ACC-0098,4.0,Export to Excel would save me hours every month. Would really appreciate it.
FB-03005,2026-06-26 13:37:45,nps_survey,ACC-0195,8.0,Add a night mode option to the iOS app.
FB-03011,2026-06-26 15:39:39,support_ticket,ACC-0296,,"Hi Tempo support, Our team of 150 people relies on Tempo. The reminder spam is making people ignore Tempo entirely. Best, Priya"
FB-03003,2026-06-26 15:46:41,support_ticket,ACC-0294,,"Hi Tempo support, I have been a customer for 3 months. Please follow the system dark theme on Anrdoid."
FB-02998,2026-06-26 16:31:16,app_store,ACC-0091,3.0,The mobile app is so slow it is unusable on older phones. Not happy about this.
FB-02997,2026-06-26 18:01:19,nps_survey,ACC-0320,4.0,Meetings I create in Tempo never make it to Google.
FB-03002,2026-06-26 18:45:12,community,ACC-0533,,+1 for this: I would honestly pay extra for a dark mode. Thanks!
FB-03010,2026-06-26 19:25:04,support_ticket,ACC-0394,,"Hi Tempo support, I get three reminders for every single meeting. - Joans"
FB-03007,2026-06-26 19:38:11,nps_survey,ACC-0092,6.0,"Meeting times are wrong when attendees are in different time zones. Also, we are considering switching because Tempo got too pricey."
FB-03009,2026-06-26 20:31:47,app_store,ACC-0459,2.0,I get three reminders for every single meeting. Please fix this asap.
FB-03000,2026-06-26 20:43:16,app_store,ACC-0038,2.0,Tapping an event freezes the Android app. Not happy about this.
FB-03001,2026-06-26 21:30:45,community,ACC-0157,,Feature request: Any plans for a dark theme? every other app has one. Thanks!
FB-03018,2026-06-27 07:47:36,community,ACC-0546,,Feedback: Meeting times are wrong when attendees are in different time zones. Please fix this asap.
FB-03016,2026-06-27 08:13:12,support_ticket,ACC-0296,,Tempo is central to how we plan our week. The Android app crahses when I open the week view. This is really frustrating. - Kate
FB-03020,2026-06-27 10:33:40,nps_survey,ACC-0073,0.0,The repeat every other week option is broken.
FB-03017,2026-06-27 13:18:16,community,ACC-0382,,Bug report: The app hangs for ten seconds before showing my schedule. Very annoying.
FB-03021,2026-06-27 13:55:26,app_store,ACC-0246,5.0,"Simple, fast and reliable, exatcly what we needed."
FB-03015,2026-06-27 15:54:58,community,ACC-0130,,Anyone else seeing this? The Android app is so slow it is unusable on older phoens. Hope this gets fixed soon.
FB-03019,2026-06-27 16:33:55,support_ticket,ACC-0316,,"Hi Tempo support, Our team of 80 people relies on Tempo. Invites to our Sao Paulo office arrive with the wrong time. Very annoying. Thanks, Maria"
FB-03022,2026-06-27 21:58:32,app_store,ACC-0212,5.0,the team availability view is fantastic. keep up the great work!
FB-03025,2026-06-28 07:53:59,support_ticket,ACC-0514,,"Hi Tempo support, We live in Slack, getting alerts there would help a lot."
FB-03028,2026-06-28 08:49:25,nps_survey,ACC-0179,0.0,Onboarding is confusing for anyone who is not technical.
FB-03024,2026-06-28 09:43:38,support_ticket,ACC-0317,,We use Tempo every day. It is confusing which time zone the booking link uses. Very annoying. - Deniz
FB-03027,2026-06-28 10:18:36,support_ticket,ACC-0028,,"Our team of 25 people relies on Tempo. Please add an API endpoint for exporting events. Would really appreciate it. Best, Chen"
FB-03026,2026-06-28 13:38:47,support_ticket,ACC-0587,,"Hi Tempo support, The reminder spam is making people ignore Tempo entirely. This is really frustrating."
FB-03029,2026-06-28 14:04:44,community,ACC-0121,,Super clean interface and very intuitive.
FB-03023,2026-06-28 18:17:21,support_ticket,ACC-0566,,"Our team of 150 people relies on Tempo. The Pro plan now costs more than tools that do much more. Hope this gets fixed soon. Thanks, Jonas"
FB-03030,2026-06-29 07:24:38,app_store,ACC-0040,2.0,The app freezes every time I switch calendars on my Pixel.
FB-03045,2026-06-29 09:38:21,sales_call,ACC-0588,,"Call notes (Maple Robotics 64): the office manager said ""We would love to schedule meetings driectly from Slack."" They mentioned evaluating competitors."
FB-03043,2026-06-29 09:47:08,nps_survey,ACC-0449,3.0,We are considering switching because Tempo got too pricey.
FB-03046,2026-06-29 10:20:08,nps_survey,ACC-0140,6.0,"An integration with Slack is the main thing missing for our team. Also, please offer a cheaper plan for nonprofits."
FB-03053,2026-06-29 11:10:21,app_store,ACC-0570,1.0,the new recurring event editor will not let me set custom repeats. very annoying.
FB-03048,2026-06-29 11:18:51,support_ticket,ACC-0144,,"Hi team, I have been a customer for 24 months. Please add an API endpoint for exporting events. - Priya"
FB-03037,2026-06-29 12:01:06,nps_survey,ACC-0085,5.0,I would honestly pay extra for a dark mode.
FB-03038,2026-06-29 12:42:01,app_store,ACC-0292,3.0,would love a dark tehme for late night planning.
FB-03052,2026-06-29 12:51:58,nps_survey,ACC-0549,2.0,The new recurring event editor will not let me set csutom repeats.
FB-03034,2026-06-29 13:05:28,community,ACC-0079,,Feature request: Any plans for a dark theme? every other app has one. Is this on the roadmap?
FB-03031,2026-06-29 13:18:27,nps_survey,ACC-0150,2.0,It keeps crashing on startup after the last Android update.
FB-03044,2026-06-29 13:45:03,app_store,ACC-0325,4.0,We would love to schdeule meetings directly from Slack.
FB-03039,2026-06-29 14:13:41,support_ticket,ACC-0131,,"Hey there, Any plans for a dark theme? every other app has one. Thanks in advance. Thanks, Jonas"
FB-03042,2026-06-29 15:01:14,nps_survey,ACC-0459,5.0,Paying per seat makes no sense for occasional users.
FB-03051,2026-06-29 15:53:51,app_store,ACC-0287,2.0,It took me an hour of setup to figure out how to invite my team. Please fix this asap.
FB-03032,2026-06-29 18:11:16,support_ticket,ACC-0245,,"Hi Tempo support, I have been a customer for 6 months. The app hangs for ten seconds before showing my schedule. Please fix this asap."
FB-03049,2026-06-29 18:16:01,support_ticket,ACC-0323,,"Hi team, Tempo is central to how we plan our week. Can we get analytics on meeting load per person. Is this on the roadmap?"
FB-03033,2026-06-29 18:39:10,community,ACC-0014,,+1 for this: Would love a dark theme for late night planning.
FB-03035,2026-06-29 19:18:20,support_ticket,ACC-0572,,We use Tempo every day. Any plans for a dark tehme? every other app has one. Is this on the roadmap?
FB-03047,2026-06-29 19:53:10,nps_survey,ACC-0541,6.0,I get three reminders for every single meeting.
FB-03054,2026-06-29 20:04:23,support_ticket,ACC-0146,,"Hello, Our whole company switched and nobody looked back. Best, Kate"
FB-03040,2026-06-29 20:50:17,support_ticket,ACC-0348,,"Hey there, IT wants to manage access through OneLogin, is SSO on the roadmap. Is this on the roadmap?"
FB-03050,2026-06-29 21:23:26,nps_survey,ACC-0376,8.0,Export to Excel would save me hours every month.
FB-03041,2026-06-29 21:36:19,nps_survey,ACC-0221,3.0,We are considering switching because Tempo got too pricey.
FB-03036,2026-06-29 21:55:46,community,ACC-0216,,+1 for this: Add a night mode option to the Android app.
FB-03055,2026-06-30 08:02:51,nps_survey,ACC-0324,2.0,The iOS app takes forever to load.
FB-03068,2026-06-30 09:01:52,nps_survey,ACC-0280,5.0,The setup wizard skipped steps and left my workspace half configured.
FB-03063,2026-06-30 09:52:13,app_store,ACC-0108,3.0,Paying per seat makes no sense for occasional users. This is really frustrating.
FB-03070,2026-06-30 10:12:29,community,ACC-0166,,love how easy it is to find a time that works for everyone. thank you!
FB-03058,2026-06-30 10:37:48,support_ticket,ACC-0416,,"Hi Tempo support, Add a night mode option to the Android app. Would really appreciate it. Best, Chen"
FB-03062,2026-06-30 10:54:27,sales_call,ACC-0156,,"Call notes (Lucky Media 84): the VP of Operations said ""Please add SCIM provisioning so IT can manage users from Azure AD."" Renewal is in 2 weeks."
FB-03069,2026-06-30 11:30:57,community,ACC-0347,,"Shoutout: Simple, fast and reliable, exactly what we needed. Keep up the great work!"
FB-03061,2026-06-30 11:57:51,community,ACC-0595,,Dark mode is the only thing msising for me. Thanks in advance.
FB-03059,2026-06-30 13:06:03,app_store,ACC-0284,3.0,Would love a dark theme for late night planning. Thanks!
FB-03067,2026-06-30 13:12:17,support_ticket,ACC-0221,,"Hi Tempo support, The reminder spam is making people ignore Tempo entirely. Please fix this asap. Thanks, Amara"
FB-03056,2026-06-30 15:07:06,app_store,ACC-0065,1.0,Scrolling the calendar on Android is laggy and slow. Not happy about this.
FB-03065,2026-06-30 15:18:54,community,ACC-0431,,Every calendar change triggers an email to the whole team. Very annoying.
FB-03064,2026-06-30 15:46:23,support_ticket,ACC-0173,,"Events shift by an hour after daylight saving time. Very annoying. Thanks, Sofia"
FB-03057,2026-06-30 18:48:29,support_ticket,ACC-0433,,"Hi Tempo support, We use Tempo every day. The bright interface is painful at night, we need a dark mode. Thanks in advance. - Sofia"
FB-03066,2026-06-30 20:01:00,nps_survey,ACC-0469,3.0,Every caelndar change triggers an email to the whole team.
FB-03060,2026-06-30 21:33:34,community,ACC-0180,,"+1 for this: Dark mode please, the white screen hurts my eyes. Would really appreciate it."
FB-03089,2026-07-01 07:04:17,app_store,ACC-0479,1.0,Onboarding is confusing for anyone who is not technical. This is really frustrating.
FB-03071,2026-07-01 08:33:38,sales_call,ACC-0135,,"Call notes (Lucky Analytics): the office manager said ""Performance on my Pixel is terrible compared to the web version."" Expansion to 25 more seats depends on this."
FB-03083,2026-07-01 08:44:10,community,ACC-0571,,Feature request: Set my Microsoft Teams status automatically when I am in a meeting.
FB-03091,2026-07-01 08:50:53,support_ticket,ACC-0076,,"Hey there, Setting up the workspace was confusing. Hope this gets fixed soon. Best, Sofia"
FB-03090,2026-07-01 09:09:01,nps_survey,ACC-0093,4.0,Onboarding is confusing for anyone who is not technical.
FB-03080,2026-07-01 10:25:25,support_ticket,ACC-0163,,"Hey there, Billing us for inactive seats is unfair. Best, Omar"
FB-03092,2026-07-01 10:26:39,support_ticket,ACC-0082,,"Hey there, Changing one recurring meeting creates extra copies of the whole series. This is really frustrating. - Maria"
FB-03086,2026-07-01 10:44:51,support_ticket,ACC-0059,,"Hey there, Our team of 40 people relies on Tempo. Way too many email notifications, I am drowning in reminders."
FB-03073,2026-07-01 10:55:40,app_store,ACC-0466,2.0,Tapping an event freezes the iOS app. Not happy about this.
FB-03074,2026-07-01 12:06:29,app_store,ACC-0120,1.0,Tapping an event freezes the mobile app.
FB-03079,2026-07-01 12:31:39,nps_survey,ACC-0276,2.0,A 20 percent price jump with no new features is frustrating.
FB-03095,2026-07-01 12:41:02,community,ACC-0306,,Shouotut: The booking links alone are worth it.
FB-03076,2026-07-01 13:06:35,nps_survey,ACC-0272,6.0,I would honestly pay extra for a dark mode.
FB-03081,2026-07-01 13:29:09,support_ticket,ACC-0280,,"Hey there, The new per-seat price is too expensive for a small team. Also, a dashboard showing meeting hours by team would be great. This is really frustrating. - Amara"
FB-03075,2026-07-01 13:40:27,community,ACC-0444,,Anyone else seeing this? Performance on my Pixel is terrible compared to the web version.
FB-03093,2026-07-01 13:50:32,app_store,ACC-0417,5.0,the team availability view is fantastic.
FB-03094,2026-07-01 15:42:14,app_store,ACC-0524,5.0,Tempo saves me hours every week. Keep up the great work!
FB-03084,2026-07-01 16:06:47,sales_call,ACC-0044,,"Call notes (Clear Foods): the IT director said ""An integration with Teams is the main thing missing for our team."" Otherwise very happy with the product."
FB-03087,2026-07-01 16:20:49,app_store,ACC-0142,3.0,Export to Excel would save me hours every month. Would really appreciate it.
FB-03078,2026-07-01 17:12:43,app_store,ACC-0441,1.0,Billing us for inactive seats is unfair. Very annoying.
FB-03077,2026-07-01 17:21:37,support_ticket,ACC-0557,,"Hi Tempo support, Our team of 25 people relies on Tempo. We cannot renew without SAML SSO and enforced login through OneLogin. Would really appreciate it. Best, Lukas"
FB-03085,2026-07-01 18:05:34,nps_survey,ACC-0078,3.0,Every calendar change triggers an email to the whole team.
FB-03082,2026-07-01 21:01:03,nps_survey,ACC-0114,6.0,Invites to our Syndey office arrive with the wrong time.
FB-03088,2026-07-01 21:27:41,app_store,ACC-0487,3.0,Onboarding is confusing for anyone who is not technical. Not happy about this.
FB-03072,2026-07-01 21:37:07,community,ACC-0441,,Anyone else seeing this? The mobile app crashes when I open the week view. Very annoying.
FB-03107,2026-07-02 07:00:26,support_ticket,ACC-0232,,"Hi team, Please offer a cheaper plan for nonprofits. Thanks, Priya"
FB-03120,2026-07-02 07:56:39,nps_survey,ACC-0346,9.0,"Simple, fast and reliable, exactly what we needed."
FB-03105,2026-07-02 08:16:59,app_store,ACC-0206,3.0,The new per-seat price is too expensive for a small team. This is raelly frustrating.
FB-03104,2026-07-02 08:39:10,community,ACC-0146,,Pricing feedback: Billing us for inactive seats is unfair.
FB-03122,2026-07-02 08:43:58,nps_survey,ACC-0274,10.0,Tempo saves me hours every week.
FB-03100,2026-07-02 09:11:44,nps_survey,ACC-0459,7.0,"The brgiht interface is painful at night, we need a dark mode."
FB-03102,2026-07-02 09:19:03,support_ticket,ACC-0274,,"Hey there, Single sign-on with Enrta ID is a hard requirement for us. Is this on the roadmap?"
FB-03103,2026-07-02 10:45:45,nps_survey,ACC-0470,6.0,Billing us for inactive seats is unfair.
FB-03099,2026-07-02 10:53:18,support_ticket,ACC-0284,,"Dark mode please, the wihte screen hurts my eyes. Thanks, Maria"
FB-03117,2026-07-02 11:05:47,app_store,ACC-0571,3.0,Onboarding is confusing for anyone who is not technical. Please fix this asap.
FB-03114,2026-07-02 11:14:41,community,ACC-0366,,I cannot turn off the daily digest emails. Hope this gets fixed soon.
FB-03112,2026-07-02 11:41:32,support_ticket,ACC-0582,,"Hello, I have been a customer for 24 months. I cannot turn off the daily digest emails. This is really frustrating."
FB-03101,2026-07-02 11:52:43,support_ticket,ACC-0209,,"Hey there, Tempo is central to how we plan our week. Dark mode please, the white screen hurts my eyes."
FB-03098,2026-07-02 12:26:42,community,ACC-0561,,+1 for this: Please add a dark mode. Would really appreciate it.
FB-03115,2026-07-02 12:57:03,app_store,ACC-0045,3.0,Please add an API endpoint for exporting events. Thanks in advance.
FB-03108,2026-07-02 13:00:19,support_ticket,ACC-0165,,"Hi Tempo support, It is confusing which time zone the booking link uses. Please fix this asap."
FB-03106,2026-07-02 13:13:16,sales_call,ACC-0217,,"Call notes (Green Digital 26): their CTO said ""The price incresae does not feel justified."""
FB-03111,2026-07-02 14:47:22,support_ticket,ACC-0478,,"Hey there, The reminder spam is making people ignore Tempo entirely. Hope this gets fixed soon. Best, Kate"
FB-03119,2026-07-02 15:41:48,app_store,ACC-0109,3.0,recurring standups now show up on the wrong weekday after the redesign.
FB-03097,2026-07-02 17:00:49,nps_survey,ACC-0537,7.0,I would honestly pay extra for a dark mode.
FB-03096,2026-07-02 17:05:42,nps_survey,ACC-0063,0.0,The Android app takes forever to load.
FB-03118,2026-07-02 17:19:01,community,ACC-0398,,[Bug] The repeat every other week option is broken.
FB-03109,2026-07-02 17:21:34,community,ACC-0087,,+1 for this: We would love to schedule meetings directly from Teams. Thanks!
FB-03116,2026-07-02 17:36:59,sales_call,ACC-0435,,"Call notes (North Logistics 63): their CTO said ""I would like a report of how much time the team spends in meetings."" Expansion to 150 more seats depends on this."
FB-03113,2026-07-02 19:27:39,app_store,ACC-0377,1.0,I cannot turn off the daily digest emails. This is really frustrating.
FB-03110,2026-07-02 20:18:31,support_ticket,ACC-0298,,"Hi Tempo support, Way too many email notifications, I am drowning in reminders. Best, Sofia"
FB-03121,2026-07-02 20:26:16,app_store,ACC-0399,5.0,Best scheduling tool we have used.
FB-03135,2026-07-03 07:35:03,support_ticket,ACC-0490,,"Hello, Missing SSO support is a blocker in our procurement review. Thanks, Sofia"
FB-03143,2026-07-03 07:41:10,nps_survey,ACC-0082,4.0,Onboarding is confusing for anyone who is not technical.
FB-03147,2026-07-03 08:12:49,app_store,ACC-0441,5.0,Great product and the support team is very responsive.
FB-03142,2026-07-03 08:32:32,nps_survey,ACC-0422,4.0,Onboarding is confusing for anyone who is not technical.
FB-03126,2026-07-03 08:45:22,app_store,ACC-0474,2.0,Tapping an event freezes the iOS app. This is really frustrating.
FB-03144,2026-07-03 09:03:36,support_ticket,ACC-0059,,"Hi team, We use Tempo every day. I cannot delete a single instance of a repeating event anymore. This is really frustrating. - Amara"
FB-03141,2026-07-03 09:42:32,nps_survey,ACC-0586,6.0,Please add an API endpoint for exporting events.
FB-03138,2026-07-03 10:17:55,support_ticket,ACC-0303,,"Hi team, I have been a customer for 3 months. A Slack bot that posts the daily agenda would be amazing. Thanks!"
FB-03133,2026-07-03 11:52:07,app_store,ACC-0251,4.0,Would love a dark theme for late night planning. Is this on the roadmap?
FB-03146,2026-07-03 11:58:55,app_store,ACC-0349,4.0,Best schedulnig tool we have used.
FB-03124,2026-07-03 13:50:00,app_store,ACC-0192,1.0,Scrolling the calendar on Android is laggy and slow. Please fix this asap.
FB-03128,2026-07-03 13:58:32,nps_survey,ACC-0008,7.0,"Dark mode is the only thing missing for me. Also, I cannot delete a single instance of a repeating event anymore."
FB-03123,2026-07-03 14:09:03,support_ticket,ACC-0142,,"Tempo is central to how we plan our week. Deleted meetings keep coming back after every sync. This is really frustrating. Best, Chen"
FB-03131,2026-07-03 14:18:22,nps_survey,ACC-0596,5.0,Any plans for a dark theme? every other app has one.
FB-03140,2026-07-03 15:29:44,nps_survey,ACC-0104,6.0,Every calendar change triggers an email to the whole team.
FB-03129,2026-07-03 15:38:11,app_store,ACC-0292,4.0,Add a night mode option to the Android app. Would really appreciate it.
FB-03134,2026-07-03 15:56:50,community,ACC-0506,,Add a nihgt mode option to the Android app. Would really appreciate it.
FB-03145,2026-07-03 15:58:24,app_store,ACC-0529,4.0,the booking links alone are worth it. keep up the great work!
FB-03130,2026-07-03 16:15:58,app_store,ACC-0193,3.0,I would honestly pay exrta for a dark mode.
FB-03127,2026-07-03 16:54:41,community,ACC-0005,,It keeps crashing on startup after the last Android update. Not happy about this.
FB-03125,2026-07-03 17:16:48,support_ticket,ACC-0274,,"Hello, We use Tempo every day. The Android app takes forever to load. Also, notification settings are too coarse, it is all or nothing. This is really frustrating. - Sofia"
FB-03132,2026-07-03 17:18:29,app_store,ACC-0054,4.0,please add a dark mode. would really appreciate it.
FB-03137,2026-07-03 17:54:13,nps_survey,ACC-0448,5.0,Hard to justify the cost to my manager afetr the price increase.
FB-03136,2026-07-03 21:03:09,community,ACC-0293,,Billing us for inactive seats is unfair. Please fix this asap.
FB-03139,2026-07-03 21:23:48,support_ticket,ACC-0276,,"Hi Tempo support, Set my Microsoft Teams status automatically when I am in a meeting. Thakns, Maria"
FB-03148,2026-07-04 09:07:20,support_ticket,ACC-0069,,"Hi team, Our team of 5 people relies on Tempo. We missed a client call because the invite never synced to Google Calendar. Not happy about this."
FB-03150,2026-07-04 10:55:33,nps_survey,ACC-0307,4.0,The Android app is so slow it is unusable on older phones.
FB-03153,2026-07-04 14:01:48,support_ticket,ACC-0069,,"Hey there, Our team of 80 people relies on Tempo. A 20 percent price jump with no new features is frustrating. Not happy about this."
FB-03151,2026-07-04 14:52:18,app_store,ACC-0384,4.0,Would love a dark theme for late night planning. Would really appreciate it.
FB-03149,2026-07-04 16:01:43,community,ACC-0510,,"Anyone else seeing this? The mobile app drains my battery. Also, we need to export meeting data to CSV. This is relaly frustrating."
FB-03155,2026-07-04 18:24:50,support_ticket,ACC-0586,,I have been a customer for 6 months. Our whole company switched and nobody looked back. Keep up the great work!
FB-03154,2026-07-04 19:47:17,support_ticket,ACC-0131,,"Hey there, I have been a customer for 18 months. We need to export meeting data to CSV. Would really appreciate it."
FB-03156,2026-07-04 20:03:08,app_store,ACC-0499,5.0,The booking links alone are worth it. Keep up the great work!
FB-03157,2026-07-04 20:28:27,nps_survey,ACC-0315,8.0,The bokoing links alone are worth it.
FB-03152,2026-07-04 20:31:18,support_ticket,ACC-0240,,"Hi team, Please add a dark mode. Is this on the roadmap?"
FB-03166,2026-07-05 10:06:05,support_ticket,ACC-0218,,"Hey there, Our team of 80 people relies on Tempo. Editing one occurrence changes the whole recurring series. Hope this gets fixed soon. Thanks, Kate"
FB-03163,2026-07-05 10:50:01,app_store,ACC-0160,1.0,"Way too many email notifications, I am drowning in reminders. Please fix this asap."
FB-03158,2026-07-05 13:14:55,support_ticket,ACC-0019,,"Hi Tempo support, Tempo is central to how we plan our week. The Android app takes forever to load. Also, please offer a cheaper plan for nonprofits. Very annoying. Thanks, Deniz"
FB-03167,2026-07-05 14:03:34,support_ticket,ACC-0086,,"Hi team, We use Tempo every day. Weekly recurring meetings disappear after the fifth week. - Chen"
FB-03162,2026-07-05 14:05:44,app_store,ACC-0504,2.0,Please let me mute notifications for specific calendars. Not happy about this.
FB-03168,2026-07-05 14:46:06,app_store,ACC-0478,2.0,Recurring standups now show up on the worng weekday after the redesign. Very annoying.
FB-03160,2026-07-05 16:29:45,nps_survey,ACC-0596,0.0,The Pro plan now costs more than tools that do much more.
FB-03164,2026-07-05 17:44:19,support_ticket,ACC-0426,,"Hello, A dashboard showing meeting hours by team would be great. Would really appreciate it. Best, Jonas"
FB-03169,2026-07-05 17:54:25,nps_survey,ACC-0424,10.0,"Love how easy it is to find a time that works for everyone. Also, onboarding is confusing for anyone who is not technical."
FB-03161,2026-07-05 18:01:31,app_store,ACC-0457,3.0,Can you connect Tempo with Slack for meeting links. Is this on the roadmap?
FB-03159,2026-07-05 18:12:37,sales_call,ACC-0298,,"Call notes (Harbor Logistics 48): their CTO said ""The mobile app takes forever to load."" Otherwise very happy with the product."
FB-03165,2026-07-05 18:30:48,support_ticket,ACC-0044,,"Hello, Tempo is central to how we plan our week. Please add an API endpoint for exporting events. Also, we missed a client call because the invite never synced to Google. Thanks in advance. Best, Omar"
FB-03170,2026-07-05 21:38:14,community,ACC-0013,,"Shoutout: Simple, fast and reliable, exactly what we needed."
